-- phpMyAdmin SQL Dump
-- version 4.8.4
-- https://www.phpmyadmin.net/
--
-- Servidor: localhost:3306
-- Tiempo de generación: 14-01-2019 a las 13:53:42
-- Versión del servidor: 5.5.60-MariaDB
-- Versión de PHP: 7.1.14

SET FOREIGN_KEY_CHECKS=0;
SET SQL_MODE = "NO_AUTO_VALUE_ON_ZERO";
SET AUTOCOMMIT = 0;
START TRANSACTION;
SET time_zone = "+00:00";


/*!40101 SET @OLD_CHARACTER_SET_CLIENT=@@CHARACTER_SET_CLIENT */;
/*!40101 SET @OLD_CHARACTER_SET_RESULTS=@@CHARACTER_SET_RESULTS */;
/*!40101 SET @OLD_COLLATION_CONNECTION=@@COLLATION_CONNECTION */;
/*!40101 SET NAMES utf8mb4 */;

--
-- Base de datos: `playdate_db`
--
/*CREATE DATABASE IF NOT EXISTS `playdate_db` DEFAULT CHARACTER SET utf8 COLLATE utf8_general_ci;
USE `playdate_db`;*/

-- --------------------------------------------------------

--
-- Estructura de tabla para la tabla `pd_activities`
--

DROP TABLE IF EXISTS `pd_activities`;
CREATE TABLE `pd_activities` (
  `id_activity` int(10) UNSIGNED NOT NULL,
  `name` varchar(255) NOT NULL,
  `order` int(10) UNSIGNED NOT NULL DEFAULT '0',
  `idate` datetime NOT NULL,
  `udate` datetime DEFAULT NULL
) ENGINE=InnoDB DEFAULT CHARSET=utf8;

--
-- Volcado de datos para la tabla `pd_activities`
--

INSERT INTO `pd_activities` (`id_activity`, `name`, `order`, `idate`, `udate`) VALUES
(1, 'Greeting and Introduction', 1, '2018-08-01 10:00:00', NULL),
(2, 'Facilitated Open Play Time', 2, '2018-08-01 10:00:00', NULL),
(3, 'Cognitive Group Learning', 3, '2018-08-01 10:00:00', NULL),
(4, 'Physical Group Learning', 4, '2018-08-01 10:00:00', NULL),
(5, 'Snack Time', 5, '2018-08-01 10:00:00', NULL),
(6, 'Meal Time', 6, '2018-08-01 10:00:00', NULL),
(7, 'Facilitated Group Game', 7, '2018-08-01 10:00:00', NULL),
(8, 'Story Time', 8, '2018-08-01 10:00:00', NULL),
(9, 'Supervised Travel', 9, '2018-08-01 10:00:00', NULL),
(10, 'Pick Up and Highlights', 10, '2018-08-01 10:00:00', NULL),
(11, 'Other', 11, '2018-08-01 10:00:00', NULL);

-- --------------------------------------------------------

--
-- Estructura de tabla para la tabla `pd_addons`
--

DROP TABLE IF EXISTS `pd_addons`;
CREATE TABLE `pd_addons` (
  `id_addon` int(10) UNSIGNED NOT NULL,
  `name` varchar(255) NOT NULL,
  `idate` datetime NOT NULL,
  `udate` datetime DEFAULT NULL,
  `order` int(10) UNSIGNED NOT NULL DEFAULT '0'
) ENGINE=InnoDB DEFAULT CHARSET=latin1;

--
-- Volcado de datos para la tabla `pd_addons`
--

INSERT INTO `pd_addons` (`id_addon`, `name`, `idate`, `udate`, `order`) VALUES
(1, 'Additional Travel', '2018-05-14 05:59:26', NULL, 1),
(2, 'Admissions and Tickets', '2018-05-14 05:59:26', NULL, 2),
(3, 'Additional Supplies', '2018-05-14 05:59:26', NULL, 3),
(4, 'Additional Food', '2018-05-14 05:59:26', NULL, 4),
(5, 'Rentals', '2018-05-14 05:59:26', NULL, 5),
(6, 'Entertainer', '2018-05-14 05:59:26', NULL, 6),
(7, 'Drop In Class', '2018-05-14 05:59:26', NULL, 7),
(8, 'Other', '2018-05-14 05:59:26', NULL, 8);

-- --------------------------------------------------------

--
-- Estructura de tabla para la tabla `pd_administrators`
--

DROP TABLE IF EXISTS `pd_administrators`;
CREATE TABLE `pd_administrators` (
  `id_administrator` int(10) UNSIGNED NOT NULL,
  `name` varchar(255) NOT NULL,
  `lastname` varchar(255) DEFAULT NULL,
  `username` varchar(255) DEFAULT NULL,
  `email` varchar(255) NOT NULL,
  `password` varchar(255) NOT NULL,
  `picture` varchar(255) DEFAULT NULL,
  `lastlogin` datetime DEFAULT NULL,
  `idate` datetime NOT NULL,
  `udate` datetime DEFAULT NULL
) ENGINE=InnoDB DEFAULT CHARSET=utf8;

--
-- Volcado de datos para la tabla `pd_administrators`
--

INSERT INTO `pd_administrators` (`id_administrator`, `name`, `lastname`, `username`, `email`, `password`, `picture`, `lastlogin`, `idate`, `udate`) VALUES
(1, 'Juan Carlos', 'Flórez', 'jflorezf', 'jflorezf@gmail.com', 'f0f0fdacaddb7e8b2dfb99377236517b', '/uploads/profile-jcflorez.jpg', NULL, '2018-08-15 10:00:00', '2018-09-17 00:14:08'),
(2, 'Susana', 'Arellano', 'sarellano', 'sarellano@agenda28.com', 'f0f0fdacaddb7e8b2dfb99377236517b', '/uploads/photo.jpg', NULL, '2018-08-15 21:18:52', '2018-10-25 18:01:16'),
(5, 'Jorge', 'Barrionuevo', 'jbarrionuevo', 'jbarrionuevo@airtouchmedia.com', 'f0f0fdacaddb7e8b2dfb99377236517b', '/uploads/images (4).jpg', NULL, '2018-08-16 03:42:42', '2018-09-17 08:06:02'),
(6, 'Pal', 'Playdate', 'amanda', 'amanda@playdatepal.com', 'f0f0fdacaddb7e8b2dfb99377236517b', '/uploads/Amanda-Final.png', NULL, '2018-08-27 15:16:14', '2018-09-21 21:08:13'),
(7, 'Zoe ', 'Lathan', 'zoe', 'zoe@playdatepal.com', 'afa0ced487c7f1be164699ec643512a5', '/uploads/IMG-3717 (1).JPG', NULL, '2018-08-27 23:03:28', '2018-09-17 18:22:03'),
(8, 'Andrea', 'Mirasol', 'andreamirasol', 'andrea@playdatepal.com', '6b604d1111cd7f686f3e416ae3a4a083', '/uploads/PAL LOGO for SIG.png', NULL, '2018-09-18 05:03:44', '2018-09-18 05:04:18'),
(9, 'Nicole', 'Raposo', 'nicole', 'nicole@playdatepal.com', '9e0fa543e42e930e4bff24251ac05bd8', '/uploads/4.png', NULL, '2018-09-18 19:47:40', '2018-10-18 00:46:20'),
(10, 'Susana', 'Arellano', 'susana', 'sarellano@agenda28.com', 'f0f0fdacaddb7e8b2dfb99377236517b', '', NULL, '2018-10-18 00:45:23', NULL),
(11, 'Courtney', 'Bernabei', 'courtney', 'courtney@playdatepal.com', 'f0f0fdacaddb7e8b2dfb99377236517b', '', NULL, '2018-10-23 16:43:41', NULL);

-- --------------------------------------------------------

--
-- Estructura de tabla para la tabla `pd_banners`
--

DROP TABLE IF EXISTS `pd_banners`;
CREATE TABLE `pd_banners` (
  `id_banner` int(10) UNSIGNED NOT NULL,
  `picture` varchar(255) NOT NULL,
  `type` int(10) UNSIGNED NOT NULL DEFAULT '1' COMMENT '1=playdate, 2=specialist, 3=group',
  `idate` datetime NOT NULL,
  `udate` datetime DEFAULT NULL
) ENGINE=InnoDB DEFAULT CHARSET=latin1;

--
-- Volcado de datos para la tabla `pd_banners`
--

INSERT INTO `pd_banners` (`id_banner`, `picture`, `type`, `idate`, `udate`) VALUES
(1, '/pictures/playdates/playdate1.jpg', 1, '2018-05-13 22:15:26', NULL),
(2, '/pictures/playdates/playdate2.jpg', 1, '2018-05-13 22:15:26', NULL),
(3, '/pictures/playdates/playdate3.jpg', 1, '2018-05-13 22:15:26', NULL),
(4, '/pictures/playdates/playdate4.jpg', 1, '2018-05-13 22:15:26', NULL),
(5, '/pictures/specialists/specialist1.png', 2, '2018-05-13 22:15:26', NULL),
(6, '/pictures/specialists/specialist2.png', 2, '2018-05-13 22:15:26', NULL),
(7, '/pictures/specialists/specialist3.png', 2, '2018-05-13 22:15:26', NULL),
(8, '/pictures/specialists/specialist4.png', 2, '2018-05-13 22:15:26', NULL),
(9, '/pictures/groups/group1.jpg', 3, '2018-05-13 22:15:26', NULL),
(10, '/pictures/groups/group2.jpg', 3, '2018-05-13 22:15:26', NULL),
(11, '/pictures/groups/group3.jpg', 3, '2018-05-13 22:15:26', NULL),
(12, '/pictures/groups/group4.jpg', 4, '2018-05-13 22:15:26', NULL);

-- --------------------------------------------------------

--
-- Estructura de tabla para la tabla `pd_children`
--

DROP TABLE IF EXISTS `pd_children`;
CREATE TABLE `pd_children` (
  `id_children` int(10) UNSIGNED NOT NULL,
  `id_parent` int(10) UNSIGNED NOT NULL,
  `name` varchar(255) DEFAULT NULL,
  `age` int(10) UNSIGNED DEFAULT NULL,
  `birthdate` varchar(45) DEFAULT NULL,
  `notes` text,
  `genre` varchar(45) DEFAULT 'boy',
  `idate` datetime NOT NULL,
  `udate` datetime DEFAULT NULL
) ENGINE=InnoDB DEFAULT CHARSET=latin1;

--
-- Volcado de datos para la tabla `pd_children`
--

INSERT INTO `pd_children` (`id_children`, `id_parent`, `name`, `age`, `birthdate`, `notes`, `genre`, `idate`, `udate`) VALUES
(5, 13, 'Maya', 6, '6/2', 'Maya is alergic to peanuts.', 'girl', '2018-08-21 10:15:33', '2018-08-21 12:00:27'),
(6, 13, 'Suzy', 2, '7/8', 'This is a girl', 'boy', '2018-08-21 10:16:25', '2018-08-21 10:17:52'),
(7, 13, 'David', 7, '11/12', 'This is a boy', '', '2018-08-21 10:17:52', NULL),
(11, 7, 'Páaaaà', 10, '12/08', 'Notes about boy 1', 'boy', '2018-08-23 11:51:58', '2018-11-02 13:49:01'),
(12, 7, 'my girl 1', 12, '10/06', 'notes about my girl', 'girl', '2018-08-23 11:51:58', '2018-11-02 13:49:01'),
(13, 7, 'new boy', 15, '01/01', 'notes boy 3', 'boy', '2018-08-23 11:53:33', '2018-11-02 13:49:01'),
(17, 7, 'my girl 2', 4, '11/11', 'new girl', 'girl', '2018-08-24 07:51:32', '2018-11-02 13:49:01'),
(18, 7, 'my girl 2', 4, '11/11', 'new girl', 'girl', '2018-08-24 07:54:49', NULL),
(19, 15, 'David', 3, '04/23', 'He is allergic to peanuts.', 'boy', '2018-08-26 11:58:47', '2018-08-27 14:08:29'),
(20, 22, 'Angelica', 3, '10/05/2015', 'Angelica has a nut allergy.', 'boy', '2018-08-29 21:42:06', '2018-12-13 16:53:43'),
(21, 25, 'Indiana', 3, '2-Jul-2015', '', 'boy', '2018-09-05 04:51:16', NULL),
(22, 26, 'Emerson', 6, '21-Aug-2012', '', 'boy', '2018-09-05 05:00:50', NULL),
(23, 27, 'Connor', 7, '23-Feb-2011', 'Loves chess, legos and basketball. Gluten free.', 'boy', '2018-09-05 05:14:58', '2018-12-05 21:51:23'),
(24, 27, 'Penn', 5, '14-Aug-2013', 'Loves nature, science experiments and tae Kwon do.  Gluten free.', 'boy', '2018-09-05 05:14:58', '2018-12-05 21:51:23'),
(27, 30, 'Sophia', 6, '9-Jun-2012', '', 'girl', '2018-09-05 05:35:28', '2018-09-18 18:52:58'),
(28, 31, 'Mackenzie', 4, '02/24/2014', '', 'girl', '2018-09-05 05:39:21', '2018-10-30 16:28:22'),
(29, 32, 'Calvin', 3, '14-Jun-2015', '', 'boy', '2018-09-05 05:41:51', '2018-11-27 17:44:05'),
(33, 35, 'Dash', 4, '21-Oct-2013', '', 'boy', '2018-09-05 05:59:30', NULL),
(36, 20, 'Angelica', 3, '10/05/2015', 'Potty trained, but still has some accidents! She just needs to be reminded!', 'girl', '2018-09-07 20:39:01', '2018-12-18 22:18:47'),
(37, 20, 'Jax', 5, '05/11/18', 'Sensitive skin ', 'boy', '2018-09-07 20:39:01', '2018-12-18 22:18:47'),
(58, 54, 'Zoe', 8, '14-Oct-2009', '', 'girl', '2018-09-12 05:18:24', '2018-09-12 05:21:41'),
(59, 54, 'Max', 11, '4-Mar-2007', '', 'boy', '2018-09-12 05:18:24', '2018-09-12 05:21:41'),
(66, 59, 'Oliver', 5, '10-Apr-2013', '', 'boy', '2018-09-12 05:38:43', NULL),
(72, 64, 'Daschel', 4, '12-Jul-2014', '', 'boy', '2018-09-12 06:06:59', '2018-09-12 06:07:55'),
(74, 66, 'Milo', 4, '16-Dec-2013', '', 'boy', '2018-09-12 06:15:26', NULL),
(75, 67, 'Alissa', 4, '26-Nov-2013', '', 'girl', '2018-09-12 06:27:05', NULL),
(84, 76, 'Annie', 8, '28-Feb-2010', '', 'girl', '2018-09-13 01:45:57', '2019-01-02 21:02:48'),
(88, 79, 'Alexus', 7, '12-Jun-2011', '', 'boy', '2018-09-13 02:13:32', NULL),
(90, 81, 'Dilyn', 4, '31-Oct-2013', '', 'boy', '2018-09-13 02:47:57', '2018-09-13 02:48:13'),
(96, 86, 'Cara', 2, '17-Oct-2015', '', 'girl', '2018-09-13 04:25:10', NULL),
(102, 91, 'Roman', 5, '5-Feb-2013', '', 'boy', '2018-09-13 04:49:04', NULL),
(103, 92, 'Sanari', 4, '6-Nov-2013', '', 'girl', '2018-09-13 04:51:29', '2018-12-21 20:22:45'),
(117, 101, 'Yuriko', 5, '13-Jun-2013', '', 'boy', '2018-09-14 06:26:15', NULL),
(123, 106, 'Drake', 5, '14-Dec-2012', '', 'boy', '2018-09-14 06:46:47', '2018-11-14 02:56:04'),
(124, 23, 'Annie', 5, 'October 19, 2012', 'Allergic to Dust.', 'girl', '2018-09-18 05:09:58', '2018-11-07 06:29:39'),
(125, 107, 'Julius Caesar Saladio', 4, '15/10', 'He\'s a salad.', 'boy', '2018-10-16 14:40:10', '2018-12-19 23:03:33'),
(126, 108, 'Alice ', 3, '10/15/15', 'She is allergic to peanuts', 'girl', '2018-10-16 20:57:16', '2018-10-24 22:23:24'),
(127, 109, 'Lucas', 5, '05/15/13', 'He loves football.', 'boy', '2018-10-18 18:38:01', NULL),
(128, 20, 'Courtney', 8, '01/01/2000', 'Highly allergic to dairy', 'girl', '2018-10-18 23:34:56', '2018-12-18 22:18:47'),
(129, 20, 'Amanda', 8, '01/01/2000', '', 'boy', '2018-10-18 23:34:56', '2018-12-18 22:18:47'),
(130, 20, 'Susana', 3, '01/01/2015', '', 'girl', '2018-10-18 23:34:56', NULL),
(131, 110, 'Jack', 7, '5/05/2011', 'loves sports', 'boy', '2018-10-19 17:09:36', '2018-10-26 19:07:21'),
(132, 110, 'Luke', 6, '10/12/2012', 'loves soccer ', 'boy', '2018-10-19 17:09:36', '2018-10-26 19:07:21'),
(133, 110, 'Tyler', 3, '12/23/2015', '', 'boy', '2018-10-19 17:09:36', '2018-10-26 19:07:21'),
(134, 108, 'John', 5, '03142013', 'No allergies.', 'boy', '2018-10-24 22:22:56', '2018-10-24 22:23:24'),
(135, 108, 'Luisa', 7, '06152011', 'She loves the arts.', 'girl', '2018-10-24 22:22:56', '2018-10-24 22:23:24'),
(136, 108, 'David', 7, '08232011', 'David and Luisa are twins.', 'boy', '2018-10-24 22:22:56', '2018-10-24 22:23:24'),
(137, 108, 'Scott', 8, '05122010', 'He likes sports or any other physical activities.', 'boy', '2018-10-24 22:22:56', NULL),
(138, 112, 'Wes', 9, '8/19/2009', '', 'boy', '2018-10-25 17:31:00', '2018-11-09 20:59:03'),
(139, 112, 'Oliver', 6, '10/31/2011', '', 'boy', '2018-10-25 17:31:00', '2018-11-09 20:59:03'),
(140, 112, 'Amara', 4, '10/3/2014', '', 'girl', '2018-10-25 17:31:00', '2018-11-09 20:59:03'),
(141, 113, 'Charlie', 5, '08/07/2013', '', 'boy', '2018-10-30 15:43:01', '2018-10-30 20:28:05'),
(142, 113, 'James', 2, '10/27/2016', 'Wears diapers', 'boy', '2018-10-30 15:43:01', '2018-10-30 20:28:05'),
(143, 114, 'Alexander Jovanovic ', 5, '01/01/2013', '', 'boy', '2018-10-30 15:50:16', '2018-10-30 15:50:32'),
(144, 115, 'Marley', 6, '04/14/2012', '', 'girl', '2018-10-30 15:55:14', '2018-10-30 17:14:44'),
(145, 115, 'Vinni', 6, '07/01/2012', '', 'girl', '2018-10-30 15:55:14', '2018-10-30 17:14:44'),
(146, 31, 'Jack', 2, '01/01/2016', 'Wears diapers', 'boy', '2018-10-30 16:28:22', NULL),
(147, 116, 'Chloe Doctoroff', 5, '04/30/2013', 'Chloe and Zoe are twins', 'girl', '2018-10-30 20:28:24', '2018-10-30 20:33:04'),
(148, 116, 'Zoe Doctoroff', 5, '04/30/2013', 'Chloe and Zoe are twins', 'girl', '2018-10-30 20:28:24', '2018-10-30 20:33:04'),
(149, 117, 'Audrey Rutledge', 5, '12/17/2013', '', 'girl', '2018-10-30 20:48:22', '2019-01-08 15:43:05'),
(150, 118, 'Aspen Randall', 5, '01/01/2013', '', 'boy', '2018-10-30 21:03:36', '2018-10-30 21:09:02'),
(154, 120, 'Thomas', 7, '03/05/2010', '', 'boy', '2018-10-31 15:03:51', '2018-12-07 18:06:13'),
(155, 120, 'William', 4, '01/01/2013', '', 'boy', '2018-10-31 15:03:51', '2018-12-07 18:05:51'),
(156, 121, 'Angelica', 3, '10/05/2015', 'Angelica is potty-trained, but needs to be reminded, especially when she is having fun! ', 'girl', '2018-11-01 16:49:39', NULL),
(157, 121, 'Jaxen', 0, '05/11/2018', 'Jax is almost 6 months and already crawling! ', 'boy', '2018-11-01 16:49:39', NULL),
(158, 122, 'Avory Tyler', 5, '06/20/2013', 'Avory is Angelica Raposo\'s big cousin! They are also best friends.', 'boy', '2018-11-01 17:02:08', '2018-11-01 17:39:01'),
(159, 122, 'Avory Tyler', 5, '06/16/2013', 'Avory is Angelica Raposo\'s big cousin! They are also best friends.', 'boy', '2018-11-01 17:03:37', '2018-11-01 17:39:01'),
(164, 124, 'Skylar Bergman', 6, '04/26/2012', '', 'girl', '2018-11-02 15:27:32', '2018-11-02 21:28:49'),
(165, 124, 'Maverick Bergman', 4, '04/10/2014', 'Wears diapers', 'boy', '2018-11-02 15:27:32', '2018-11-02 21:28:49'),
(166, 125, 'Cian', 7, '01/03/2011', 'Mild egg allergy. (Baked goods ok.) Mild allergy to squash (including pumpkin seeds).', 'boy', '2018-11-02 18:49:20', '2018-11-02 18:50:31'),
(167, 126, 'Amelia', 5, '03/02/2013', '', 'boy', '2018-11-06 16:25:25', '2018-11-06 16:27:32'),
(168, 127, 'Mackenzie', 4, '09/11/2011', '', 'girl', '2018-11-06 16:59:08', NULL),
(169, 128, 'Ilya', 2, '01/02/2016', 'Allergic to pistachios ans cashews', 'boy', '2018-11-06 19:40:55', NULL),
(170, 129, 'Ella', 4, '12/27/2013', '', 'boy', '2018-11-06 20:21:12', '2018-11-06 20:24:30'),
(171, 130, 'Sophie', 5, '05/14/2013', '', 'boy', '2018-11-06 21:38:28', '2018-11-06 21:42:39'),
(172, 131, 'zaliya dimech', 5, '04/22/2014', '', 'girl', '2018-11-06 22:54:02', '2018-11-06 22:56:09'),
(173, 131, 'adeline dimech', 2, '02/01/2016', '', 'girl', '2018-11-06 22:54:02', '2018-11-06 22:56:09'),
(174, 132, 'Olivia', 5, '06142013', 'Very shy and quite. ', 'boy', '2018-11-08 17:43:37', NULL),
(175, 134, 'Nola Corpas', 8, '07/22/10', '', 'girl', '2018-11-10 01:48:27', '2018-11-10 01:50:13'),
(176, 134, 'Aaron Corpas', 5, '04/24/13', '', 'boy', '2018-11-10 01:48:27', '2018-11-10 01:50:13'),
(177, 136, 'Jacob Yu', 4, '10/08/2014', '', 'boy', '2018-11-12 02:35:25', NULL),
(179, 135, 'nicholas', 3, '04/01/2015', '', 'boy', '2018-11-12 17:50:13', NULL),
(180, 139, 'Nico Hwang', 4, '09/11/14', '', 'boy', '2018-11-12 22:34:49', '2018-11-12 22:40:45'),
(181, 140, 'Leah', 4, '10/30/2014', '', 'boy', '2018-11-13 03:45:44', '2018-11-13 03:48:02'),
(182, 141, 'Nola Corpas', 8, '07/22/2010', '', 'girl', '2018-11-13 17:54:28', '2018-11-13 17:55:14'),
(183, 141, 'Aaron Corpas', 5, '04/24/2013', '', 'boy', '2018-11-13 17:54:28', '2018-11-13 17:55:14'),
(184, 142, 'Jada', 7, '05/11/2011', '', 'girl', '2018-11-13 19:06:20', '2018-11-13 19:15:23'),
(185, 142, 'J’aliyah ', 8, '12/08/2009', '', 'girl', '2018-11-13 19:06:20', '2018-11-13 19:15:23'),
(186, 142, 'Bryan', 8, '12/08/2009', '', 'boy', '2018-11-13 19:07:51', '2018-11-13 19:57:20'),
(187, 142, 'Bryan', 1, '12/08/2017', '', 'boy', '2018-11-13 19:07:51', '2018-11-13 21:09:46'),
(188, 106, 'Xavier', 3, '12/22/2014', '', 'boy', '2018-11-14 02:55:36', '2018-11-14 02:56:04'),
(189, 143, 'Amelie Blais', 4, '09/23/2014', '', 'boy', '2018-11-14 15:11:01', NULL),
(190, 144, 'Kellen Trimailo', 6, '10/27/2012', 'Allergic to cashews', 'boy', '2018-11-14 15:18:39', '2018-11-14 15:19:25'),
(191, 144, 'Bailey Trimailo', 4, '10/6/2014', '', 'boy', '2018-11-14 15:18:39', '2018-11-14 15:19:25'),
(192, 145, 'Claudia', 4, '10/24/2104', '', 'boy', '2018-11-14 15:33:13', '2018-11-14 15:34:02'),
(193, 146, 'Rye', 2, '04/08/2016', '', 'boy', '2018-11-14 19:05:18', '2018-11-14 19:05:42'),
(194, 147, 'Sebastian Spalding', 6, '08/12/2012', '', 'boy', '2018-11-15 15:39:40', NULL),
(195, 148, 'Bryce Wertman', 11, '02/09/07', '', 'boy', '2018-11-15 15:55:51', '2018-11-15 15:56:26'),
(196, 148, 'Chandler Wertman', 10, '08/15/08', '', 'boy', '2018-11-15 15:55:51', '2018-11-15 15:56:26'),
(197, 152, 'Jonathan', 4, '09/27/2014', '', 'boy', '2018-11-16 22:50:48', NULL),
(198, 153, 'Vivienne Woodard', 3, '03/08/2015', 'Food Allergies - Tree Nuts, Eggs, Corn, Bananas', 'boy', '2018-11-17 15:54:58', NULL),
(199, 149, 'Rei', 3, '02/18/15', '', 'girl', '2018-11-19 15:34:41', NULL),
(200, 154, 'Hunter Lee', 4, '12/25/2014', 'Has peanut and nut allergy', 'boy', '2018-11-21 18:36:24', NULL),
(201, 155, 'Yakira', 6, '11/29/2011', '', 'girl', '2018-11-21 21:40:58', '2018-11-21 21:42:35'),
(202, 155, 'Itiel', 5, '10/18/2013', '', 'boy', '2018-11-21 21:40:58', '2018-11-21 21:42:35'),
(203, 155, 'Malachi', 2, '08/16/2016', '', 'boy', '2018-11-21 21:40:58', '2018-11-21 21:42:35'),
(204, 156, 'PAL #1', 3, '10/21/2015', '', 'boy', '2018-11-21 22:54:38', NULL),
(205, 157, 'Hudson Burner', 7, '03/11/2011', '', 'boy', '2018-11-26 17:36:56', NULL),
(206, 157, 'Amelia Burner', 5, '01/07/2013', '', 'boy', '2018-11-26 17:36:56', NULL),
(207, 158, 'Amelie Blais', 4, '09232014', '', 'boy', '2018-11-26 19:24:54', NULL),
(208, 159, 'Elad Sheinfeld', 4, '09/10/2014', '', 'girl', '2018-11-26 20:18:05', '2018-11-26 20:29:36'),
(209, 160, 'Octavian', 3, '09/23/2018', '', 'boy', '2018-11-27 13:27:22', '2018-11-27 13:29:26'),
(210, 160, 'Octavian', 3, '09/23/2018', '', 'boy', '2018-11-27 13:30:14', NULL),
(211, 161, 'Jaxen', 1, '01/01/2018', '', 'boy', '2018-11-27 17:04:52', NULL),
(212, 161, 'Angelica', 13, '01/01/2005', '', 'girl', '2018-11-27 17:04:52', NULL),
(213, 32, 'Milo ', 8, '09/20/2010', '', 'boy', '2018-11-27 17:43:04', '2018-11-27 17:44:05'),
(214, 162, 'Charlotte Whelan', 6, '03/23/2012', '', 'girl', '2018-11-27 20:19:56', '2018-11-30 17:00:33'),
(215, 163, 'Eli Cuti', 11, '07012007', '', 'boy', '2018-11-28 15:33:20', '2018-11-28 15:34:31'),
(216, 163, 'Cate Cuti', 8, '04/22/2010', '', 'boy', '2018-11-28 15:33:20', '2018-11-28 15:34:31'),
(217, 165, 'Khaya Eugenio', 4, '04/05/2014', '', 'girl', '2018-11-28 16:53:57', '2018-11-28 16:54:13'),
(218, 165, 'Kylee Eugenio', 3, '04/21/2015', '', 'girl', '2018-11-28 16:53:57', '2018-11-28 16:54:14'),
(219, 166, 'CSC ', 3, '10/21/2015', '', 'boy', '2018-11-28 20:46:58', NULL),
(220, 167, 'Rio-Grace White', 5, '05/04/2013', '', 'girl', '2018-11-29 03:13:12', NULL),
(221, 167, 'Isla White', 3, '05/04/2015', '', 'girl', '2018-11-29 03:13:12', NULL),
(222, 168, 'Noah Herman', 5, '12/04/2013', '', 'boy', '2018-12-03 18:33:38', '2018-12-03 18:36:00'),
(223, 168, 'Ian Herman', 2, '03/27/2016', '', 'boy', '2018-12-03 18:33:38', '2018-12-03 18:36:00'),
(224, 169, 'Kidville UWS', 3, '10/21/2015', '', 'boy', '2018-12-04 15:43:08', '2018-12-04 15:43:30'),
(225, 170, 'Murray', 2, '02/07/2017', 'Murray was born with Hirschsprungs, had his colon removed at nine months and as such has more BMs than a typica child as well as some dietary guidelines - no fruit with skin on (peeled apples okay), no dried fruit, nothing that will go through him too quickly. We limit juice and sugar. Otherwise he is a very happy and healthy kiddo!', 'boy', '2018-12-04 21:02:49', '2018-12-04 21:04:04'),
(226, 171, 'Marisa', 5, '', '', 'boy', '2018-12-04 21:21:10', NULL),
(227, 171, 'Tyler', 3, '', '', 'boy', '2018-12-04 21:21:10', NULL),
(228, 171, 'Marisa', 5, '', '', 'boy', '2018-12-04 21:22:58', NULL),
(229, 171, 'Tyler', 3, '', '', 'boy', '2018-12-04 21:22:58', NULL),
(230, 173, 'Giorgio ', 6, '05052012', '', 'boy', '2018-12-05 14:28:20', '2018-12-05 14:29:41'),
(231, 174, 'Zoe Farley', 4, '10/22/14', '', 'boy', '2018-12-05 14:39:33', '2018-12-05 14:40:32'),
(232, 174, 'James Farley', 0, '08/22/18', '', 'boy', '2018-12-05 14:39:33', '2018-12-05 14:40:32'),
(233, 177, 'Kaye', 5, '', '', 'girl', '2018-12-05 17:18:17', NULL),
(234, 178, 'Jacob', 4, '09/10/2014', '', 'boy', '2018-12-05 19:09:58', NULL),
(235, 178, 'Lucas', 4, '09/10/2014', '', 'boy', '2018-12-05 19:09:58', NULL),
(236, 179, 'Leo', 3, '01/07/2016', 'Leo attends daycare full time, so we are only available weeknights and weekends. ', 'boy', '2018-12-05 19:47:26', '2018-12-05 19:48:32'),
(237, 180, 'Piper', 5, '04/19/2014', 'Piper is at PK4 at PS6.  M-F she is in an all day program from 8:15am-2:35pm.  On the weekends she is pretty open to new activities!  She loves the Park, Music, Art, Museums, Ballet, Soccer, & Basketball', 'girl', '2018-12-05 21:40:29', '2018-12-05 21:48:35'),
(238, 180, 'Miles', 1, '05/15/2018', 'Miles is 6 months old.  He would love to find some new friends.  He goes to Kidville on Wednesdays from 11:00am-12:00pm.', 'boy', '2018-12-05 21:40:29', '2018-12-05 21:48:35'),
(239, 181, 'Makena', 4, '04/14/2014', '', 'boy', '2018-12-06 18:10:26', '2018-12-06 18:12:28'),
(240, 181, 'McCray', 3, '11/30/2015', '', 'boy', '2018-12-06 18:10:26', '2018-12-06 18:12:28'),
(241, 182, 'Cara', 3, '', '', 'girl', '2018-12-06 19:44:52', '2018-12-06 19:46:12'),
(242, 183, 'Eli sklut', 7, '', '', 'boy', '2018-12-07 01:18:17', NULL),
(243, 184, 'Emiliana Rivera Jaff', 3, '09022015', '', 'girl', '2018-12-07 14:27:38', NULL),
(244, 186, 'Blake ', 5, '8/21/2013', '', 'girl', '2018-12-07 22:10:09', NULL),
(245, 186, 'Julius', 3, '11/25/15', '', 'boy', '2018-12-07 22:10:09', NULL),
(246, 185, 'Virgil ', 7, '11/26/2011', 'He’s a small 7 so fits in well with 6 year olds too ', 'boy', '2018-12-07 22:22:39', NULL),
(247, 185, 'Violet', 5, '11/04/2013', '', 'girl', '2018-12-07 22:22:39', NULL),
(248, 187, 'Adam Sherif', 5, '08/22/2013', 'Peanut Allergy', 'boy', '2018-12-07 22:23:35', '2018-12-07 23:12:29'),
(249, 188, 'Sydney Friedman', 5, '02/28/13', '', 'girl', '2018-12-07 22:32:40', NULL),
(250, 189, 'Aria Taliaferro', 3, '01/24/15', 'sensitive to peanuts', 'boy', '2018-12-08 05:46:09', '2018-12-08 05:51:37'),
(251, 191, 'Hanyu Zhu', 7, '', '', 'boy', '2018-12-10 18:16:07', NULL),
(252, 192, 'Lena', 5, '12/02/2013', '', 'boy', '2018-12-10 19:47:14', NULL),
(253, 192, 'Skye', 2, '01/01/2017', '', 'boy', '2018-12-10 19:47:14', NULL),
(254, 193, '20 Pine', 3, '10/21/2015', '', 'boy', '2018-12-11 17:28:35', '2018-12-11 17:29:23'),
(255, 196, 'Win ', 6, '07/31/2012', '', 'boy', '2018-12-12 16:59:31', '2018-12-12 16:59:56'),
(256, 196, 'Henry ', 4, '01/15/2014', '', 'boy', '2018-12-12 16:59:31', '2018-12-12 16:59:56'),
(257, 197, 'Nora Belle Smith', 2, '12/07/2016', '', 'boy', '2018-12-12 17:30:02', NULL),
(258, 22, 'Jenny', 4, '10/22/2014', '', 'girl', '2018-12-13 16:53:44', NULL),
(259, 200, 'Ryan', 9, '08/22/09', '', 'girl', '2018-12-14 19:11:35', '2018-12-14 19:12:28'),
(260, 200, 'Charlotte', 7, '03/02/11', '', 'girl', '2018-12-14 19:11:35', '2018-12-14 19:12:28'),
(261, 202, 'NOla CorpAS', 8, '07/22/10', '', 'boy', '2018-12-14 19:48:47', '2018-12-14 19:50:24'),
(262, 202, 'Aaron Corpas', 5, '04/24/2013', '', 'boy', '2018-12-14 19:48:47', '2018-12-14 19:50:24'),
(263, 203, 'Parker Chang', 3, '09281980', '', 'boy', '2018-12-14 20:19:07', NULL),
(264, 204, 'Harrison ', 8, '07/24/2010', '', 'boy', '2018-12-17 16:49:45', '2019-01-03 20:49:42'),
(265, 204, 'Luke', 4, '04/09/2014', '', 'boy', '2018-12-17 16:49:45', '2019-01-03 20:49:42'),
(266, 205, 'Emily Ting', 3, '11/05/2015', '', 'girl', '2018-12-17 18:59:42', '2018-12-17 19:00:00'),
(267, 207, 'Journie', 10, '12/13/2008', '', 'girl', '2018-12-17 23:21:58', '2018-12-17 23:26:58'),
(268, 208, 'Brandon Scott', 4, '04/22/2014', '', 'boy', '2018-12-18 11:35:24', '2018-12-18 11:40:56'),
(269, 209, 'Raphael Benaim ', 7, '07/28/11', '', 'boy', '2018-12-18 16:07:49', '2018-12-18 16:09:38'),
(270, 209, 'Lila Benaim', 6, '10/18/12', '', 'girl', '2018-12-18 16:07:49', '2018-12-18 16:09:38'),
(271, 209, 'Elijah Benaim', 3, '07/31/15', '', 'boy', '2018-12-18 16:07:49', '2018-12-18 16:09:38'),
(272, 20, 'Susana', 4, '01/01/2014', '', 'girl', '2018-12-18 22:18:26', NULL),
(273, 210, 'Hannah zambuto', 4, '04/10/2015', '', 'boy', '2018-12-19 02:48:37', NULL),
(274, 211, 'Noah ', 3, '07/21/2015', '', 'boy', '2018-12-19 17:04:54', '2018-12-19 17:05:18'),
(275, 199, 'Noah', 3, '07/21/2015', '', 'boy', '2018-12-19 17:08:10', NULL),
(276, 213, 'Nicole', 5, '06-08-2012', '', 'boy', '2018-12-19 20:42:13', '2018-12-19 20:42:32'),
(277, 107, 'Jeff', 3, '10/22/2014', '', 'boy', '2018-12-19 23:03:33', NULL),
(278, 107, 'Bellow', 4, '01/01/2015', '', 'boy', '2018-12-19 23:03:33', NULL),
(279, 107, 'James', 5, '01/01/2014', '', 'boy', '2018-12-19 23:03:33', NULL),
(280, 92, 'Saira', 2, '10/17/2016', '', 'boy', '2018-12-21 20:21:01', '2018-12-21 20:22:45'),
(281, 201, 'Zoey', 3, '09/08/2015', '', 'girl', '2018-12-25 01:32:43', '2018-12-25 01:33:47'),
(282, 214, 'Lyla Rose', 9, '12/20/2010', '', 'girl', '2019-01-02 18:31:36', NULL),
(283, 214, 'Dylan Jean', 5, '01/07/2015', '', 'girl', '2019-01-02 18:31:36', NULL),
(284, 215, 'Bruno', 7, '11/02/11', '', 'boy', '2019-01-02 20:45:27', NULL),
(285, 215, 'August', 3, '12/21/15', '', 'girl', '2019-01-02 20:45:27', NULL),
(289, 76, 'Faye', 6, '09/30/2012', '', 'girl', '2019-01-02 21:02:00', '2019-01-02 21:02:48'),
(290, 76, 'Smith', 4, '09/17/2014', '', 'boy', '2019-01-02 21:02:00', '2019-01-02 21:02:48'),
(291, 217, 'Jamie', 9, '10/10/2009', '', 'boy', '2019-01-02 21:10:06', NULL),
(292, 217, 'Allie', 4, '07/07/2014', '', 'girl', '2019-01-02 21:10:06', NULL),
(293, 218, 'Jerald (Jay) Beagle', 3, '07/05/2015', '', 'boy', '2019-01-03 18:33:57', '2019-01-03 18:38:17'),
(294, 219, 'isabella ', 4, '07/10/2014', '', 'boy', '2019-01-04 01:40:18', '2019-01-04 01:40:43'),
(295, 220, 'Gemma', 4, '02/11/2014', '', 'girl', '2019-01-04 18:54:43', NULL),
(296, 221, 'Dean', 5, '08032013', '', 'boy', '2019-01-04 22:13:06', '2019-01-04 22:15:19'),
(297, 221, 'Niko ', 5, '08032013', 'Peanut allergy', 'girl', '2019-01-04 22:13:06', '2019-01-04 22:15:19'),
(298, 222, 'Isaac', 3, '12/20/2015', '', 'boy', '2019-01-09 23:10:39', NULL),
(299, 223, 'Zoe ', 5, '05/13/2013', 'This is just a test', 'girl', '2019-01-11 02:36:52', '2019-01-11 17:03:15'),
(300, 223, 'Mike', 5, '05/14/2013', 'This is just a test', 'boy', '2019-01-11 02:36:52', '2019-01-11 17:03:15'),
(301, 223, 'John', 5, '05/15/2013', 'This is just a test', 'boy', '2019-01-11 02:36:52', '2019-01-11 17:03:15'),
(302, 223, 'Mary', 5, '05/16/2013', 'This is just a test', 'girl', '2019-01-11 02:36:52', '2019-01-11 17:03:15'),
(303, 223, 'Child 5', 7, '05/17/2011', '', 'boy', '2019-01-11 02:36:52', NULL),
(304, 223, 'Child 6', 7, '05/18/2011', '', 'boy', '2019-01-11 02:36:52', NULL),
(305, 223, 'Child 7', 7, '05/19/2011', '', 'boy', '2019-01-11 02:36:52', NULL);

-- --------------------------------------------------------

--
-- Estructura de tabla para la tabla `pd_children_interests`
--

DROP TABLE IF EXISTS `pd_children_interests`;
CREATE TABLE `pd_children_interests` (
  `id_children` int(10) UNSIGNED NOT NULL,
  `id_interest` int(10) UNSIGNED NOT NULL,
  `idate` datetime NOT NULL
) ENGINE=InnoDB DEFAULT CHARSET=latin1;

--
-- Volcado de datos para la tabla `pd_children_interests`
--

INSERT INTO `pd_children_interests` (`id_children`, `id_interest`, `idate`) VALUES
(19, 5, '2018-08-27 14:08:29'),
(19, 8, '2018-08-27 14:08:29'),
(20, 1, '2018-12-13 16:53:44'),
(20, 2, '2018-12-13 16:53:44'),
(20, 3, '2018-12-13 16:53:44'),
(20, 4, '2018-12-13 16:53:44'),
(20, 6, '2018-12-13 16:53:44'),
(20, 7, '2018-12-13 16:53:44'),
(20, 8, '2018-12-13 16:53:44'),
(20, 9, '2018-12-13 16:53:44'),
(20, 11, '2018-12-13 16:53:44'),
(23, 1, '2018-12-05 21:51:23'),
(23, 2, '2018-12-05 21:51:23'),
(23, 6, '2018-12-05 21:51:23'),
(23, 7, '2018-12-05 21:51:23'),
(23, 9, '2018-12-05 21:51:23'),
(23, 10, '2018-12-05 21:51:23'),
(23, 11, '2018-12-05 21:51:23'),
(23, 12, '2018-12-05 21:51:23'),
(24, 1, '2018-12-05 21:51:23'),
(24, 2, '2018-12-05 21:51:23'),
(24, 6, '2018-12-05 21:51:23'),
(24, 7, '2018-12-05 21:51:23'),
(24, 9, '2018-12-05 21:51:23'),
(24, 10, '2018-12-05 21:51:23'),
(24, 11, '2018-12-05 21:51:23'),
(24, 12, '2018-12-05 21:51:23'),
(28, 1, '2018-10-30 16:28:22'),
(28, 3, '2018-10-30 16:28:22'),
(28, 6, '2018-10-30 16:28:22'),
(28, 11, '2018-10-30 16:28:22'),
(36, 1, '2018-12-18 22:18:47'),
(36, 2, '2018-12-18 22:18:47'),
(36, 3, '2018-12-18 22:18:47'),
(36, 4, '2018-12-18 22:18:47'),
(36, 5, '2018-12-18 22:18:47'),
(36, 6, '2018-12-18 22:18:47'),
(36, 7, '2018-12-18 22:18:47'),
(36, 8, '2018-12-18 22:18:47'),
(36, 9, '2018-12-18 22:18:47'),
(36, 10, '2018-12-18 22:18:47'),
(36, 11, '2018-12-18 22:18:47'),
(36, 12, '2018-12-18 22:18:47'),
(37, 1, '2018-12-18 22:18:47'),
(37, 2, '2018-12-18 22:18:47'),
(37, 3, '2018-12-18 22:18:47'),
(37, 4, '2018-12-18 22:18:47'),
(37, 5, '2018-12-18 22:18:47'),
(37, 6, '2018-12-18 22:18:47'),
(37, 7, '2018-12-18 22:18:47'),
(37, 8, '2018-12-18 22:18:47'),
(37, 9, '2018-12-18 22:18:47'),
(37, 10, '2018-12-18 22:18:47'),
(37, 11, '2018-12-18 22:18:47'),
(37, 12, '2018-12-18 22:18:47'),
(103, 1, '2018-12-21 20:22:45'),
(103, 2, '2018-12-21 20:22:45'),
(103, 3, '2018-12-21 20:22:45'),
(103, 4, '2018-12-21 20:22:45'),
(103, 6, '2018-12-21 20:22:45'),
(103, 9, '2018-12-21 20:22:45'),
(103, 10, '2018-12-21 20:22:45'),
(103, 11, '2018-12-21 20:22:45'),
(103, 12, '2018-12-21 20:22:45'),
(123, 6, '2018-11-14 02:56:04'),
(123, 7, '2018-11-14 02:56:04'),
(123, 9, '2018-11-14 02:56:04'),
(123, 10, '2018-11-14 02:56:04'),
(123, 11, '2018-11-14 02:56:04'),
(124, 1, '2018-11-07 06:29:39'),
(124, 2, '2018-11-07 06:29:39'),
(124, 3, '2018-11-07 06:29:39'),
(124, 4, '2018-11-07 06:29:39'),
(124, 5, '2018-11-07 06:29:39'),
(124, 6, '2018-11-07 06:29:39'),
(124, 7, '2018-11-07 06:29:39'),
(124, 8, '2018-11-07 06:29:39'),
(124, 9, '2018-11-07 06:29:39'),
(124, 10, '2018-11-07 06:29:39'),
(124, 11, '2018-11-07 06:29:39'),
(124, 12, '2018-11-07 06:29:39'),
(125, 3, '2018-12-19 23:03:33'),
(125, 8, '2018-12-19 23:03:33'),
(126, 3, '2018-10-24 22:23:24'),
(126, 7, '2018-10-24 22:23:24'),
(131, 6, '2018-10-26 19:07:21'),
(131, 7, '2018-10-26 19:07:21'),
(134, 10, '2018-10-24 22:23:24'),
(135, 3, '2018-10-24 22:23:24'),
(135, 4, '2018-10-24 22:23:24'),
(136, 6, '2018-10-24 22:23:24'),
(136, 7, '2018-10-24 22:23:24'),
(136, 8, '2018-10-24 22:23:24'),
(141, 1, '2018-10-30 20:28:05'),
(141, 2, '2018-10-30 20:28:05'),
(141, 3, '2018-10-30 20:28:05'),
(141, 6, '2018-10-30 20:28:05'),
(141, 7, '2018-10-30 20:28:05'),
(141, 8, '2018-10-30 20:28:05'),
(141, 9, '2018-10-30 20:28:05'),
(141, 10, '2018-10-30 20:28:05'),
(141, 11, '2018-10-30 20:28:05'),
(141, 12, '2018-10-30 20:28:05'),
(143, 1, '2018-10-30 15:50:32'),
(143, 3, '2018-10-30 15:50:32'),
(143, 6, '2018-10-30 15:50:32'),
(143, 11, '2018-10-30 15:50:32'),
(144, 1, '2018-10-30 17:14:44'),
(144, 3, '2018-10-30 17:14:44'),
(144, 6, '2018-10-30 17:14:44'),
(144, 11, '2018-10-30 17:14:44'),
(145, 1, '2018-10-30 17:14:44'),
(145, 3, '2018-10-30 17:14:44'),
(145, 6, '2018-10-30 17:14:44'),
(145, 11, '2018-10-30 17:14:44'),
(147, 1, '2018-10-30 20:33:04'),
(147, 3, '2018-10-30 20:33:04'),
(147, 6, '2018-10-30 20:33:04'),
(147, 11, '2018-10-30 20:33:04'),
(148, 1, '2018-10-30 20:33:04'),
(148, 3, '2018-10-30 20:33:04'),
(148, 6, '2018-10-30 20:33:04'),
(148, 11, '2018-10-30 20:33:04'),
(149, 1, '2019-01-08 15:43:05'),
(149, 2, '2019-01-08 15:43:05'),
(149, 3, '2019-01-08 15:43:05'),
(149, 4, '2019-01-08 15:43:05'),
(149, 5, '2019-01-08 15:43:05'),
(149, 6, '2019-01-08 15:43:05'),
(149, 10, '2019-01-08 15:43:05'),
(149, 11, '2019-01-08 15:43:05'),
(149, 12, '2019-01-08 15:43:05'),
(150, 1, '2018-10-30 21:09:02'),
(150, 3, '2018-10-30 21:09:02'),
(150, 6, '2018-10-30 21:09:02'),
(150, 11, '2018-10-30 21:09:02'),
(158, 1, '2018-11-01 17:39:01'),
(158, 3, '2018-11-01 17:39:01'),
(158, 6, '2018-11-01 17:39:01'),
(158, 11, '2018-11-01 17:39:01'),
(164, 1, '2018-11-02 21:28:49'),
(164, 3, '2018-11-02 21:28:49'),
(164, 6, '2018-11-02 21:28:49'),
(164, 11, '2018-11-02 21:28:49'),
(165, 1, '2018-11-02 21:28:49'),
(165, 3, '2018-11-02 21:28:49'),
(165, 6, '2018-11-02 21:28:49'),
(165, 11, '2018-11-02 21:28:49'),
(166, 1, '2018-11-02 18:50:31'),
(166, 2, '2018-11-02 18:50:31'),
(166, 3, '2018-11-02 18:50:31'),
(166, 4, '2018-11-02 18:50:31'),
(166, 5, '2018-11-02 18:50:31'),
(166, 6, '2018-11-02 18:50:31'),
(166, 7, '2018-11-02 18:50:31'),
(166, 9, '2018-11-02 18:50:31'),
(166, 10, '2018-11-02 18:50:31'),
(166, 11, '2018-11-02 18:50:31'),
(166, 12, '2018-11-02 18:50:31'),
(167, 10, '2018-11-06 16:27:32'),
(167, 11, '2018-11-06 16:27:32'),
(167, 12, '2018-11-06 16:27:32'),
(170, 1, '2018-11-06 20:24:30'),
(170, 2, '2018-11-06 20:24:30'),
(170, 3, '2018-11-06 20:24:30'),
(170, 6, '2018-11-06 20:24:30'),
(170, 7, '2018-11-06 20:24:30'),
(170, 10, '2018-11-06 20:24:30'),
(170, 11, '2018-11-06 20:24:30'),
(170, 12, '2018-11-06 20:24:30'),
(171, 6, '2018-11-06 21:42:39'),
(171, 7, '2018-11-06 21:42:39'),
(171, 12, '2018-11-06 21:42:39'),
(172, 2, '2018-11-06 22:56:09'),
(172, 3, '2018-11-06 22:56:09'),
(172, 6, '2018-11-06 22:56:09'),
(173, 1, '2018-11-06 22:56:09'),
(173, 2, '2018-11-06 22:56:09'),
(173, 3, '2018-11-06 22:56:09'),
(173, 4, '2018-11-06 22:56:09'),
(175, 1, '2018-11-10 01:50:13'),
(175, 2, '2018-11-10 01:50:13'),
(175, 3, '2018-11-10 01:50:13'),
(175, 4, '2018-11-10 01:50:13'),
(175, 5, '2018-11-10 01:50:13'),
(175, 6, '2018-11-10 01:50:13'),
(175, 7, '2018-11-10 01:50:13'),
(175, 8, '2018-11-10 01:50:13'),
(175, 9, '2018-11-10 01:50:13'),
(175, 10, '2018-11-10 01:50:13'),
(175, 11, '2018-11-10 01:50:13'),
(175, 12, '2018-11-10 01:50:13'),
(176, 1, '2018-11-10 01:50:13'),
(176, 2, '2018-11-10 01:50:13'),
(176, 3, '2018-11-10 01:50:13'),
(176, 4, '2018-11-10 01:50:13'),
(176, 5, '2018-11-10 01:50:13'),
(176, 6, '2018-11-10 01:50:13'),
(176, 7, '2018-11-10 01:50:13'),
(176, 8, '2018-11-10 01:50:13'),
(176, 9, '2018-11-10 01:50:13'),
(176, 10, '2018-11-10 01:50:13'),
(176, 11, '2018-11-10 01:50:13'),
(176, 12, '2018-11-10 01:50:13'),
(181, 5, '2018-11-13 03:48:02'),
(188, 6, '2018-11-14 02:56:04'),
(188, 7, '2018-11-14 02:56:04'),
(188, 9, '2018-11-14 02:56:04'),
(188, 10, '2018-11-14 02:56:04'),
(188, 11, '2018-11-14 02:56:04'),
(209, 1, '2018-11-27 13:29:26'),
(209, 2, '2018-11-27 13:29:26'),
(209, 3, '2018-11-27 13:29:26'),
(209, 4, '2018-11-27 13:29:26'),
(209, 5, '2018-11-27 13:29:26'),
(209, 6, '2018-11-27 13:29:26'),
(209, 7, '2018-11-27 13:29:26'),
(209, 8, '2018-11-27 13:29:26'),
(209, 9, '2018-11-27 13:29:26'),
(209, 10, '2018-11-27 13:29:26'),
(209, 11, '2018-11-27 13:29:26'),
(209, 12, '2018-11-27 13:29:26'),
(222, 1, '2018-12-03 18:36:00'),
(222, 6, '2018-12-03 18:36:00'),
(223, 6, '2018-12-03 18:36:00'),
(236, 1, '2018-12-05 19:48:32'),
(236, 2, '2018-12-05 19:48:32'),
(236, 3, '2018-12-05 19:48:32'),
(236, 4, '2018-12-05 19:48:32'),
(236, 6, '2018-12-05 19:48:32'),
(236, 7, '2018-12-05 19:48:32'),
(236, 8, '2018-12-05 19:48:32'),
(236, 9, '2018-12-05 19:48:32'),
(236, 10, '2018-12-05 19:48:32'),
(236, 11, '2018-12-05 19:48:32'),
(236, 12, '2018-12-05 19:48:32'),
(237, 1, '2018-12-05 21:48:35'),
(237, 2, '2018-12-05 21:48:35'),
(237, 3, '2018-12-05 21:48:35'),
(237, 6, '2018-12-05 21:48:35'),
(237, 7, '2018-12-05 21:48:35'),
(237, 9, '2018-12-05 21:48:35'),
(237, 10, '2018-12-05 21:48:35'),
(237, 11, '2018-12-05 21:48:35'),
(237, 12, '2018-12-05 21:48:35'),
(238, 6, '2018-12-05 21:48:35'),
(239, 1, '2018-12-06 18:12:28'),
(239, 2, '2018-12-06 18:12:28'),
(239, 3, '2018-12-06 18:12:28'),
(239, 4, '2018-12-06 18:12:28'),
(239, 5, '2018-12-06 18:12:28'),
(239, 6, '2018-12-06 18:12:28'),
(239, 7, '2018-12-06 18:12:28'),
(239, 12, '2018-12-06 18:12:28'),
(240, 1, '2018-12-06 18:12:28'),
(240, 2, '2018-12-06 18:12:28'),
(240, 3, '2018-12-06 18:12:28'),
(240, 4, '2018-12-06 18:12:28'),
(240, 5, '2018-12-06 18:12:28'),
(240, 6, '2018-12-06 18:12:28'),
(240, 7, '2018-12-06 18:12:28'),
(250, 1, '2018-12-08 05:51:37'),
(250, 2, '2018-12-08 05:51:37'),
(250, 3, '2018-12-08 05:51:37'),
(250, 4, '2018-12-08 05:51:37'),
(250, 5, '2018-12-08 05:51:37'),
(250, 6, '2018-12-08 05:51:37'),
(250, 7, '2018-12-08 05:51:37'),
(250, 9, '2018-12-08 05:51:37'),
(250, 10, '2018-12-08 05:51:37'),
(250, 11, '2018-12-08 05:51:37'),
(259, 3, '2018-12-14 19:12:28'),
(259, 4, '2018-12-14 19:12:28'),
(259, 6, '2018-12-14 19:12:28'),
(259, 7, '2018-12-14 19:12:28'),
(259, 8, '2018-12-14 19:12:28'),
(259, 9, '2018-12-14 19:12:28'),
(259, 10, '2018-12-14 19:12:28'),
(259, 11, '2018-12-14 19:12:28'),
(259, 12, '2018-12-14 19:12:28'),
(260, 3, '2018-12-14 19:12:28'),
(260, 4, '2018-12-14 19:12:28'),
(260, 6, '2018-12-14 19:12:28'),
(260, 7, '2018-12-14 19:12:28'),
(260, 8, '2018-12-14 19:12:28'),
(260, 9, '2018-12-14 19:12:28'),
(260, 10, '2018-12-14 19:12:28'),
(260, 11, '2018-12-14 19:12:28'),
(260, 12, '2018-12-14 19:12:28'),
(261, 1, '2018-12-14 19:50:24'),
(261, 2, '2018-12-14 19:50:24'),
(261, 3, '2018-12-14 19:50:24'),
(261, 4, '2018-12-14 19:50:24'),
(261, 5, '2018-12-14 19:50:24'),
(261, 6, '2018-12-14 19:50:24'),
(261, 7, '2018-12-14 19:50:24'),
(261, 8, '2018-12-14 19:50:24'),
(261, 9, '2018-12-14 19:50:24'),
(261, 10, '2018-12-14 19:50:24'),
(261, 11, '2018-12-14 19:50:24'),
(261, 12, '2018-12-14 19:50:24'),
(262, 1, '2018-12-14 19:50:24'),
(262, 2, '2018-12-14 19:50:24'),
(262, 3, '2018-12-14 19:50:24'),
(262, 4, '2018-12-14 19:50:24'),
(262, 5, '2018-12-14 19:50:24'),
(262, 6, '2018-12-14 19:50:24'),
(262, 7, '2018-12-14 19:50:24'),
(262, 8, '2018-12-14 19:50:24'),
(262, 9, '2018-12-14 19:50:24'),
(262, 10, '2018-12-14 19:50:24'),
(262, 11, '2018-12-14 19:50:24'),
(262, 12, '2018-12-14 19:50:24'),
(264, 1, '2019-01-03 20:49:42'),
(264, 2, '2019-01-03 20:49:42'),
(264, 3, '2019-01-03 20:49:42'),
(264, 4, '2019-01-03 20:49:42'),
(264, 5, '2019-01-03 20:49:42'),
(264, 6, '2019-01-03 20:49:42'),
(264, 8, '2019-01-03 20:49:42'),
(264, 9, '2019-01-03 20:49:42'),
(264, 10, '2019-01-03 20:49:42'),
(264, 12, '2019-01-03 20:49:42'),
(265, 1, '2019-01-03 20:49:42'),
(265, 2, '2019-01-03 20:49:42'),
(265, 5, '2019-01-03 20:49:42'),
(265, 6, '2019-01-03 20:49:42'),
(265, 7, '2019-01-03 20:49:42'),
(265, 8, '2019-01-03 20:49:42'),
(265, 9, '2019-01-03 20:49:42'),
(265, 10, '2019-01-03 20:49:42'),
(267, 1, '2018-12-17 23:26:58'),
(267, 2, '2018-12-17 23:26:58'),
(267, 3, '2018-12-17 23:26:58'),
(267, 4, '2018-12-17 23:26:58'),
(267, 5, '2018-12-17 23:26:58'),
(267, 6, '2018-12-17 23:26:58'),
(267, 7, '2018-12-17 23:26:58'),
(267, 8, '2018-12-17 23:26:58'),
(267, 9, '2018-12-17 23:26:58'),
(267, 10, '2018-12-17 23:26:58'),
(267, 11, '2018-12-17 23:26:58'),
(267, 12, '2018-12-17 23:26:58'),
(268, 6, '2018-12-18 11:40:56'),
(268, 7, '2018-12-18 11:40:56'),
(268, 9, '2018-12-18 11:40:56'),
(268, 10, '2018-12-18 11:40:56'),
(268, 11, '2018-12-18 11:40:56'),
(268, 12, '2018-12-18 11:40:56'),
(269, 1, '2018-12-18 16:09:38'),
(269, 2, '2018-12-18 16:09:38'),
(269, 3, '2018-12-18 16:09:38'),
(269, 5, '2018-12-18 16:09:38'),
(269, 6, '2018-12-18 16:09:38'),
(269, 7, '2018-12-18 16:09:38'),
(269, 10, '2018-12-18 16:09:38'),
(270, 3, '2018-12-18 16:09:38'),
(270, 4, '2018-12-18 16:09:38'),
(270, 5, '2018-12-18 16:09:38'),
(270, 6, '2018-12-18 16:09:38'),
(270, 8, '2018-12-18 16:09:38'),
(270, 9, '2018-12-18 16:09:38'),
(270, 10, '2018-12-18 16:09:38'),
(270, 12, '2018-12-18 16:09:38'),
(271, 2, '2018-12-18 16:09:38'),
(271, 3, '2018-12-18 16:09:38'),
(271, 4, '2018-12-18 16:09:38'),
(271, 6, '2018-12-18 16:09:38'),
(271, 7, '2018-12-18 16:09:38'),
(271, 8, '2018-12-18 16:09:38'),
(271, 9, '2018-12-18 16:09:38'),
(293, 2, '2019-01-03 18:38:17'),
(293, 3, '2019-01-03 18:38:17'),
(293, 5, '2019-01-03 18:38:17'),
(293, 6, '2019-01-03 18:38:17'),
(293, 7, '2019-01-03 18:38:17'),
(293, 9, '2019-01-03 18:38:17'),
(293, 10, '2019-01-03 18:38:17'),
(294, 6, '2019-01-04 01:40:43'),
(296, 1, '2019-01-04 22:15:19'),
(296, 2, '2019-01-04 22:15:19'),
(296, 3, '2019-01-04 22:15:19'),
(296, 5, '2019-01-04 22:15:19'),
(296, 6, '2019-01-04 22:15:19'),
(296, 7, '2019-01-04 22:15:19'),
(296, 9, '2019-01-04 22:15:19'),
(296, 10, '2019-01-04 22:15:19'),
(296, 11, '2019-01-04 22:15:19'),
(296, 12, '2019-01-04 22:15:19'),
(297, 3, '2019-01-04 22:15:19'),
(297, 4, '2019-01-04 22:15:19'),
(297, 5, '2019-01-04 22:15:19'),
(297, 6, '2019-01-04 22:15:19'),
(297, 10, '2019-01-04 22:15:19'),
(297, 11, '2019-01-04 22:15:19'),
(299, 1, '2019-01-11 17:03:15'),
(300, 1, '2019-01-11 17:03:15'),
(301, 1, '2019-01-11 17:03:15'),
(302, 1, '2019-01-11 17:03:15');

-- --------------------------------------------------------

--
-- Estructura de tabla para la tabla `pd_cities`
--

DROP TABLE IF EXISTS `pd_cities`;
CREATE TABLE `pd_cities` (
  `id_city` int(10) UNSIGNED NOT NULL,
  `name` varchar(255) NOT NULL,
  `idate` datetime NOT NULL,
  `udate` datetime DEFAULT NULL
) ENGINE=InnoDB DEFAULT CHARSET=utf8;

--
-- Volcado de datos para la tabla `pd_cities`
--

INSERT INTO `pd_cities` (`id_city`, `name`, `idate`, `udate`) VALUES
(5, 'Bronx', '2018-08-16 11:24:29', NULL),
(6, 'Brooklyn', '2018-08-16 11:28:25', NULL),
(7, 'Manhattan', '2018-08-16 11:42:01', NULL),
(8, 'Queens', '2018-08-16 11:44:44', NULL),
(9, 'Staten Island', '2018-08-16 11:47:18', NULL);

-- --------------------------------------------------------

--
-- Estructura de tabla para la tabla `pd_contacts`
--

DROP TABLE IF EXISTS `pd_contacts`;
CREATE TABLE `pd_contacts` (
  `id_contact` int(10) UNSIGNED NOT NULL,
  `type` varchar(45) NOT NULL DEFAULT 'contact' COMMENT '''contact'', ''specialist'', ''host''',
  `name` varchar(255) NOT NULL,
  `last_name` varchar(255) DEFAULT NULL,
  `email` varchar(255) DEFAULT NULL,
  `message` text,
  `zipcode` varchar(255) DEFAULT NULL,
  `experience` text,
  `company_name` varchar(255) DEFAULT NULL,
  `company_web` varchar(255) DEFAULT NULL,
  `company_address` varchar(255) DEFAULT NULL,
  `availability` text,
  `idate` datetime NOT NULL,
  `udate` datetime DEFAULT NULL,
  `is_read` int(10) UNSIGNED NOT NULL DEFAULT '0' COMMENT '0=not read, 1=read',
  `read_date` datetime DEFAULT NULL,
  `req_date` varchar(45) DEFAULT NULL,
  `req_time` varchar(45) DEFAULT NULL,
  `req_kids` varchar(45) DEFAULT NULL,
  `req_age` varchar(45) DEFAULT NULL,
  `req_id_parent` int(10) UNSIGNED DEFAULT NULL
) ENGINE=InnoDB DEFAULT CHARSET=utf8;

--
-- Volcado de datos para la tabla `pd_contacts`
--

INSERT INTO `pd_contacts` (`id_contact`, `type`, `name`, `last_name`, `email`, `message`, `zipcode`, `experience`, `company_name`, `company_web`, `company_address`, `availability`, `idate`, `udate`, `is_read`, `read_date`, `req_date`, `req_time`, `req_kids`, `req_age`, `req_id_parent`) VALUES
(6, 'specialist', 'Specialist name', 'spec last name', 'specemail', '', 'speczip', 'My experience as specialist', '', '', '', '', '2018-07-30 03:00:28', '2018-08-17 04:34:53', 1, '2018-08-17 04:34:53', NULL, NULL, NULL, NULL, NULL),
(7, 'host', 'host name', 'host last name', 'hostmail@mail.com', '', '', '', 'Host Company', 'Host web', 'Host address', 'my host availability', '2018-07-30 03:01:11', '2018-08-16 05:09:02', 1, '2018-08-16 05:09:02', NULL, NULL, NULL, NULL, NULL),
(8, 'contact', 'Susana ', 'Arellano', 'sarellano@agenda28.com', 'Hi, I would like some information about playdate.\r\n\r\nThanks!', '', '', '', '', '', '', '2018-07-30 13:39:13', '2018-09-17 18:16:04', 1, '2018-09-17 18:16:04', NULL, NULL, NULL, NULL, NULL),
(9, 'host', 'Susana', 'Arellano', 'arlsusy@hotmail.com', '', '', '', 'Agenda28', 'agenda28.com', '404 onder', 'every day after 5pm', '2018-07-31 19:51:04', '2018-08-16 04:17:31', 1, '2018-08-16 04:17:31', NULL, NULL, NULL, NULL, NULL),
(10, 'contact', 'Susana', 'Arellano', 'arlsusy@hotmail.com', 'Prueba 1', '', '', '', '', '', '', '2018-08-04 15:23:29', '2018-08-16 03:57:06', 1, '2018-08-16 03:57:06', NULL, NULL, NULL, NULL, NULL),
(11, 'specialist', 'Susana', 'Arellano', 'sarellano@agenda28.com', '', '10001', 'All the experience', '', '', '', '', '2018-08-04 15:26:16', '2018-11-08 20:57:55', 1, '2018-11-08 20:57:55', NULL, NULL, NULL, NULL, NULL),
(12, 'host', 'Susana', 'Arellano', 'sarellano@agenda28.com', '', '', '', 'Agenda28', 'agenda28.com', '101 4th St', 'Every day', '2018-08-04 15:27:54', '2018-08-21 13:12:35', 1, '2018-08-21 13:12:35', NULL, NULL, NULL, NULL, NULL),
(13, 'contact', 'asdf', 'asdf', 'lancu@airtouchmedia.com', 'test', '', '', '', '', '', '', '2018-08-20 14:15:30', '2018-08-21 13:11:16', 1, '2018-08-21 13:11:16', NULL, NULL, NULL, NULL, NULL),
(14, 'contact', '21 August test', 'Test', 'email@website.com', 'This is a test email to test the functionality of the unread email on admin panel.', '', '', '', '', '', '', '2018-08-21 13:08:24', '2018-08-21 13:10:04', 1, '2018-08-21 13:10:04', NULL, NULL, NULL, NULL, NULL),
(15, 'contact', 'Mary', 'Smith', 'marysmith@gmail.com', 'Testing message in admin panel', '', '', '', '', '', '', '2018-08-22 22:08:11', '2018-08-27 15:24:24', 1, '2018-08-27 15:24:24', NULL, NULL, NULL, NULL, NULL),
(16, 'contact', 'Susana', 'Arellano', 'test@gmail2.com', 'I would like a new playdate!', '', '', '', '', '', '', '2018-08-27 15:24:11', '2018-08-27 15:26:27', 1, '2018-08-27 15:26:27', NULL, NULL, NULL, NULL, NULL),
(17, 'contact', 'Nicole', 'Raposo', 'nicole@playdatepal.com', 'I\'d like to nominate Los Angeles as a city for PAL! Can\'t wait for you guys to move to the West Coast! (TEST EMAIL - please forward to parentconcierge@playdatepal.com if you are receiving this, Andrea! Thanks!)', '', '', '', '', '', '', '2018-09-10 19:06:46', '2018-09-17 18:18:59', 1, '2018-09-17 18:18:59', NULL, NULL, NULL, NULL, NULL),
(18, 'specialist', 'Ana Maria', 'Ancu', 'lancu@airtouchmedia.com', '', '123123', 'I have some experience as a specialist', '', '', '', '', '2018-09-17 11:09:00', '2018-11-02 17:32:26', 1, '2018-11-02 17:32:26', NULL, NULL, NULL, NULL, NULL),
(19, 'host', 'John', 'McHost', 'host@test.com', '', '', '', 'Company Inc', 'www.companyinc.com', 'Victory St. 6', 'Playdate', '2018-09-17 11:09:52', '2018-12-28 11:36:44', 1, '2018-12-28 11:36:44', NULL, NULL, NULL, NULL, NULL),
(20, 'contact', 'Nicole', 'Raposo', 'nicole@playdatepal.com', 'Testing to see if this message shows up in \"Contacts\" on the admin page', '', '', '', '', '', '', '2018-09-18 21:01:35', '2018-09-24 15:00:22', 1, '2018-09-24 15:00:22', NULL, NULL, NULL, NULL, NULL),
(21, 'specialist', 'Tarwend Sida Emeline Zoungrana', 'Zoungrana', 'lilianezoung@gmail.com', '', '11233', '7 years experience with children ', '', '', '', '', '2018-10-08 17:12:13', '2018-10-23 20:22:19', 1, '2018-10-23 20:22:19', NULL, NULL, NULL, NULL, NULL),
(22, 'specialist', 'Benvontay Fogler', 'Fogler', 'bfogler95@gmail.com', '', '10026', '', '', '', '', '', '2018-10-25 00:11:25', '2018-10-31 18:36:07', 1, '2018-10-31 18:36:07', NULL, NULL, NULL, NULL, NULL),
(23, 'contact', 'SEOUtilk', 'SiteUtilkLD', 'vityanexlebaev8523@mail.ru', '  \r\n<a href=http://seorussian.ru>продвижение сайтов</a> в москве и по россии: seo <a href=http://seorussian.ru>продвижение сайта</a> за процент от продаж, раскрутка сайта с оплатой увеличения трафика, seo с оплатой звонков. самчук иван – seo-специалист с опытом внутренней и внешней поисковой оптимизации интернет-сайтов более восьми лет и глубокими знаниями в маркетинге и социальной психологии.  - <a href=http://seorussian.ru>seorussian.ru</a>', '', '', '', '', '', '', '2018-10-29 03:09:45', '2018-10-31 18:34:09', 1, '2018-10-31 18:34:09', NULL, NULL, NULL, NULL, NULL),
(24, 'contact', 'Cicely ', 'Hoey', 'cicelyadams302@gmail.com', 'Please come to Wilmington DE!', '', '', '', '', '', '', '2018-10-29 18:01:04', '2018-10-31 18:34:20', 1, '2018-10-31 18:34:20', NULL, NULL, NULL, NULL, NULL),
(25, 'contact', 'Daniella ', 'Raposo', 'raposodaniella@gmail.com', 'JUST TESTING THINGS. YOU GUYS ARE AMAZINGGGNGNGNGNGN. LOOKS AMAZINGGGGGG', '', '', '', '', '', '', '2018-10-30 21:45:42', '2018-10-31 21:07:25', 1, '2018-10-31 21:07:25', NULL, NULL, NULL, NULL, NULL),
(26, 'specialist', 'Elizabeth ', 'Gilliard', 'elizabethruthgilliard@gmail.com', '', '10453', 'Manager and Head Teacher at preschool prep program; Teaching Artist; Music Educator; Advanced First Aid/ Pro CPR certified; Bachelors in Psychology with focus on Child Development; In the process of completing Master\'s degree in Early Childhood Education ', '', '', '', '', '2018-11-02 01:05:24', '2018-11-02 17:33:28', 1, '2018-11-02 17:33:28', NULL, NULL, NULL, NULL, NULL),
(27, 'request', 'Juan Carlos', 'Flórez Fernández', 'jflorezf@gmail.com', '', '', '', '', '', '', '', '2018-11-07 13:11:26', '2018-11-08 20:57:53', 1, '2018-11-08 20:57:53', '17/11/2018', '6pm', '5', '3 years', 7),
(28, 'request', 'Juan Carlos', 'Flórez Fernández', 'jflorezf@gmail.com', '', '', '', '', '', '', '', '2018-11-07 13:27:24', '2018-11-09 19:10:49', 1, '2018-11-09 19:10:49', '', '', '', '', 7),
(29, 'request', 'Amanda', 'Raposo', 'amanda@projectplaydate.org', '', '', '', '', '', '', '', '2018-11-09 17:39:07', '2018-11-09 18:08:36', 1, '2018-11-09 18:08:36', '', '6-9pm', '10', '3-5 year olds', 22),
(30, 'contact', 'Lori ', 'Trimailo', 'lorialyssa@gmail.com', 'Hello! Will you be offering any playdates for 11/21 or 11/23? Thanks!', '', '', '', '', '', '', '2018-11-09 20:46:18', '2018-11-09 23:19:02', 1, '2018-11-09 23:19:02', '', '', '', '', 0),
(31, 'contact', 'Amanda ', 'DiSalvatore', 'adisalvatore89@gmail.com', 'Hello, I would like to join so that my kids can attend the open playdates.  ', '', '', '', '', '', '', '2018-11-10 00:00:13', '2018-11-19 05:44:54', 1, '2018-11-19 05:44:54', '', '', '', '', 0),
(32, 'contact', 'Yulia', 'Lysenko', 'yulia.lysenko@soft-group.com', 'Hi ,\r\nMy name is Yulia Lysenko. I work as a Business Analyst at Ukrainian IT company Soft-Group.com. Looking through your company profile, I noticed that you are in need of qualified programmers. So we offer you to outsource your IT projects to our developers.\r\n\r\nBased on your job posting on Angel.co, I see that we have Software Engineer who can handle PAL by Project Playdate project.\r\nSome of our projects:    https://soft-group.com/clients\r\n\r\nCompany\'s video:          https://www.youtube.com/watch?v=MUg5kgzEfLI       \r\n\r\nCompany’s photos:        https://www.soft-group.com/photo-gallery\r\n\r\nClients\' feedback:         https://soft-group.com/feedbacks     \r\n\r\nOur prices start from $3800/month for senior developer and from $1900-$2800/month for junior/middle developer. Prices always depend on programmer\'s skills and qualification.   \r\n\r\nYour benefits:\r\n\r\n1. 24x7 Communication, Daily Progress reports\r\n\r\n2. You can test/ interview every developer before hiring.\r\n\r\n3. No third person in between you and the specialist (developers will work with you directly)\r\n\r\n4. Adjustment to your schedule and model of work  \r\n\r\n5. Developers are fluent English speakers\r\n\r\n6. All product rights belong to you. Complete \'White Label\' service\r\n\r\nSoftGroup www.Soft-group.com \\ www.SoftGroup.ua currently has 220+ employees in staff. Our dev. centres (R&Ds) are located in Rivne, Poltava, Vinnytsia, Cherkasy and Ivano-Frankivsk. . \r\n\r\nLooking forward to hearing from you!\r\n\r\nYulia Lysenko\\ \r\nBusiness Analyst \r\nwww.Soft-Group.com\r\n\r\nSkype:  SoftGroupCom\r\nEmail: yulia.lysenko@soft-group.com\r\nLinkedin: linkedin.com/soft-group\r\nFacebook: facebook.com/softgroup\r\n\r\n\r\nUkraine: +38-044-451-67-64\r\n    USA: +1-646-564-5598  \r\n      UK: +44-20-3393-4826\r\n', '', '', '', '', '', '', '2018-11-13 10:53:53', '2018-11-13 17:17:55', 1, '2018-11-13 17:17:55', '', '', '', '', 0),
(33, 'request', 'Parent Concierge', '', 'raposonico@gmail.com', '', '', '', '', '', '', '', '2018-11-13 17:10:11', '2018-11-19 05:44:05', 1, '2018-11-19 05:44:05', '25/12/2018', '12am', '5', '6 mo - 5', 20),
(34, 'contact', 'python', 'python', 'playeragent09@aol.com', 'Ciao! That is an interesting offers - 500+ top quality slots, roulette and blackjack games to choose from.  To qualify click on the link below. http://bit.ly/2yrZ3Zj', '', '', '', '', '', '', '2018-11-13 22:50:22', '2018-11-13 22:57:55', 1, '2018-11-13 22:57:55', '', '', '', '', 0),
(35, 'contact', 'Winston', 'Winston', 'winred7@thefirstpageplan.com', 'I simply wondered if you\'ve planned any marketing yet for your site.  I\'m self-employed achieving this for various businesses for a number of years now, I feed my family doing this so I won\'t complain.  I have a way of getting immediate interested traffic and buyers to your website through social media channels and email.  As well as getting more likes, followers for all of your social media accounts.  I have a brand new program that\'s just been completed that listens to all social mentions being made, in case a certain word or phrase is detected, we instantly send back to them a message that they should visit your site.  We are able to use as numerous search terms as we would like, hundreds of targeted visits a day.  I can also assist you in making/updating your website, fix site errors add updates etc.  If you may want it. \r\n\r\nAs well as that, I\'d also like to find out what your competitors have done that you havn\'t done yet and address those issues asap.  I\'d also like to create a video or two about your site and encourage them to rank high pretty quickly.  Lastly I have a large database of opt in customers which are thinking about what it is you do, so if you\'d want to expand your present newsletter list let me know, I can enable you to get these records whenever you\'d like them. They would allow you to get instant leads by supplying you with a set of people or businesses that are looking for exactly what it is you\'re offering. \r\n\r\nI take advantage of tools a good number of individuals don\'t know about or don\'t have time to use for themselves and I would like to use them for your site. If your\'re to busy with current clients I understand, I was just wondering was all. I\'d like to know if you\'d like additional information or references, I have more than I know what to do with.\r\n\r\nWinston\r\n1.319.423.9473', '', '', '', '', '', '', '2018-11-14 23:15:31', '2018-11-15 19:34:05', 1, '2018-11-15 19:34:05', '', '', '', '', 0),
(36, 'contact', 'GILBERTO', 'GILBERTO', 'winanarasena@yahoo.com', 'Good day! There is an important offers - Deposit now $/€ 10 - and you will be able to play with  $/€ 20 or even $/€ 30.   http://bit.ly/2Jc8Hne', '', '', '', '', '', '', '2018-11-20 08:03:53', '2018-11-20 22:43:40', 1, '2018-11-20 22:43:40', '', '', '', '', 0),
(37, 'contact', 'Brensnanmt', 'BrensnanmtAQ', 'bestsphinisni1970@poczta.pl', 'Acai Berry Health Benefits - Try An Berries Free Trial And Very Impressed! \r\n#2 - Acai Berry Detox. \r\nBBB rating V. \r\nThe related company is FWM Laboratories, Inc. \r\nThey\'ve 2693 complaints against them, most with them have not been resolved by the corporate. \r\n \r\nImmunity - Before we describe the immunity boosting capabilities with the Acai Berry, we should take a design at what ORAC. \r\nORAC is a pace of lots of damage caused towards the body by free radicals. \r\nThe acai berry colon cleanse fruit has 3800 ORAC anti-oxidants. \r\nIts ORAC values are actually greater than spinach and broccoli combined together. \r\nHigh ORAC values help the fruit fight free radicals better. \r\n \r\nColon decontamination can be ended in a large amount ways, however it is not all methods are as well as actual ways. \r\nSeveral methods in lieu of ideal and actual results are very straightforward. \r\nDaily contingent in the colon decontamination supplements are surprising gains. \r\nColon is part of the wither all from body, and books. \r\nThese wastes are supplied by health and wellness and mind into savings account. \r\n \r\nIn South America, acai berries benefits benefits have been known for centuries. \r\nTribes used its antibacterial properties to fight infections, it really is antiseptic properties to heal cuts and scrapes. \r\nThey consume it in heaps through the wine they make from out. \r\n \r\nIf you\'re looking for the dietary pill you ought to acai berries where to buy supplement. \r\nThis is because if you buy this supplement you and not simply can loss your weight naturally but you could offer it without connected with energy simply because this acai berry supplement is the highest quality energy booster to keep you energetic lethal head-on collisions .. \r\n \r\nYou must ensure that any the product your buy is not an extract in fact it is freeze dried, so that the fruit is in its full potency. \r\nMost of the products you will discover are just extracts and they also contain other ingredients that may decrease great and bad a supplement as a weight loss product. \r\nOne ingredient to beware of is guarana, which cuts down the effectiveness of acai super berry. \r\n \r\nAcai contains antioxidants, fiber, protein, amino acids, healthy omega fats, and anthocyanins. \r\nFor greatest results when you buy acai any other superfoods, confirm they\'re pure and organic. \r\nItems should be individually researched and tested within the seller\'s employer. \r\nAll superfoods are excellent for supplementing a fit diet, or a diet that\'s lacking in a good many important nutrient substances. \r\nA person first buy superfoods, you gain numerous and invaluable benefits to your body\'s overall fitness and well-being. \r\nAchieve longer life, maintain ideal weight, and fight disease all of them! They are the future of healthy food items. \r\n \r\nI know many individual will say \"I just don\'t have enough to eat healthily, junk food is too convenient\" or \"my less complicated so hectic, I\'m lucky to get food within - much less healthy food\". \r\nI hope seeing those statement on the web will these clear for they are; excuses and justifications to disguise the real problem. \r\nThe limiting issue is different any individual to record. \r\nOnce you address it you can move on and, suddenly, your justifications look as ridiculous as the ones I\'ve written talked about. \r\nThen you can finally make something come about. <a href=\"UR\"L>http://atde.abcmedecine.com/hairgraying/</a>', '', '', '', '', '', '', '2018-11-30 08:43:21', '2018-11-30 19:41:08', 1, '2018-11-30 19:41:08', '', '', '', '', 0),
(38, 'contact', 'Tylertwits', 'Tylertwits', 'alexblank@blanksterner.com', ' Hi Look what we have for you! a fineoffer \r\n To qualify click on the link below  \r\n \r\nhttps://drive.google.com/file/d/1bJC85iYFscnDKcS-yf6uFApi5OxvFtIu/preview', '', '', '', '', '', '', '2018-12-01 04:32:34', '2018-12-03 21:13:55', 1, '2018-12-03 21:13:55', '', '', '', '', 0),
(39, 'contact', 'Randy', 'Sinclair', 'randy@talkwithlead.com', 'Hi,\r\n\r\nMy name is Randy and I was looking at a few different sites online and came across your site playdatepal.com.  I must say - your website is very impressive.  I found your website on the first page of the Search Engine.\r\n\r\nHave you noticed that 70 percent of visitors who leave your website will never return?  In most cases, this means that 95 percent to 98 percent of your marketing efforts are going to waste, not to mention that you are losing more money in customer acquisition costs than you need to.\r\nAs a business person, the time and money you put into your marketing efforts is extremely valuable.  So why let it go to waste?  Our users have seen staggering improvements in conversions with insane growths of 150 percent going upwards of 785 percent. Are you ready to unlock the highest conversion revenue from each of your website visitors?  \r\n\r\nTalkWithLead is a widget which captures a website visitor’s Name, Email address and Phone Number and then calls you immediately, so that you can talk to the Lead exactly when they are live on your website — while they\'re hot! Best feature of all, we offer FREE International Long Distance Calling!\r\n  \r\nTry the TalkWithLead Live Demo now to see exactly how it works.  Visit: http://www.talkwithcustomer.com\r\n\r\nWhen targeting leads, speed is essential - there is a 100x decrease in Leads when a Lead is contacted within 30 minutes vs being contacted within 5 minutes.\r\n\r\nIf you would like to talk to me about this service, please give me a call.  We do offer a 14 days free trial.  \r\n\r\nThanks and Best Regards,\r\nRandy\r\n\r\nIf you\'d like to unsubscribe click here. http://liveserveronline.com/talkwithcustomer.aspx?d=playdatepal.com', '', '', '', '', '', '', '2018-12-03 12:27:26', '2018-12-03 21:13:44', 1, '2018-12-03 21:13:44', '', '', '', '', 0),
(40, 'contact', 'Meggy', 'Masters', 'meggymasters@gmail.com', 'Hi, Last spring I bought two certificates for a pajama party from a nursery school auction. I keep checking the website, but I can never find a pajama party. What can I use my certificates for? ', '', '', '', '', '', '', '2018-12-04 04:01:05', '2018-12-04 17:12:01', 1, '2018-12-04 17:12:01', '', '', '', '', 0),
(41, 'contact', 'Charolette', 'Charolette', 'deniehy.charolette@hotmail.com', 'Imagine having a set of headphones that don\'t cover your ears, yet you can still hear your\r\n\r\n- Music\r\n- Podcasts\r\n- Boss\r\n- Kids\r\n- Surroundings\r\n- Movies\r\n- Video Games\r\n\r\nAll the while, no one else can hear what you\'re listening to.  You hear it all through your skin, your bones...\r\n\r\nNo earbuds or headphones yet perfect sound.\r\n\r\nListen to anything without headphones or earbuds.\r\n\r\nThe future is now, you aren\'t going to believe this...\r\n\r\nPerfect Holiday Gift, Hands Down, You Have To See This To Believe It\r\n\r\nHear your surroundings while still listening to whatever you want while no one else can hear a thing...\r\n\r\nPerfect for \r\n\r\nTeenagers while driving (Sirens aren\'t drowned out by loud music)\r\nWireless monitors for performers\r\nThose hard of hearing as it bypasses your eardrums\r\nLoud environments\r\nNo damage to your eardrums\r\n\r\nThe list goes on...\r\n\r\nhttps://rebrand.ly/0ca82', '', '', '', '', '', '', '2018-12-05 12:47:39', '2018-12-05 15:48:12', 1, '2018-12-05 15:48:12', '', '', '', '', 0),
(42, 'specialist', 'EllGritty', 'EllGrittyKC', 'ellZete@zmail.website', '', '125313', 'Viagra Cialis Erbe Buy Cheap Zocor Without Prescription  <a href=http://bestviaonline.com>viagra online</a> Research Cost Of Viagra Buy Sildenafil 50mg Uk  Zithromax Z Pak Dosage  <a href=http://genericvia.com>viagra</a> Achat De Veritable Cialis  Elocon Eczema Drugs Free Consultation  <a href=http://xbmeds.com></a> Where To Buy Kamagra Oral Jelly In Singapore Propecia Profesional Viagra Belgique Prescription Medicale  Dutasteride Avolve Ou Trouver Du Viagra Cialis Es Malo  <a href=http://tadalaf.com>where to buy cialis online safely</a> Cialis Betabloccanti  ', '', '', '', '', '2018-12-10 06:09:06', '2018-12-10 16:37:36', 1, '2018-12-10 16:37:36', '', '', '', '', 0),
(43, 'contact', 'GeraldIteds', 'GeraldIteds', 'cs.turkish@accessconsciousness.com', '  What we brood on here is , opendisparage up for convenient \r\n Fair click \r\n \r\n \r\nhttp://bit.ly/2Pstzbe', '', '', '', '', '', '', '2018-12-12 04:58:27', '2018-12-12 16:57:37', 1, '2018-12-12 16:57:37', '', '', '', '', 0),
(44, 'contact', 'Detmebgop', 'DetmebgopMO', 'artyom-pokrovskiy-1970@bk.ru', 'Детская мебель на заказ в Нижнем Новгороде - <a href=http://xn--80achebb5amfoa3bm2mpb.xn--p1ai>детскаямебельнн.рф</a> \r\n \r\n<a href=http://xn--80achebb5amfoa3bm2mpb.xn--p1ai> детская мебель Нижний Новгород</a>       ', '', '', '', '', '', '', '2018-12-12 14:26:13', '2018-12-12 16:57:42', 1, '2018-12-12 16:57:42', '', '', '', '', 0),
(45, 'contact', 'Kuhnigop', 'KuhnigopMO', 'scatresnasemb1995@seocdvig.ru', 'Кухни на заказ Нижний Новгород - http://xn----ttbhac9ao5f.xn--p1ai - нн-кухня.рф \r\n \r\nhttp://xn----ttbhac9ao5f.xn--p1ai -  мебельная фабрика Нижний Новгород       ', '', '', '', '', '', '', '2018-12-12 21:55:33', '2018-12-12 22:19:20', 1, '2018-12-12 22:19:20', '', '', '', '', 0),
(46, 'host', '1', '1', '1', '', '', '', '1', '1', '1', '1', '2018-12-13 14:09:49', '2018-12-13 17:23:11', 1, '2018-12-13 17:23:11', '', '', '', '', 0),
(47, 'contact', '1', '1', '1', '1', '', '', '', '', '', '', '2018-12-13 14:09:51', '2018-12-13 17:23:14', 1, '2018-12-13 17:23:14', '', '', '', '', 0),
(48, 'contact', 'Kuhnigop', 'KuhnigopMO', 'shulcz.nikolaj.89@mail.ru', 'Кухни на заказ Нижний Новгород - <a href=http://kuhni-nn.ru>kuhni-nn.ru</a> \r\n \r\n<a href=http://kuhni-nn.ru> кухонный гарнитур</a>       ', '', '', '', '', '', '', '2018-12-14 18:52:13', '2018-12-14 20:02:43', 1, '2018-12-14 20:02:43', '', '', '', '', 0),
(49, 'specialist', 'Nicole', '', 'raposonico@gmail.com', '', '', 'None', '', '', '', '', '2018-12-14 19:21:56', '2018-12-14 20:02:50', 1, '2018-12-14 20:02:50', '', '', '', '', 0),
(50, 'contact', 'Detmebgop', 'DetmebgopMO', 'filippov.denis.filippov.1997.de@mail.ru', 'Детская мебель на заказ в Нижнем Новгороде - http://1-meb.ru - 1-meb.ru \r\n \r\nhttp://1-meb.ru -  детская мебель на заказ       ', '', '', '', '', '', '', '2018-12-15 09:40:20', '2018-12-17 15:35:03', 1, '2018-12-17 15:35:03', '', '', '', '', 0),
(51, 'contact', 'Ofismebgop', 'OfismebgopMO', 'kirya.mironov.1974@list.ru', 'Офиская мебель на заказ Нижний Новгород - <a href=http://mebelnayafirma.ru>mebelnayafirma.ru</a> \r\n \r\n<a href=http://mebelnayafirma.ru> мебель на заказ в Нижнем Новгороде</a>       ', '', '', '', '', '', '', '2018-12-15 15:42:41', '2018-12-17 15:35:07', 1, '2018-12-17 15:35:07', '', '', '', '', 0),
(52, 'contact', 'JosephWhink', 'JosephWhink', 'mats@blinken.eu', ' Hey an fascinatingpresent \r\n Clean up click on the affiliation subordinate to to coolness  \r\n \r\n \r\nhttp://bit.ly/2UztnuD', '', '', '', '', '', '', '2018-12-15 15:49:38', '2018-12-17 15:35:10', 1, '2018-12-17 15:35:10', '', '', '', '', 0),
(53, 'contact', 'Ofismebgop', 'OfismebgopMO', 'zaxarov.aleksej.68@inbox.ru', 'Офиская мебель на заказ Нижний Новгород - <a href=http://xn----7sbdpbozehhab4b2b7itb.xn--p1ai>офиснаямебель-нн.рф</a> \r\n \r\n<a href=http://xn----7sbdpbozehhab4b2b7itb.xn--p1ai> офисная мебель на заказ в нижнем новгорде</a>       ', '', '', '', '', '', '', '2018-12-17 18:48:08', '2018-12-17 20:14:11', 1, '2018-12-17 20:14:11', '', '', '', '', 0),
(54, 'contact', 'Kuhnigop', 'KuhnigopMO', 'ignatev_german_ignatev_1997_ger@mail.ru', 'Кухни на заказ Нижний Новгород - http://xn--h1adjba6ao.xn--p1ai - кухнинн.рф \r\n \r\nhttp://xn--h1adjba6ao.xn--p1ai -  обеденные гарнитуры       ', '', '', '', '', '', '', '2018-12-18 01:53:28', '2018-12-18 15:11:49', 1, '2018-12-18 15:11:49', '', '', '', '', 0),
(55, 'contact', 'Bedroomgop', 'BedroomgopMO', 'bykov.ilya.2019@list.ru', 'Мебель для спальни на заказ в Нижнем Новгороде - http://xn----7sbylkcajr7i.xn--p1ai - спальни-нн.рф \r\n \r\nhttp://xn----7sbylkcajr7i.xn--p1ai - спальни в Нижнем Новгороде       ', '', '', '', '', '', '', '2018-12-18 15:01:39', '2018-12-18 15:11:52', 1, '2018-12-18 15:11:52', '', '', '', '', 0),
(56, 'contact', 'Roomgop', 'RoomgopMO', 'vlasov.egor.71@list.ru', 'Стенки на заказ в Нижнем Новгороде - http://xn--90aeccbuhmbetakd5bq8n6b.xn--p1ai - мебельдлягостинной.рф \r\n \r\nhttp://xn--90aeccbuhmbetakd5bq8n6b.xn--p1ai - гостинные на заказ       ', '', '', '', '', '', '', '2018-12-18 15:40:23', '2018-12-18 19:30:27', 1, '2018-12-18 19:30:27', '', '', '', '', 0),
(57, 'contact', 'federico', 'federico', 'winnieyintsang@yahoo.com.hk', 'Hello! That is an interesting bonus offers for you.  Try and be our next winner. http://bit.ly/2J6Cs8N', '', '', '', '', '', '', '2018-12-20 00:02:13', '2019-01-02 20:26:56', 1, '2019-01-02 20:26:56', '', '', '', '', 0),
(58, 'contact', 'Alexistoide', 'Alexistoide', 'sandvold@roofarkitekter.se', ' Hey a elevatedpremium \r\n Uninhibited click on the connection subsumed under to fit  \r\n \r\n \r\nhttp://red.studygood.com/BjPJxAUe', '', '', '', '', '', '', '2018-12-20 02:11:39', '2019-01-02 20:26:53', 1, '2019-01-02 20:26:53', '', '', '', '', 0),
(59, 'specialist', 'Rosibel', 'Valencia', 'rosibelv94@gmail.com', '', '10019', 'Current teacher assistant at KidVille Midtown West. Prior experience babysitting and working at summer camps with children.', '', '', '', '', '2018-12-20 05:38:43', '2019-01-02 21:11:54', 1, '2019-01-02 21:11:54', '', '', '', '', 0),
(60, 'contact', 'lucia', 'polanco', 'lpolanco13@gmail.com', 'Good morning. i am unable to register online or sign up for brooklyn playdates. please email me or call regarding registration . tsk, lucia . 347-399-9312', '', '', '', '', '', '', '2018-12-20 15:40:23', '2019-01-02 22:12:47', 1, '2019-01-02 22:12:47', '', '', '', '', 0),
(61, 'contact', 'SEOUtilk', 'SiteUtilkLD', 'learhongriddstor1983@seocdvig.ru', ' \r\nseorussian.ru - Продвижение сайта              \r\n \r\nhttp://?seorussian.ru - Раскрутка сайтов в Москве     \r\n \r\nhttp://?seorussian.ru/Razrabotka-saytov.html - Разработка сайтов    ', '', '', '', '', '', '', '2018-12-23 04:01:40', '2019-01-02 20:26:50', 1, '2019-01-02 20:26:50', '', '', '', '', 0),
(62, 'contact', 'Thomasbip', 'Thomasbip', 'sanruffillobo@gmail.com', '  What we treat here is , a okpresent \r\n Principled click on the bond imperfect to the day-star to transform  \r\n \r\n \r\nhttp://bit.ly/2UVxuBi', '', '', '', '', '', '', '2018-12-23 05:40:49', '2019-01-02 20:26:43', 1, '2019-01-02 20:26:43', '', '', '', '', 0),
(63, 'contact', 'Detmebgop', 'DetmebgopMO', 'vorobyov.rostislav.81@bk.ru', 'Детская мебель на заказ в Нижнем Новгороде - <a href=http://a2mebel.ru>a2mebel.ru</a> \r\n \r\n<a href=http://a2mebel.ru>кровати</a>       ', '', '', '', '', '', '', '2018-12-23 18:16:23', '2019-01-02 20:26:41', 1, '2019-01-02 20:26:41', '', '', '', '', 0),
(64, 'contact', 'Kuhnigop', 'KuhnigopMO', 'den-antonov-1982@bk.ru', 'Кухни на заказ Нижний Новгород - <a href=http://xn----stbjba6ao5f.xn--p1ai>кухня-нн.рф</a> \r\n \r\n<a href=http://xn----stbjba6ao5f.xn--p1ai> купить дешевую кухню эконом класса</a>       ', '', '', '', '', '', '', '2018-12-23 22:30:00', '2019-01-02 20:26:38', 1, '2019-01-02 20:26:38', '', '', '', '', 0),
(65, 'contact', 'Hallwaygop', 'HallwaygopMO', 'lyonya-gusev@list.ru', 'Мебель в прихожию на заказ в Нижнем Новгороде - <a href=http://xn----7sbrh2aacgj5c3g.xn--p1ai>прихожая-нн.рф</a> \r\n \r\n<a href=http://xn----7sbrh2aacgj5c3g.xn--p1ai>прихожие на заказ</a>       ', '', '', '', '', '', '', '2018-12-24 06:34:44', '2019-01-02 20:26:35', 1, '2019-01-02 20:26:35', '', '', '', '', 0),
(66, 'contact', 'Nate Puente', 'Puente', 'nate.puente@msn.com', 'Hey, it\'s Nate!\r\n\r\nAlmost everyone is using voice search with their Siri/Google/Alexa to ask for services and products now, and in 2019, it\'ll be EVERYONE of your potential customers. What  you are missing out on.\r\n\r\nJust now, I can only find playdatepal.com on text search after going through a few pages (that\'s hurting your business), competitors on top are getting all the traffic and $$$$!\r\n\r\nAnswer all your buyers\' questions on your site and earn their business! Find out how simple it is : https://goo.gl/6h8hfW\r\n\r\nGet your VSO voice search optimized content: https://goo.gl/tQh8J7\r\nStarts at $20, regular SEO content starts at $10\r\n\r\nRegards,\r\nNate', '', '', '', '', '', '', '2018-12-25 06:37:21', '2018-12-28 11:35:24', 1, '2018-12-28 11:35:24', '', '', '', '', 0),
(67, 'contact', 'Hallwaybgop', 'HallwaygopMO', 'filippov.dmitrij.76@bk.ru', 'Мебель в прихожию на заказ в Нижнем Новгороде - <a href=http://salonshkafkupe.ru>salonshkafkupe.ru</a> \r\n \r\n<a href=http://salonshkafkupe.ru>встроенные прихожие на заказ в Нижнем Новгороде</a>       ', '', '', '', '', '', '', '2018-12-25 22:24:26', '2019-01-02 20:26:33', 1, '2019-01-02 20:26:33', '', '', '', '', 0),
(68, 'contact', 'Everettgop', 'EverettgopMO', 'glyctimanri1970@plusgmail.ru', 'http://мебель-шкаф.рф - шкафы купе \r\nhttp://мебель-шкаф.рф - шкафы купе на заказ \r\nhttp://мебель-шкаф.рф - шкафы купе недорого \r\nhttp://мебель-шкаф.рф - угловые шкафы купе \r\nhttp://мебель-шкаф.рф - шкафы купе фото \r\nhttp://мебель-шкаф.рф - встроенные шкафы купе \r\nhttp://мебель-шкаф.рф - шкафы купе каталог \r\nhttp://мебель-шкаф.рф - куплю шкаф купе \r\nhttp://мебель-шкаф.рф - купить шкаф купе \r\nhttp://мебель-шкаф.рф - шкафы купе цены \r\nhttp://мебель-шкаф.рф - дверь для шкафа купе \r\nhttp://мебель-шкаф.рф - двери для шкафов купе \r\nhttp://мебель-шкаф.рф - мебель шкафы купе \r\nhttp://мебель-шкаф.рф - фурнитура для шкафов купе \r\nhttp://мебель-шкаф.рф - наполнение шкафа купе \r\nhttp://мебель-шкаф.рф - шкафы купе москва \r\nhttp://мебель-шкаф.рф - изготовление шкафов купе \r\nhttp://мебель-шкаф.рф - комплектующие для шкафов купе \r\nhttp://мебель-шкаф.рф - сборка шкафа купе \r\nhttp://мебель-шкаф.рф - расчет шкафа купе \r\nhttp://мебель-шкаф.рф - готовые шкафы купе \r\nhttp://мебель-шкаф.рф - дизайн шкафов купе \r\nhttp://мебель-шкаф.рф - дизайны шкафов купе \r\nhttp://мебель-шкаф.рф - шкаф купе в прихожую \r\nhttp://мебель-шкаф.рф - стоимость шкафа купе \r\nhttp://мебель-шкаф.рф - магазины шкаф купе \r\nhttp://мебель-шкаф.рф - дешевые шкафы купе \r\nhttp://мебель-шкаф.рф - заказать шкаф купе \r\nhttp://мебель-шкаф.рф - схема шкафа купе \r\nhttp://мебель-шкаф.рф - производство шкафов купе \r\nhttp://мебель-шкаф.рф - профиль для шкафов купе \r\nhttp://мебель-шкаф.рф - распродажа шкафов купе \r\nhttp://мебель-шкаф.рф - найди шкафы купе \r\nhttp://мебель-шкаф.рф - шкафы купе от производителя \r\nhttp://мебель-шкаф.рф - шкафы купе продажа \r\nhttp://мебель-шкаф.рф - раздвижные шкафы купе \r\nhttp://мебель-шкаф.рф - мебельные шкафы купе \r\nhttp://мебель-шкаф.рф - шкафы купе на заказ недорого \r\nhttp://мебель-шкаф.рф - размеры шкаф купе \r\nhttp://мебель-шкаф.рф - шкаф купе проект \r\nhttp://мебель-шкаф.рф - угловые шкафы купе фото \r\nhttp://мебель-шкаф.рф - шкаф купе эконом \r\nhttp://мебель-шкаф.рф - фабрика мебели \r\nhttp://мебель-шкаф.рф - производство мебели \r\nhttp://мебель-шкаф.рф - кухонная мебель \r\nhttp://мебель-шкаф.рф - мебель на заказ \r\nhttp://мебель-шкаф.рф - корпусная мебель \r\nhttp://мебель-шкаф.рф - гостиная мебель \r\nhttp://мебель-шкаф.рф - мебель для кухни \r\nhttp://мебель-шкаф.рф - купить мебель \r\nhttp://мебель-шкаф.рф - мебель для гостиной \r\nhttp://мебель-шкаф.рф - мебель для гостиных \r\nhttp://мебель-шкаф.рф - каталог мебели \r\nhttp://мебель-шкаф.рф - мебель для комнаты \r\nhttp://мебель-шкаф.рф - производители мебели \r\nhttp://мебель-шкаф.рф - продажа мебели \r\nhttp://мебель-шкаф.рф - изготовление мебели \r\nhttp://мебель-шкаф.рф - прихожие мебель \r\nhttp://мебель-шкаф.рф - мебель для спален \r\nhttp://мебель-шкаф.рф - мебель для спальни \r\nhttp://мебель-шкаф.рф - мебель для ванной комнаты \r\nhttp://мебель-шкаф.рф - модульная мебель \r\nhttp://мебель-шкаф.рф - ремонт мебели \r\nhttp://мебель-шкаф.рф - мебель для офиса \r\nhttp://мебель-шкаф.рф - салон мебели \r\nhttp://мебель-шкаф.рф - мебель для дачи \r\nhttp://мебель-шкаф.рф - фото мебель \r\nhttp://мебель-шкаф.рф - мебель для дома \r\nhttp://мебель-шкаф.рф - недорогая мебель \r\nhttp://мебель-шкаф.рф - сборка мебели \r\nhttp://мебель-шкаф.рф - мебель дешевле \r\nhttp://мебель-шкаф.рф - дешевая мебель \r\nhttp://мебель-шкаф.рф - мебель шкафы \r\nhttp://мебель-шкаф.рф - дизайн мебели \r\nhttp://мебель-шкаф.рф - прихожии мебель \r\nhttp://мебель-шкаф.рф - сайт мебели \r\nhttp://мебель-шкаф.рф - мебель для детской комнаты \r\nhttp://мебель-шкаф.рф - сборка мебели \r\nhttp://мебель-шкаф.рф - мебель для детской комнаты \r\nhttp://мебель-шкаф.рф - стенки мебель \r\nhttp://мебель-шкаф.рф - цены на мебель \r\nhttp://мебель-шкаф.рф - сайт мебели \r\nhttp://мебель-шкаф.рф - мебель для детского сада \r\nhttp://мебель-шкаф.рф - прайс мебель \r\nhttp://мебель-шкаф.рф - прихожии мебель \r\nhttp://мебель-шкаф.рф - мебель недорого \r\nhttp://мебель-шкаф.рф - мебель для дачи \r\nhttp://мебель-шкаф.рф - размеры мебели \r\nhttp://мебель-шкаф.рф - дешевая мебель \r\nhttp://мебель-шкаф.рф - мебель дешевле \r\nhttp://мебель-шкаф.рф - дизайнер мебели \r\nhttp://мебель-шкаф.рф - встроенная мебель \r\nhttp://мебель-шкаф.рф - мебель фасады \r\nhttp://мебель-шкаф.рф - производство корпусной мебели \r\nhttp://мебель-шкаф.рф - мебель купе \r\nhttp://мебель-шкаф.рф - материал для мебели \r\nhttp://мебель-шкаф.рф - офисная мебель россии \r\nhttp://мебель-шкаф.рф - мебель \r\nhttp://мебель-шкаф.рф - изготовление корпусной мебели \r\nhttp://мебель-шкаф.рф - современная мебель \r\nhttp://мебель-шкаф.рф - изготовление мебели на заказ \r\nhttp://мебель-шкаф.рф - мебель для гостинной \r\nhttp://мебель-шкаф.рф - мебель для ресторанов \r\nhttp://мебель-шкаф.рф - офисная мебель москва \r\nhttp://мебель-шкаф.рф - мебель компьютерная \r\nhttp://мебель-шкаф.рф - библиотека мебель \r\nhttp://мебель-шкаф.рф - мебель шкафы купе \r\nhttp://мебель-шкаф.рф - офисная мебель заказ \r\nhttp://мебель-шкаф.рф - индивидуальная мебель \r\nhttp://мебель-шкаф.рф - мебель для кухни фото \r\nhttp://мебель-шкаф.рф - мебель для гостиниц \r\nhttp://мебель-шкаф.рф - мебель для зала \r\nhttp://мебель-шкаф.рф - корпусная мебель на заказ \r\nhttp://мебель-шкаф.рф - мебель для квартиры \r\nhttp://мебель-шкаф.рф - элементы мебели \r\nhttp://мебель-шкаф.рф - мебель скидки \r\nhttp://мебель-шкаф.рф - мебель из дсп \r\nhttp://мебель-шкаф.рф - мебель для кабинета \r\nhttp://мебель-шкаф.рф - офисная мебель под заказ \r\nhttp://мебель-шкаф.рф - стоимость мебели \r\nhttp://мебель-шкаф.рф - корпусная мебель гостиная \r\nhttp://мебель-шкаф.рф - хорошая мебель \r\nhttp://мебель-шкаф.рф - шкаф \r\nhttp://мебель-шкаф.рф - шкафы купе \r\nhttp://мебель-шкаф.рф - фото шкафы \r\nhttp://мебель-шкаф.рф - угловой шкаф \r\nhttp://мебель-шкаф.рф - встроенные шкафы \r\nhttp://мебель-шкаф.рф - шкафы купе фото \r\nhttp://мебель-шкаф.рф - шкафы на заказ \r\nhttp://мебель-шкаф.рф - шкаф дверь \r\nhttp://мебель-шкаф.рф - двери шкафа \r\nhttp://мебель-шкаф.рф - куплю шкаф \r\nhttp://мебель-шкаф.рф - шкаф купить \r\nhttp://мебель-шкаф.рф - шкафы купе на заказ \r\nhttp://мебель-шкаф.рф - каталог шкафов \r\nhttp://мебель-шкаф.рф - шкафы купе каталог \r\nhttp://мебель-шкаф.рф - шкаф купе угловой \r\nhttp://мебель-шкаф.рф - двери шкафов купе \r\nhttp://мебель-шкаф.рф - мебель шкафы \r\nhttp://мебель-шкаф.рф - шкафы для одежды \r\nhttp://мебель-шкаф.рф - дизайн шкафа \r\nhttp://мебель-шкаф.рф - шкаф недорого \r\nhttp://мебель-шкаф.рф - книжный шкаф \r\nhttp://мебель-шкаф.рф - шкафы купе недорого \r\nhttp://мебель-шкаф.рф - шкафы купе цены \r\nhttp://мебель-шкаф.рф - изготовление шкафов \r\nhttp://мебель-шкаф.рф - купить шкаф купе \r\nhttp://мебель-шкаф.рф - встроенные шкафы купе \r\nhttp://мебель-шкаф.рф - дизайн шкафов купе \r\nhttp://мебель-шкаф.рф - дизайны шкафов купе \r\nhttp://мебель-шкаф.рф - наполнение шкафа \r\nhttp://мебель-шкаф.рф - сборка шкафов \r\nhttp://мебель-шкаф.рф - раздвижные шкафы \r\nhttp://мебель-шкаф.рф - расчет шкафа купе \r\nhttp://мебель-шкаф.рф - производство шкафов \r\nhttp://мебель-шкаф.рф - размеры шкафов \r\nhttp://мебель-шкаф.рф - фасады шкафов купе \r\nhttp://мебель-шкаф.рф - шкаф купе наполнение \r\nhttp://мебель-шкаф.рф - зеркало шкаф \r\nhttp://мебель-шкаф.рф - шкаф прайс \r\nhttp://мебель-шкаф.рф - кухонный шкаф \r\nhttp://мебель-шкаф.рф - встроенный духовой шкаф \r\nhttp://мебель-шкаф.рф - мебель шкафы купе \r\nhttp://мебель-шкаф.рф - фурнитура для шкафов \r\nhttp://мебель-шкаф.рф - шкаф в прихожую \r\nhttp://мебель-шкаф.рф - стоимость шкафы \r\nhttp://мебель-шкаф.рф - изготовление шкафов купе \r\nhttp://мебель-шкаф.рф - сборка шкафа купе \r\nhttp://мебель-шкаф.рф - цены на шкафы \r\nhttp://мебель-шкаф.рф - раздвижные шкафы купе \r\nhttp://мебель-шкаф.рф - шкафы купэ \r\nhttp://мебель-шкаф.рф - силовой шкаф \r\nhttp://мебель-шкаф.рф - продажа шкафов \r\nhttp://мебель-шкаф.рф - офисный шкаф \r\nhttp://мебель-шкаф.рф - фурнитура для шкафов купе \r\nhttp://мебель-шкаф.рф - духовой шкаф газовый \r\nhttp://мебель-шкаф.рф - шкаф стеллаж \r\nhttp://мебель-шкаф.рф - схемы шкафы купе \r\nhttp://мебель-шкаф.рф - шкаф купе проект \r\nhttp://мебель-шкаф.рф - настенный шкаф \r\nhttp://мебель-шкаф.рф - дверь для шкафа купе \r\nhttp://мебель-шкаф.рф - шкаф витрина \r\nhttp://мебель-шкаф.рф - фильм шкаф \r\nhttp://мебель-шкаф.рф - шкаф купе стоимость \r\nhttp://мебель-шкаф.рф - системы для шкафов купе \r\nhttp://мебель-шкаф.рф - рисунки на шкафы купе \r\nhttp://мебель-шкаф.рф - шкаф навесной \r\nhttp://мебель-шкаф.рф - профиль для шкафов \r\nhttp://мебель-шкаф.рф - конструкция шкафа \r\nhttp://мебель-шкаф.рф - стенки шкафы \r\nhttp://мебель-шкаф.рф - шкаф на балкон \r\nhttp://мебель-шкаф.рф - гардеробные шкафы \r\nhttp://мебель-шкаф.рф - модели шкафов \r\nhttp://мебель-шкаф.рф - шкаф для обуви \r\nhttp://мебель-шкаф.рф - профиль для шкафов купе \r\nhttp://мебель-шкаф.рф - шкаф купе в прихожую \r\nhttp://мебель-шкаф.рф - платяной шкаф \r\nhttp://мебель-шкаф.рф - собрать шкаф \r\nhttp://мебель-шкаф.рф - мебельный шкаф \r\nhttp://мебель-шкаф.рф - шкаф купе скачать \r\nhttp://мебель-шкаф.рф - шкаф для хранения \r\nhttp://мебель-шкаф.рф - раздвижные системы для шкафов \r\nhttp://мебель-шкаф.рф - шкаф для посуды \r\nhttp://мебель-шкаф.рф - шкафы в картинках \r\nhttp://мебель-шкаф.рф - шкаф описание \r\nhttp://мебель-шкаф.рф - корпусные шкафы \r\nhttp://мебель-шкаф.рф - кухни шкафы купе \r\nhttp://мебель-шкаф.рф - размеры шкаф купе \r\nhttp://мебель-шкаф.рф - готовые шкафы \r\nhttp://мебель-шкаф.рф - шкафы под заказ \r\nhttp://мебель-шкаф.рф - куплю шкаф \r\nhttp://мебель-шкаф.рф - шкаф купить \r\nhttp://мебель-шкаф.рф - купить шкаф купе', '', '', '', '', '', '', '2018-12-26 04:36:49', '2019-01-02 20:26:30', 1, '2019-01-02 20:26:30', '', '', '', '', 0),
(69, 'contact', 'Bedroomgop', 'BedroomgopMO', 'bykov.ilya.2019@list.ru', 'Мебель для спальни на заказ в Нижнем Новгороде - http://xn----7sbylkcajr7i.xn--p1ai - спальни-нн.рф \r\n \r\nhttp://xn----7sbylkcajr7i.xn--p1ai - кровати       ', '', '', '', '', '', '', '2018-12-26 08:24:05', '2019-01-02 20:26:26', 1, '2019-01-02 20:26:26', '', '', '', '', 0),
(70, 'contact', 'DavidStymn', 'DavidStymn', 'funkeevegsauce@gmail.com', '  What we inspect here is , an wonderfuloffers \r\n Proper click \r\n \r\n \r\nhttp://bit.ly/2EImzW1', '', '', '', '', '', '', '2018-12-26 16:08:57', '2019-01-02 20:26:20', 1, '2019-01-02 20:26:20', '', '', '', '', 0),
(71, 'contact', 'Ofismebgop', 'OfismebgopMO', 'matveev.bogdan.1985@bk.ru', 'Офиская мебель на заказ Нижний Новгород - http://plus-mebel.ru - plus-mebel.ru \r\n \r\nhttp://plus-mebel.ru -  мебель маркет       ', '', '', '', '', '', '', '2018-12-27 03:01:04', '2019-01-02 20:26:15', 1, '2019-01-02 20:26:15', '', '', '', '', 0),
(72, 'specialist', 'Camille', 'Ricks', 'yoginitransit@gmail.com', '', '11368', 'Camille Ricks’ Yoga Teacher Resume\r\n\r\nEducation:\r\nEkam Yogashala \r\nRYT200 Certified Yoga Teacher							         July 2018\r\nGraduated from Yoga Alliance 200 HR Yoga Teacher Training in Rishikesh, India   \r\n\r\nInternational Society of Sustainability Professionals\r\nISSP-SA (Certified Sustainability Associate) 	December 2017\r\n\r\nClarkson University\r\nMBA- Supply Chain and Environmental Management	May 2013\r\nB.S. Environmental Science and Policy	May 2011\r\n\r\nExperience:\r\nKeela Yoga Farm\r\nYoga Teacher and Farm Volunteer	                  September 2018 – November 2018\r\nTaught yoga classes and volunteered on a permaculture farm in Portugal for 6 weeks. \r\nLead hatha, and vinyasa asana classes as well as guided meditation and Yoga Nidra sessions. \r\nTaught classes ranging from 1 to 15 students.\r\n\r\nYogini Transit\r\nIndependent Yoga Instructor                                                                                            July 2018 - Present\r\nTeach small group and private yoga classes in person and online.\r\nOffer modifications and adjustments for all body types and flexibility levels. \r\nExperience working with yoga students ranging from ages 18 to 58.\r\n\r\nBinghamton Regional Sustainability Coalition\r\nCommunity Coordinator	June 2017 – June 2018\r\nEngaged with residents and politicians to bring a food coop to a food desert in Binghamton NY.\r\nParticipated in strategy meetings to discuss cooperative plans, objectives, and obstacles.\r\nAssisted in grant writing process to secure funds for cooperative implementation costs.\r\nLead membership committee in membership recruitment and community awareness initiatives.\r\n', '', '', '', '', '2018-12-27 05:50:27', '2019-01-02 21:15:05', 1, '2019-01-02 21:15:05', '', '', '', '', 0),
(73, 'specialist', 'Camille', 'Ricks', 'yoginitransit@gmail.com', '', '11368', 'Camille Ricks’ Yoga Teacher Resume\r\n\r\nEducation:\r\nEkam Yogashala \r\nRYT200 Certified Yoga Teacher							         July 2018\r\nGraduated from Yoga Alliance 200 HR Yoga Teacher Training in Rishikesh, India   \r\n\r\nInternational Society of Sustainability Professionals\r\nISSP-SA (Certified Sustainability Associate) 	December 2017\r\n\r\nClarkson University\r\nMBA- Supply Chain and Environmental Management	May 2013\r\nB.S. Environmental Science and Policy	May 2011\r\n\r\nExperience:\r\nKeela Yoga Farm\r\nYoga Teacher and Farm Volunteer	                  September 2018 – November 2018\r\nTaught yoga classes and volunteered on a permaculture farm in Portugal for 6 weeks. \r\nLead hatha, and vinyasa asana classes as well as guided meditation and Yoga Nidra sessions. \r\nTaught classes ranging from 1 to 15 students.\r\n\r\nYogini Transit\r\nIndependent Yoga Instructor                                                                                            July 2018 - Present\r\nTeach small group and private yoga classes in person and online.\r\nOffer modifications and adjustments for all body types and flexibility levels. \r\nExperience working with yoga students ranging from ages 18 to 58.\r\n\r\nBinghamton Regional Sustainability Coalition\r\nCommunity Coordinator	June 2017 – June 2018\r\nEngaged with residents and politicians to bring a food coop to a food desert in Binghamton NY.\r\nParticipated in strategy meetings to discuss cooperative plans, objectives, and obstacles.\r\nAssisted in grant writing process to secure funds for cooperative implementation costs.\r\nLead membership committee in membership recruitment and community awareness initiatives.\r\n', '', '', '', '', '2018-12-28 03:30:21', '2019-01-02 22:28:48', 1, '2019-01-02 22:28:48', '', '', '', '', 0),
(74, 'contact', 'Joshuacrymn', 'Joshuacrymn', 'daniele.para@gmail.com', ' Hi Uplifted hearsay ! niceoffers \r\n Are you in?  \r\n \r\n \r\nhttp://bit.ly/2EQzp4F', '', '', '', '', '', '', '2018-12-30 09:56:11', '2019-01-02 20:26:11', 1, '2019-01-02 20:26:11', '', '', '', '', 0),
(75, 'contact', 'SEOUtilk', 'SiteUtilkLD', 'tabuddworlforc1970@seocdvig.ru', ' \r\nseorussian.ru - Разработка сайтов                \r\n \r\nhttp://www.seorussian.ru - Продвижение сайта     \r\n \r\nhttp://www.seorussian.ru/Izgotovlenie-saytov.html - Изготовление сайта Москва    ', '', '', '', '', '', '', '2018-12-30 12:37:44', '2019-01-02 20:27:12', 1, '2019-01-02 20:27:12', '', '', '', '', 0),
(76, 'contact', 'GordonBeplE', 'GordonBeplE', 'the.hwbka+treasurer@gmail.com', ' Hey a godlikeoffers \r\n Allowed click \r\n \r\n \r\nhttps://drive.google.com/file/d/1WgYLKWXRAcWYBJMEtqjGI6o06Pg0kfwg/preview', '', '', '', '', '', '', '2019-01-04 03:09:51', '2019-01-04 11:55:08', 1, '2019-01-04 11:55:08', '', '', '', '', 0),
(77, 'contact', 'RichardBon', 'RichardBon', 'seo.galagali@gmail.com', ' Hi Look what we have for you! niceoffering \r\n Just click on the link below to qualify  \r\n \r\nhttps://drive.google.com/file/d/1IWiOrAxX4Fd3f915AUFIWKeHoFnctKXJ/preview', '', '', '', '', '', '', '2019-01-05 12:08:05', '2019-01-07 16:10:48', 1, '2019-01-07 16:10:48', '', '', '', '', 0),
(78, 'contact', 'annnora', 'annnora', '19gamer@yandex.ru', 'Hi! There is nice present - Awesome welcome offer of up to $/€ 1600 free.  Just click on the link below to qualify. http://bit.ly/2J9r1NR', '', '', '', '', '', '', '2019-01-06 10:36:46', '2019-01-07 16:10:52', 1, '2019-01-07 16:10:52', '', '', '', '', 0),
(79, 'contact', 'Natalie Pearson', 'Pearson', 'natalierebuck@gmail.com', 'Hi there, I have boy girl twins that are 7 months old.  I am interested in going back to work but not ready to go back full time. I could use help when I go to meetings and was looking for someone to help for a few hours.  Do you have anyone available for this age group yet?', '', '', '', '', '', '', '2019-01-08 20:35:15', '2019-01-09 15:43:10', 1, '2019-01-09 15:43:10', '', '', '', '', 0),
(80, 'contact', 'Laura', 'Hartnett ', 'hartnett@optonline.net', 'Are you interested in franchising? I am very interested in the New Jersey location. ', '', '', '', '', '', '', '2019-01-09 16:34:30', '2019-01-10 17:15:39', 1, '2019-01-10 17:15:39', '', '', '', '', 0),
(81, 'contact', 'Randy', 'Sinclair', 'randy@talkwithlead.com', 'Hi,\r\n\r\nMy name is Randy and I was looking at a few different sites online and came across your site playdatepal.com.  I must say - your website is very impressive.  I found your website on the first page of the Search Engine.\r\n\r\nHave you noticed that 70 percent of visitors who leave your website will never return?  In most cases, this means that 95 percent to 98 percent of your marketing efforts are going to waste, not to mention that you are losing more money in customer acquisition costs than you need to.\r\nAs a business person, the time and money you put into your marketing efforts is extremely valuable.  So why let it go to waste?  Our users have seen staggering improvements in conversions with insane growths of 150 percent going upwards of 785 percent. Are you ready to unlock the highest conversion revenue from each of your website visitors?  \r\n\r\nTalkWithLead is a widget which captures a website visitor’s Name, Email address and Phone Number and then calls you immediately, so that you can talk to the Lead exactly when they are live on your website — while they\'re hot! Best feature of all, we offer FREE International Long Distance Calling!\r\n  \r\nTry the TalkWithLead Live Demo now to see exactly how it works.  Visit: http://www.talkwithcustomer.com\r\n\r\nWhen targeting leads, speed is essential - there is a 100x decrease in Leads when a Lead is contacted within 30 minutes vs being contacted within 5 minutes.\r\n\r\nIf you would like to talk to me about this service, please give me a call.  We do offer a 14 days free trial.  \r\n\r\nThanks and Best Regards,\r\nRandy\r\n\r\nIf you\'d like to unsubscribe click here. http://liveserveronline.com/talkwithcustomer.aspx?d=playdatepal.com  \r\n\r\n', '', '', '', '', '', '', '2019-01-09 20:10:02', '2019-01-10 17:15:19', 1, '2019-01-10 17:15:19', '', '', '', '', 0),
(82, 'contact', 'DonaldElere', 'DonaldElere', 'jmderrick44@gmail.com', ' Hi a goodoffers \r\n Just click on the link below to qualify  \r\n \r\nhttps://drive.google.com/file/d/1dgTfYPYa11ymYCgPRGPKhGOdlG7oeFh6/preview', '', '', '', '', '', '', '2019-01-10 11:13:18', '2019-01-10 17:15:24', 1, '2019-01-10 17:15:24', '', '', '', '', 0),
(83, 'specialist', 'Deaon ', 'Pressley', 'deaongriffinpressley@gmail.com', '', '10553', 'Teaching Artist at Achievement First in CT. (Playbuilding Shakespeare for elementary schools)', '', '', '', '', '2019-01-10 18:50:37', '2019-01-10 21:31:57', 1, '2019-01-10 21:31:57', '', '', '', '', 0),
(84, 'contact', 'Tony', 'Coombes', 'tony.coombes85@gmail.com', 'Hi guys\r\n\r\nOver the past year, fitness has turned my life around completely. I am now happily engaged to my fiancee Ruth and we have an amazing life. I would like to give back to the community and inspire others, especially those who suffer from depression, low self-esteem and health problems. In response to this concern, I have decided to devote over 1 month to writing a monster fitness guide for beginners which I would like to get published on your blog. I am sure that people will enjoy reading my tips and experiences.\r\n\r\nI have saved the guide on my Google drive:\r\n\r\nhttps://drive.google.com/drive/folders/1HrB-2zRkIFmjVKezhphPCZ_oAFsByULP?usp=sharing\r\n\r\nI am sorry but I did not have time to put together some images so it would be good if you could add some. I have included a blurb about myself that you can add to the post.\r\n\r\nHave an awesome day!\r\n\r\nTony\r\n\r\nP.S. I really hope that you will like my guide as I have spent a hell of a lot of time in writing it :)', '', '', '', '', '', '', '2019-01-10 22:49:25', '2019-01-11 16:55:52', 1, '2019-01-11 16:55:52', '', '', '', '', 0);
INSERT INTO `pd_contacts` (`id_contact`, `type`, `name`, `last_name`, `email`, `message`, `zipcode`, `experience`, `company_name`, `company_web`, `company_address`, `availability`, `idate`, `udate`, `is_read`, `read_date`, `req_date`, `req_time`, `req_kids`, `req_age`, `req_id_parent`) VALUES
(85, 'host', '1', '1', '1', '', '', '', '1', '1', '1', '1', '2019-01-12 14:03:19', NULL, 0, NULL, '', '', '', '', 0),
(86, 'contact', '1', '1', '1', '1', '', '', '', '', '', '', '2019-01-12 14:03:20', NULL, 0, NULL, '', '', '', '', 0),
(87, 'contact', 'Jennifer', 'Bullock', 'jennibull05@gmail.com', 'Hi!  I was interested in having my daughter attend the pajama party tonight at City Treehouse tonight. I have KidPass and wanted to use it but see that reservations closed this morning at 6am. Can I still register directly through you?  Thanks!', '', '', '', '', '', '', '2019-01-12 16:35:40', NULL, 0, NULL, '', '', '', '', 0),
(88, 'contact', 'prooknann', 'prooknann', 'crosexspacod2008@mail.ru', ' \r\n<a href=http://prooknann.ru/Izgotovlenie-i-montazh-okon-iz-alyuminiya.html>винкхаус</a> ', '', '', '', '', '', '', '2019-01-12 20:44:58', NULL, 0, NULL, '', '', '', '', 0),
(89, 'contact', 'remokna-nn', 'remokna-nn', 'arnidipe1963@mail.ru', ' \r\n<a href=http://remokna-nn.ru>двухсторонная ручка на балконную дверь цена в минске</a> ', '', '', '', '', '', '', '2019-01-13 05:49:16', NULL, 0, NULL, '', '', '', '', 0),
(90, 'specialist', 'Grace', 'El-Fishawy', 'gme2120@barnard.edu', '', '10027-9208', 'I am a certified rock climbing and belay instructor, Red Cross certified Lifeguard, an experienced babysitter, children\'s rock climbing instructor, and academic tutor, but the best experience I have comes from the two summers I have spent working as a lead residential camp counselor at Camp Hazen YMCA where I will be returning this summer as a counselor and Outdoor Pursuits specialist. At Camp Hazen, I have had the pleasure of leading overnight camping trips, planning everything from trashbag fashion shows to superhero training camps, designing workshops and age-appropriate activities on self-confidence, body-positivity, and leadership,  teaching kids skills from cooking, to rock climbing,  to mountain bike, and best of all helping hundreds of kids become happier more confident versions of themselves! ', '', '', '', '', '2019-01-14 04:21:26', NULL, 0, NULL, '', '', '', '', 0);

-- --------------------------------------------------------

--
-- Estructura de tabla para la tabla `pd_emergency`
--

DROP TABLE IF EXISTS `pd_emergency`;
CREATE TABLE `pd_emergency` (
  `id_emergency` int(10) UNSIGNED NOT NULL,
  `id_parent` int(10) UNSIGNED NOT NULL,
  `name` varchar(255) DEFAULT NULL,
  `mail` varchar(255) DEFAULT NULL,
  `phone` varchar(45) DEFAULT NULL,
  `relation` varchar(255) DEFAULT NULL,
  `idate` datetime NOT NULL,
  `udate` datetime DEFAULT NULL
) ENGINE=InnoDB DEFAULT CHARSET=latin1;

--
-- Volcado de datos para la tabla `pd_emergency`
--

INSERT INTO `pd_emergency` (`id_emergency`, `id_parent`, `name`, `mail`, `phone`, `relation`, `idate`, `udate`) VALUES
(5, 7, 'My contact 1  mod', 'contact@con.com', '666555444', 'relation 1', '2018-08-23 11:51:58', '2018-11-02 13:49:01'),
(6, 7, 'My contact 2 mod', 'contact2@con.com', '555444666', 'relation 2', '2018-08-23 11:51:58', '2018-11-02 13:49:01'),
(7, 7, 'my contact 3', 'contact3@con.com', '555444333', 'relation 3', '2018-08-23 11:53:00', '2018-11-02 13:49:01'),
(8, 15, 'David', 'test@gmail.com', '9178989056', 'father', '2018-08-26 11:58:47', '2018-08-27 14:08:29'),
(10, 20, 'Amanda Raposo', 'amanda@playdatepal.com', '516 807 0447', 'Aunt', '2018-09-07 20:39:01', '2018-12-18 22:18:47'),
(11, 20, 'Greg Raposo', 'greg@gmail.com', '516 315 3468', 'Father', '2018-09-07 20:39:01', '2018-12-18 22:18:47'),
(12, 22, 'Nicole Raposo', 'nicole@playdatepal.com', '516-503-9240', 'Aunt', '2018-09-10 15:37:38', '2018-12-13 16:53:44'),
(15, 107, 'Zoe Lathan', 'zlathan1@me.com', '7188642911', 'Clone Mother', '2018-10-16 14:40:10', '2018-12-19 23:03:33'),
(16, 108, 'Rafa', 'arlsusy@hotmail.com', '9176780934', 'father', '2018-10-16 20:57:16', '2018-10-24 22:23:24'),
(17, 109, 'Rafa', 'rafa@gmail.com', '9874562352', 'dad', '2018-10-18 18:38:01', NULL),
(18, 23, 'Amanda Raposo', 'amanda@playdatepal.com', '5168070447', 'Family Friend', '2018-10-19 16:51:22', '2018-11-07 06:29:39'),
(19, 110, 'Jennifer', 'jen.c.lehman@gmail.com', '646 872 9153', 'Mother', '2018-10-19 17:09:36', '2018-10-26 19:07:21'),
(20, 112, 'Paul', 'Krikorian', '6467063949', 'dad', '2018-10-25 17:31:00', '2018-11-09 20:59:03'),
(21, 113, 'Greg DeFelice', 'gdefelice@defelicecapital.com', '949-300-2810', 'father', '2018-10-30 15:43:01', '2018-10-30 20:28:05'),
(22, 114, 'Boyan', 'Jovanovic', '917 862 0925', 'Father', '2018-10-30 15:50:16', '2018-10-30 15:50:32'),
(23, 115, 'Add Emergency Contact', 'emergencycontact@gmail.com', '999 999 9999', 'Family Friend', '2018-10-30 15:55:14', '2018-10-30 17:14:44'),
(24, 31, 'Todd', 'Marr', '203 909 3282', 'Father', '2018-10-30 16:28:22', NULL),
(25, 116, 'Mark Doctoroff', 'mdoctor@gmail.com', '999 999 9999', 'Father', '2018-10-30 20:28:24', '2018-10-30 20:33:04'),
(26, 117, 'Tim Rutledge', '', '646 391 3839', 'Father', '2018-10-30 20:48:22', '2019-01-08 15:43:05'),
(27, 118, 'Mercedes Randall', 'mercedes@mercedeschloe.com', '917 847 9795', 'Mother', '2018-10-30 21:03:36', '2018-10-30 21:09:02'),
(28, 118, 'Dan Pearsall', 'mercedes@mercedeschloe.com', '917 847 9795', '', '2018-10-30 21:03:36', '2018-10-30 21:09:02'),
(30, 120, 'Susan Arndt', 'susan.arndt@live.com', '917 309 7344', 'Mother', '2018-10-31 15:03:51', NULL),
(31, 121, 'Greg Raposo', 'raposohomes@gmail.com', '516 315 5328', 'Father', '2018-11-01 16:49:39', NULL),
(32, 121, 'Nicole Raposo', 'raposonico@gmail.com', '516 503 9240', 'Aunt', '2018-11-01 16:49:39', NULL),
(33, 122, 'Julie Raposo', 'juliearaposo@gmail.com', '516 319 8920', 'Aunt', '2018-11-01 17:02:08', '2018-11-01 17:39:01'),
(34, 122, 'Nicole Raposo', 'raposonico@gmail.com', '516 503 9240', 'Aunt', '2018-11-01 17:02:08', '2018-11-01 17:39:01'),
(41, 124, 'Jessica Bergman', 'jolieward113@gmail.com', '516 729 2179', 'Mother', '2018-11-02 15:27:32', '2018-11-02 21:28:49'),
(42, 124, 'Gladys Morales', 'jolieward113@gmail.com', '516 729 2179', 'Add Relation to Children', '2018-11-02 15:27:32', '2018-11-02 21:28:49'),
(43, 125, 'Sinan', 'cg68@nyu.edu', '646 318 8380', 'father', '2018-11-02 18:49:20', '2018-11-02 18:50:31'),
(44, 126, 'Robert Miles', 'Milesrp@hotmail.com', '5128108237', 'Father', '2018-11-06 16:27:32', NULL),
(45, 127, 'Kristal', 'Kristal.marshall@aol.com', '3476009463', 'Mother', '2018-11-06 16:59:08', NULL),
(46, 128, 'Alena Mishchenko', 'alena2569@gmail.com', '9178871672', 'Mother', '2018-11-06 19:40:55', NULL),
(47, 128, 'Gary Ulaner', 'ulaner.gary@gmail.com', '3236400368', 'Father', '2018-11-06 19:40:55', NULL),
(48, 129, 'Laura Nicholas', 'laurajroth@hotmail.com', '646 785-3319', 'mother', '2018-11-06 20:21:12', '2018-11-06 20:24:30'),
(49, 129, 'Paul Nicholas', 'paul@flytefitness.com', '646 387-9769', 'father', '2018-11-06 20:21:12', '2018-11-06 20:24:30'),
(50, 130, 'Scott Semaya', 'scottsemaya@gmail.com', '9175338103', 'Father', '2018-11-06 21:38:28', '2018-11-06 21:42:39'),
(51, 131, 'Joseph Dimech', 'christianne.dimech@gmail.com', '9176004906', 'father', '2018-11-06 22:56:09', NULL),
(52, 132, 'anthony', 'corrineandanthony@gmail.com', '646-488-5463', 'daddy', '2018-11-08 17:42:44', '2018-11-08 17:43:37'),
(53, 134, 'Thelma Medina-Corpas', 'thelmamaria2@yahoo.com', '9173343692', 'MOTHER', '2018-11-10 01:50:13', NULL),
(54, 134, 'Daniel Corpas', 'nolacorpas@gmail.com', '6317450267', 'Father', '2018-11-10 01:50:13', NULL),
(55, 136, 'Julie park', 'Ek2023@gmail.com', '3106009649', 'Mom', '2018-11-12 02:35:25', NULL),
(57, 135, 'helen chiang', 'helen.a.chiang@gmail.com', '9179682458', 'mother', '2018-11-12 17:49:40', '2018-11-12 17:50:13'),
(58, 139, 'David Hwang', 'dshwang@gmail.com', '6462964740', 'Father', '2018-11-12 22:34:49', '2018-11-12 22:40:45'),
(59, 139, 'Melvic (Beq) Donesa', 'melvic.donesa@gmail.com', '7187553628', 'nanny', '2018-11-12 22:34:49', '2018-11-12 22:40:45'),
(60, 139, 'Myoung Hee Son', '', '2013945207', 'grandmother', '2018-11-12 22:34:49', '2018-11-12 22:40:45'),
(61, 140, 'Ilana', 'ilania@gmail.com', '6462853196', 'Mother', '2018-11-13 03:46:51', '2018-11-13 03:48:02'),
(62, 141, 'Thelma Medina-Corpas', 'thelmamaria2@yahoo.com', '9173343692', 'mother', '2018-11-13 17:54:28', '2018-11-13 17:55:14'),
(63, 142, 'Chantal Emile ', 'Feciliaf@yahoo.com', '6462999309', 'Mom', '2018-11-13 19:06:20', '2018-11-13 19:15:23'),
(64, 142, 'Chantal Emile ', 'Feciliaf@yahoo.com', '6462999309', 'Mom', '2018-11-13 19:07:51', '2018-11-13 19:15:23'),
(65, 106, 'Jennifer DaSilva', 'dasilva@bc-p.com', '9176910351', 'Mom', '2018-11-14 02:55:36', '2018-11-14 02:56:04'),
(66, 143, 'Brian Blais', 'brian.blais@usdoj.gov', '9177633172', 'Father', '2018-11-14 15:11:01', NULL),
(67, 144, 'Tim Trimailo', 'timtrimailo@gmail.com', '760-889-3001', 'Father', '2018-11-14 15:19:25', NULL),
(68, 145, 'Brooke', 'bcianfichi@gmail.com', '9177553160', 'Mom', '2018-11-14 15:34:02', NULL),
(69, 145, 'Gabe', 'gcianfichi@gmail.com', '7163085691', '', '2018-11-14 15:34:02', NULL),
(70, 146, 'Patricia Debiaggi-Mones', 'pdebiaggi@gmail.com', '9175479660', 'mother', '2018-11-14 19:05:42', NULL),
(71, 147, 'Michael Spalding', 'Michael@spaldingandcompany.org', '6469430588', 'Father', '2018-11-15 15:39:40', NULL),
(72, 148, 'Robyn Wertman', 'rlwertman@gmail.com', '6467375033', 'Mother', '2018-11-15 15:55:51', '2018-11-15 15:56:26'),
(73, 152, 'Anthony ', 'abavaro93@gmail.com', '6318277867', '', '2018-11-16 22:50:48', NULL),
(74, 153, 'Jeremy Woodard', 'woodard.jeremy@gmail.com', '6469197017', 'Father', '2018-11-17 15:54:18', '2018-11-17 15:54:58'),
(75, 153, 'Martha Mayers', 'denisegwoodard@gmail.com', '3473513975', 'Nanny', '2018-11-17 15:54:18', '2018-11-17 15:54:58'),
(76, 149, 'Caris', 'caristay@hotmail.com', '6466377092', 'Mom', '2018-11-19 15:34:41', NULL),
(77, 154, 'Kunho', 'khlees1973@gmail.com', '2018995992', 'Father', '2018-11-21 18:36:24', NULL),
(78, 155, 'Miriam', 'Rap.mioam@gmail.com', '', '', '2018-11-21 21:40:58', '2018-11-21 21:42:35'),
(79, 156, 'PAL By Project Playdate', 'talentconcierge@playdatepal.com', '5168070447', 'Caregiver', '2018-11-21 22:54:38', NULL),
(80, 157, 'Mary Burner', 'maryross@gmail.com', '2023020894', 'Mother', '2018-11-26 17:36:56', NULL),
(81, 157, 'Trevor Burner', 'trevorburner@gmail.com', '7036298736', 'Father', '2018-11-26 17:36:56', NULL),
(82, 158, 'Brian Blais', 'brian.blais@usdoj.gov', '9177633172', 'Father', '2018-11-26 19:24:54', NULL),
(83, 159, 'Ella Sheinfeld', 'ellaat4@gmail.com', '4754346813', 'Mother', '2018-11-26 20:28:35', '2018-11-26 20:29:36'),
(84, 160, 'Melissa Wolfe', 'melissatwolfe@gmail.com', '4157707708', 'mom', '2018-11-27 13:29:26', NULL),
(85, 160, 'Morgan', 'morgan@sprokkit.com', '', 'dad', '2018-11-27 13:29:26', NULL),
(86, 161, 'Nicole Raposo', 'raposonico@gmail.com', '5165039240', 'Family Friend', '2018-11-27 17:04:52', NULL),
(87, 32, 'Mina Kauffman', 'mina.kauffman@gmail.com', '202.905.4703', 'Mom', '2018-11-27 17:44:05', NULL),
(88, 162, 'Melanie Whelan', 'melanie.whelan@soul-cycle.com', '9174120057', 'Mother', '2018-11-27 20:19:56', NULL),
(89, 163, 'John Cuti', 'johnrcuti@gmail.com', '9175616043', 'Father', '2018-11-28 15:33:20', '2018-11-28 15:34:31'),
(90, 165, 'Angie Acosta', 'angieanelacosta@gmail.com', '646-938-8506', 'Mother', '2018-11-28 16:53:57', '2018-11-28 16:54:14'),
(91, 166, 'Yolanda Batts', 'pastoryolanda@celebrationsc.org ', '(919) 608-1404', 'Director', '2018-11-28 20:46:58', NULL),
(92, 167, 'Gary White', 'wilneida@gmail.com', '3234206139', 'father', '2018-11-29 03:13:12', NULL),
(93, 168, 'Melissa Herman', 'melissa.leitman@gmail.com', '917-974-3717', 'mom', '2018-12-03 18:35:31', '2018-12-03 18:36:00'),
(94, 168, 'David Herman', 'davidaherman@gmail.com', '9176237139', 'dad', '2018-12-03 18:36:00', NULL),
(95, 169, 'Jenny Kim', 'jkim@mykidville.com', '', '', '2018-12-04 15:43:08', '2018-12-04 15:43:30'),
(96, 170, 'Lisa Bernstein ', 'Lgrbernstein@gmail.com', '347-678-4255', 'Mother', '2018-12-04 21:02:49', '2018-12-04 21:04:04'),
(97, 170, 'Joshua Bernstein', 'Jlbernstein@gmail.com', '917-660-6144', 'Father', '2018-12-04 21:02:49', '2018-12-04 21:04:04'),
(98, 170, 'Anne Gilman', 'Gilmananne@gmail.com', '917-690-7266', 'Grandmother ', '2018-12-04 21:02:49', '2018-12-04 21:04:04'),
(99, 171, 'Natasha', 'poogh@aol.com', '2019515727', 'Parent', '2018-12-04 21:21:10', NULL),
(100, 171, 'Natasha', 'poogh@aol.com', '2019515727', 'Parent', '2018-12-04 21:22:58', NULL),
(101, 173, 'Larry Diamond ', 'Larryd32@hotmail.com', '3475366312', 'Fathee', '2018-12-05 14:29:41', NULL),
(102, 174, 'Grace Sese', '', '(917) 396-2533', 'Nanny', '2018-12-05 14:40:32', NULL),
(103, 177, 'Kelvin', 'Kelvin.lo.12@gmail.com', '', 'Father', '2018-12-05 17:18:17', NULL),
(104, 178, 'Rene Macapinlac', 'mc2202@columbia.edu', '2018201092', 'parent', '2018-12-05 19:09:58', NULL),
(105, 179, 'Flavia Vianna', 'frvianna@yahoo.com', '908-500-5551', 'Mother', '2018-12-05 19:47:26', '2018-12-05 19:48:32'),
(106, 180, 'Logan Ganis', 'lganis2@gmail.com', '516-375-0495', 'father', '2018-12-05 21:40:29', '2018-12-05 21:48:35'),
(107, 180, 'Barbara Michell', 'barbarameighe@gmail.com', '646-384-4671', 'Nanny', '2018-12-05 21:40:29', '2018-12-05 21:48:35'),
(108, 27, 'Brad Phillips', 'Bphillips345@yahoo.com', '3475378744', 'Father', '2018-12-05 21:50:37', '2018-12-05 21:51:23'),
(109, 27, 'Elaine Langsam', 'Egiftbasket@aol.com', '9178171257', 'Babysitter', '2018-12-05 21:50:37', '2018-12-05 21:51:23'),
(110, 27, 'Esther Cohen', 'Esthermaxinecohen@gmail.com', '2155102508', 'Babysitter', '2018-12-05 21:50:37', '2018-12-05 21:51:23'),
(111, 27, 'Kallie Linder', '', '2158346763', 'Babysitter', '2018-12-05 21:50:37', '2018-12-05 21:51:23'),
(112, 181, 'Morry Davis', 'mcdavis555@gmail.com', '646-300-4279', 'Father', '2018-12-06 18:10:26', '2018-12-06 18:12:28'),
(113, 181, 'Aneris Necos', '', '917-569-5568', 'Nanny', '2018-12-06 18:10:26', '2018-12-06 18:12:28'),
(114, 182, 'Qi Hang', 'Lemonhq@gmail.com', '9174459145', 'Mom', '2018-12-06 19:46:12', NULL),
(115, 183, 'Joshua Sklut', 'jsklut@gmail.com', '9175392355', 'Father', '2018-12-07 01:17:33', '2018-12-07 01:18:17'),
(116, 184, 'Armando Rivera Jacobo', 'a.riverajacobo@gmail.com', '917-710-1409', 'Father ', '2018-12-07 14:25:01', '2018-12-07 14:27:38'),
(117, 186, 'Jay Dubiner ', 'Jaydubiner@hotmail.com', '917-445-1323', 'Father ', '2018-12-07 22:10:09', NULL),
(118, 186, 'Sarah Elliott', 'Elliottsb33@gmail.com', '9174454262', 'Mother ', '2018-12-07 22:10:09', NULL),
(119, 185, 'Madison Wharton marks ', 'Madisonwharton@gmail.com', '9177572996', 'Mother', '2018-12-07 22:22:39', NULL),
(120, 185, 'Jason Marks', 'Jaymarks@gmail.com', '3473283560', 'Father', '2018-12-07 22:22:39', NULL),
(121, 187, 'Seok Jin Ryu', 'jin@sherif.com', '2146798073', 'Mom', '2018-12-07 22:23:35', '2018-12-07 23:12:29'),
(122, 188, 'Seth Friedman', 'seth@rocketpop.com', '9175767034', 'Father', '2018-12-07 22:32:40', NULL),
(123, 189, 'Rachel Taliaferro', 'rachel.taliaferro@gmail.com', '864-380-4915', 'mother (me)', '2018-12-08 05:46:09', '2018-12-08 05:51:37'),
(124, 189, 'Melissa Clayton', '', '304-281-9911', 'friend', '2018-12-08 05:46:09', '2018-12-08 05:51:37'),
(125, 189, 'Bryant Keller', 'bryantkeller@gmail.com', '917-334-8620', 'cousin', '2018-12-08 05:46:09', '2018-12-08 05:51:37'),
(126, 189, 'Sophia Thompson', 'thompsonllc1@gmail.com', '347-559-7552', 'friend/caretaker', '2018-12-08 05:46:09', '2018-12-08 05:51:37'),
(127, 191, 'Zheng Luo', 'txusama@gmail.com', '6468087776', 'Mother ', '2018-12-10 18:16:07', NULL),
(128, 192, 'Hollister Scholte', 'hscholte@yahoo.com', '6463915943', 'Father', '2018-12-10 19:47:14', NULL),
(129, 193, 'Natalie A. ', 'nayala@livunltd.com', '212.495.5556', 'Caregiver', '2018-12-11 17:29:23', NULL),
(130, 196, 'Kacy bolton', 'Kgodso@gmail.com', '5044001781', 'Mom', '2018-12-12 16:59:31', '2018-12-12 16:59:56'),
(131, 197, 'Lawrence Smith', 'lwsmith04@gmail.com', '678-463-5479', 'Father', '2018-12-12 17:30:02', NULL),
(132, 197, 'May', '', '718-986-3696', 'Nanny', '2018-12-12 17:30:02', NULL),
(133, 200, 'Matt', 'Mhughey_66@yahoo.com', '9734542312', 'Father', '2018-12-14 19:11:35', '2018-12-14 19:12:28'),
(134, 202, 'Thelma Corpas', 'nolacorpas@gmail.com', '9173343692', 'mother', '2018-12-14 19:50:02', '2018-12-14 19:50:24'),
(135, 202, 'Daniel Corpas', '', '6317450267', 'Father', '2018-12-14 19:50:02', '2018-12-14 19:50:24'),
(136, 203, 'Jimmy Chang', 'jimmichang@gmail.com', '7323719499', 'Father', '2018-12-14 20:19:07', NULL),
(137, 204, 'Sabrina Bocel', 'Sbocel@yahoo.com', '6462876931', 'Sitter', '2018-12-17 16:49:45', '2019-01-03 20:49:42'),
(138, 205, 'Lee Ting', 'leeting247@gmail.com', '6467617652', 'Father', '2018-12-17 19:00:00', NULL),
(139, 207, 'Ms. Barri Roberson', 'msbkaleem@gmail.com', '6462637584', 'Godmother', '2018-12-17 23:26:23', '2018-12-17 23:26:58'),
(140, 208, 'Randy Scott', 'Randyascott@aol.com', '9172975920', 'Father', '2018-12-18 11:39:19', '2018-12-18 11:40:56'),
(141, 209, 'Eva Benaim ', 'Evaazizbenaim@gmail.com', '9173278839', 'Mother ', '2018-12-18 16:07:49', '2018-12-18 16:09:38'),
(142, 209, 'Joshua Benaim', 'Joshuabenaim@gmail.com', '9179404154', 'Father', '2018-12-18 16:07:49', '2018-12-18 16:09:38'),
(143, 210, 'Eu zambuto', 'Euieting@gmail.com', '9175096322', 'Mom', '2018-12-19 02:48:37', NULL),
(144, 210, 'Justin zambuto', 'Justin.zambuto@gmail.com', '917-757-7331', 'Dad', '2018-12-19 02:48:37', NULL),
(145, 211, 'John Ivanoff', 'jivanoff@gmail.com', '6314958428', 'Father', '2018-12-19 17:04:54', '2018-12-19 17:05:18'),
(146, 199, 'John Ivanoff', 'jivanoff@gmail.com', '6314958428', 'Father', '2018-12-19 17:08:10', NULL),
(147, 213, 'Greg', 'amanda@projectplaydate.org', '5168070447', '', '2018-12-19 20:42:13', '2018-12-19 20:42:32'),
(148, 201, 'Jessie Yue', 'Jessiemyue@gmail.com', '9174766332', 'Mother ', '2018-12-25 01:33:30', '2018-12-25 01:33:47'),
(149, 214, 'Mary Valentino', 'maryjcella@yahoo.com', '1111111111', 'Mother', '2019-01-02 18:31:36', '2019-01-02 18:33:47'),
(150, 215, 'Gabriel Acri', 'kayproper@gmail.com', '111 111 1111', 'Father', '2019-01-02 20:45:27', NULL),
(152, 76, 'Mary Ann Dickson', 'maryann.mcguire@gmail.com', '580 478 7458', 'Mother', '2019-01-02 21:02:48', NULL),
(153, 217, 'Kristen Skarvelis', 'Kristenskarvelis@gmail.com', '111 111 1111', 'Mother', '2019-01-02 21:10:06', NULL),
(154, 218, 'Steven Beagle', 'Sbeaglepharma@gmail.com', '9088003724', 'Father', '2019-01-03 18:33:57', '2019-01-03 18:38:17'),
(155, 218, 'Reva Hart', 'rhnestle8@gmail.com', '9179229220', 'Grandmother', '2019-01-03 18:33:57', '2019-01-03 18:38:17'),
(156, 218, 'Kelsang Yandon', '', '347-459-8831', 'Nanny', '2019-01-03 18:33:57', '2019-01-03 18:38:17'),
(157, 219, 'mairead', 'mairead1502@yahoo.com', '347-247-2467', 'mother', '2019-01-04 01:40:18', '2019-01-04 01:40:43'),
(158, 220, 'Tia', 'tia@tiaromano.com', '9177767889', 'Mother', '2019-01-04 18:54:43', NULL),
(159, 221, 'Karen Chen ', 'Karinechen@gmail.com', '9179409357', 'Mother', '2019-01-04 22:13:06', '2019-01-04 22:15:19'),
(160, 221, 'Neil Ortenberg', 'Neil@doubleofilm.com', '9176204435', 'Father', '2019-01-04 22:13:06', '2019-01-04 22:15:19'),
(161, 222, 'Eric Murn', 'ericmurn@gmail.com', '3472660443', 'Father', '2019-01-09 23:10:39', NULL),
(162, 223, 'Andrea Mirasol', 'andrea@playdatepal.com', '6467256000', 'Just a test', '2019-01-11 02:38:44', '2019-01-11 17:03:15');

-- --------------------------------------------------------

--
-- Estructura de tabla para la tabla `pd_emergency_contacts`
--

DROP TABLE IF EXISTS `pd_emergency_contacts`;
CREATE TABLE `pd_emergency_contacts` (
  `id_contact` int(10) UNSIGNED NOT NULL,
  `id_parent` int(10) UNSIGNED NOT NULL,
  `name` varchar(255) NOT NULL,
  `email` varchar(255) NOT NULL,
  `phone` varchar(45) DEFAULT NULL,
  `relation` varchar(255) DEFAULT NULL,
  `idate` datetime NOT NULL,
  `udate` datetime DEFAULT NULL
) ENGINE=InnoDB DEFAULT CHARSET=latin1;

-- --------------------------------------------------------

--
-- Estructura de tabla para la tabla `pd_expenses`
--

DROP TABLE IF EXISTS `pd_expenses`;
CREATE TABLE `pd_expenses` (
  `id_expense` int(10) UNSIGNED NOT NULL,
  `id_parent` int(10) UNSIGNED NOT NULL,
  `id_playdate` int(10) UNSIGNED NOT NULL,
  `name` varchar(255) NOT NULL,
  `amount_playdate` int(10) UNSIGNED NOT NULL DEFAULT '0',
  `amount_addons` int(10) UNSIGNED NOT NULL DEFAULT '0',
  `idate` datetime NOT NULL
) ENGINE=InnoDB DEFAULT CHARSET=utf8 COMMENT='Gastos';

-- --------------------------------------------------------

--
-- Estructura de tabla para la tabla `pd_groups`
--

DROP TABLE IF EXISTS `pd_groups`;
CREATE TABLE `pd_groups` (
  `id_group` int(10) UNSIGNED NOT NULL,
  `name` varchar(45) NOT NULL,
  `description` text,
  `zipcode` varchar(255) DEFAULT NULL,
  `picture` varchar(255) DEFAULT NULL,
  `privacity` int(10) UNSIGNED NOT NULL DEFAULT '1' COMMENT '0=public, 1=private',
  `idate` datetime NOT NULL,
  `udate` datetime DEFAULT NULL,
  `slug` varchar(255) NOT NULL
) ENGINE=InnoDB DEFAULT CHARSET=latin1;

--
-- Volcado de datos para la tabla `pd_groups`
--

INSERT INTO `pd_groups` (`id_group`, `name`, `description`, `zipcode`, `picture`, `privacity`, `idate`, `udate`, `slug`) VALUES
(14, 'New Women New Yorkers', 'This is a group that will sponsor child care services for the amazing women learning to thrive at New Women New Yorkers.', NULL, '/uploads/IMG_0636.JPG', 1, '2018-08-29 21:45:03', '2018-08-29 21:47:16', ''),
(20, 'City Treehouse', 'City Treehouse is an award-winning children\'s play and learning center located in the Chelsea neighborhood of New York City', NULL, '/uploads/City Treehouse 300x200 copy.jpg', 1, '2018-09-14 07:02:12', '2018-09-18 05:50:53', ''),
(26, 'Pal Moms in Brooklyn', 'We are a group of moms in Brooklyn', NULL, '/uploads/string1.jpg', 1, '2018-09-17 23:36:46', '2018-09-18 00:32:11', ''),
(27, 'Kidville Union Square', 'Kidville offers award-winning classes for kids in gym, music, art, and more. Experienced teachers. Engaging classes. Located in Manhattan.', NULL, '/uploads/Kidville Union Square 300x200.jpg', 1, '2018-09-18 05:41:19', '2018-09-18 05:49:50', ''),
(28, 'Kidville Upper East Side', 'Kidville offers award-winning classes for kids in gym, music, art, and more. Experienced teachers. Engaging classes. Located in Manhattan.', NULL, '/uploads/Kidville Upper East 300x200.jpg', 1, '2018-09-18 05:45:29', '2018-09-18 05:49:22', ''),
(30, 'Kidville Upper West Side', 'Kidville offers award-winning classes for kids in gym, music, art, and more. Experienced teachers. Engaging classes. Located in Manhattan.', NULL, '/uploads/Kidville Upper West 300x200.jpg', 1, '2018-09-18 05:48:11', '2018-09-18 05:48:42', ''),
(31, 'Kidville Carroll Gardens', 'Welcome to Kidville - Carroll Gardens & Cobble Hill! Award-winning art, dance, gym, and music classes make Kidville the best place for families with young children. Our classes and birthday parties help kids learn, play, and grow!', NULL, '/uploads/kidville (2).jpg', 1, '2018-09-20 06:36:36', '2018-10-19 16:57:33', ''),
(32, 'Playgarden Tribeca', NULL, NULL, '/uploads/Playgarden 300x200.jpg', 1, '2018-09-20 06:40:52', '2018-09-20 06:45:27', ''),
(33, 'Playgarden Upper East', NULL, NULL, '/uploads/Playgarden 300x200.jpg', 1, '2018-09-20 06:46:33', '2018-09-20 06:46:54', ''),
(46, 'Avenues Mandarin ELC', 'mandarin playgroup for our kids!', NULL, NULL, 0, '2018-10-25 17:42:23', '2018-11-13 20:21:20', ''),
(51, '20 Pine Street Families', NULL, NULL, '/uploads/20 pine.jpg', 1, '2018-11-01 21:51:13', '2018-11-01 21:53:17', ''),
(52, 'Friends of Peck Slip School', NULL, NULL, '/uploads/peckslipschool.png', 1, '2018-11-01 21:56:02', '2018-11-01 21:57:21', ''),
(54, 'Celebration Spiritual Center', NULL, NULL, NULL, 0, '2018-11-02 15:29:30', NULL, ''),
(57, 'Pine Street School!', NULL, NULL, NULL, 1, '2018-11-27 21:13:26', '2018-11-27 21:14:26', ''),
(58, 'Pier A', 'This private group is specifically for friends of the Poulakakos family. We always have such a blast at our Pier A playdates and can\'t wait to plan more enriching child care experiences for your kids!', NULL, '/uploads/Pier A.jpeg', 1, '2019-01-02 18:36:32', '2019-01-03 22:21:14', ''),
(60, 'Kidpass Members Only', 'We build playdates around your Kidpass bookings so that your child care is covered before, during and after the activity. We\'ll keep learning and playing for as long as you need coverage! Parents are required to book on Kidpass first,  then can RSVP for the playdate related to that booking. With PAL, you can turn any Kidpass activity into a drop off child care experience.', NULL, '/uploads/2019-01-11.png', 1, '2019-01-11 16:54:18', '2019-01-11 16:58:35', '');

-- --------------------------------------------------------

--
-- Estructura de tabla para la tabla `pd_groups_zipcodes`
--

DROP TABLE IF EXISTS `pd_groups_zipcodes`;
CREATE TABLE `pd_groups_zipcodes` (
  `id_group` int(10) UNSIGNED NOT NULL,
  `id_zipcode` int(10) UNSIGNED NOT NULL,
  `idate` datetime NOT NULL
) ENGINE=InnoDB DEFAULT CHARSET=latin1;

-- --------------------------------------------------------

--
-- Estructura de tabla para la tabla `pd_group_interests`
--

DROP TABLE IF EXISTS `pd_group_interests`;
CREATE TABLE `pd_group_interests` (
  `id_group` int(10) UNSIGNED NOT NULL,
  `id_interest` int(10) UNSIGNED NOT NULL,
  `idate` datetime NOT NULL
) ENGINE=InnoDB DEFAULT CHARSET=latin1;

-- --------------------------------------------------------

--
-- Estructura de tabla para la tabla `pd_group_media`
--

DROP TABLE IF EXISTS `pd_group_media`;
CREATE TABLE `pd_group_media` (
  `id_media` int(10) UNSIGNED NOT NULL,
  `id_group` int(10) UNSIGNED NOT NULL,
  `id_parent` int(10) UNSIGNED DEFAULT NULL,
  `id_specialist` int(10) UNSIGNED DEFAULT NULL,
  `description` varchar(255) DEFAULT NULL,
  `picture` varchar(255) DEFAULT NULL,
  `idate` datetime NOT NULL,
  `udate` datetime DEFAULT NULL
) ENGINE=InnoDB DEFAULT CHARSET=utf8;

--
-- Volcado de datos para la tabla `pd_group_media`
--

INSERT INTO `pd_group_media` (`id_media`, `id_group`, `id_parent`, `id_specialist`, `description`, `picture`, `idate`, `udate`) VALUES
(1, 31, 23, NULL, NULL, '/uploads/group-media/31/kvu.jpg', '2018-10-19 16:55:52', NULL),
(2, 31, 23, NULL, NULL, '/uploads/group-media/31/mobile_pdp_1x_b56d5c6d-407b-4f62-8771-c6521836b31c.jpg', '2018-10-19 16:56:01', NULL),
(3, 31, 23, NULL, NULL, '/uploads/group-media/31/image.jpg', '2018-10-19 16:56:11', NULL),
(4, 31, 23, NULL, NULL, '/uploads/group-media/31/ls.jpg', '2018-10-19 16:56:21', NULL),
(5, 31, 23, NULL, NULL, '/uploads/group-media/31/cf802eb66183a3cf45dcfe5ed42ce15e.jpg', '2018-10-19 16:56:36', NULL),
(6, 31, 23, NULL, NULL, '/uploads/group-media/31/ls-1.jpg', '2018-10-19 16:56:57', NULL),
(14, 46, NULL, 56, 'Ready for our playdate!', '/uploads/group-media/46/FF1A8E41-8039-479C-A528-88A61E1F8F4A.jpeg', '2018-11-19 01:08:17', NULL),
(15, 46, NULL, 56, 'Practicing our colors in Mandarin', '/uploads/group-media/46/D7DACE00-90AA-4573-9A25-B176A8267317.jpeg', '2018-11-19 01:08:57', NULL),
(16, 46, NULL, 56, 'Practicing our colors in Mandarin', '/uploads/group-media/46/D7DACE00-90AA-4573-9A25-B176A8267317.jpeg', '2018-11-19 01:09:30', NULL),
(17, 46, NULL, 56, 'Learning how to make our lanterns!', '/uploads/group-media/46/83867682-F53A-4AE6-B29A-4D3FC7DF5495.jpeg', '2018-11-19 01:10:32', NULL),
(18, 46, NULL, 56, 'Goldie Locks and the 3 Bears...in Mandarin!', '/uploads/group-media/46/789E19BC-8541-423B-8F86-E2BC3D622CA0.jpeg', '2018-11-19 01:11:42', NULL),
(19, 46, NULL, 56, NULL, '/uploads/group-media/46/35D4146E-55D1-41F2-823A-9ECB357711D9.jpeg', '2018-11-19 01:12:14', NULL),
(20, 46, NULL, 56, NULL, '/uploads/group-media/46/4561B3F5-1276-4FE0-BD4E-5EC88C9DF70B.jpeg', '2018-11-19 01:13:09', NULL),
(21, 46, NULL, 56, NULL, '/uploads/group-media/46/68783261-FB38-41A1-9406-27DB8240A80E.jpeg', '2018-11-19 01:14:12', NULL),
(22, 46, NULL, 56, NULL, '/uploads/group-media/46/28220FA7-9DE6-4EBD-95C4-86F7EDA02900.jpeg', '2018-11-19 01:14:46', NULL),
(23, 46, NULL, 70, NULL, '/uploads/group-media/46/Photo Dec 02, 2 16 43 PM.jpg', '2018-12-04 01:43:14', NULL),
(24, 46, NULL, 70, NULL, '/uploads/group-media/46/Photo Dec 02, 2 25 06 PM.jpg', '2018-12-04 01:43:31', NULL),
(25, 46, NULL, 70, NULL, '/uploads/group-media/46/Photo Dec 02, 2 57 34 PM.jpg', '2018-12-04 01:43:48', NULL),
(26, 46, NULL, 70, NULL, '/uploads/group-media/46/Photo Dec 02, 3 02 33 PM.jpg', '2018-12-04 01:44:00', NULL),
(27, 46, NULL, 70, NULL, '/uploads/group-media/46/Photo Dec 02, 3 12 02 PM.jpg', '2018-12-04 01:44:21', NULL),
(28, 46, NULL, 70, NULL, '/uploads/group-media/46/Photo Dec 02, 3 45 04 PM.jpg', '2018-12-04 01:44:44', NULL),
(29, 46, NULL, 70, NULL, '/uploads/group-media/46/Photo Dec 02, 3 24 49 PM.jpg', '2018-12-04 01:45:08', NULL),
(30, 46, NULL, 70, 'learning shapes and sizes today.', '/uploads/group-media/46/IMG_1021.JPG', '2018-12-17 00:07:07', NULL),
(31, 46, NULL, 70, 'Miss. Triangle and Mr. Circle', '/uploads/group-media/46/IMG_1023.JPG', '2018-12-17 00:08:10', NULL),
(32, 58, 20, NULL, NULL, '/uploads/group-media/58/IMG_2472 copy.jpg', '2019-01-02 20:19:31', NULL),
(33, 58, 20, NULL, 'Karaoke!', '/uploads/group-media/58/IMG_2443 copy.jpg', '2019-01-02 20:19:54', NULL),
(34, 58, 20, NULL, 'Arts and Crafts!', '/uploads/group-media/58/IMG_2429 copy.jpg', '2019-01-02 20:20:10', NULL),
(35, 58, 20, NULL, 'Delicious dinner!', '/uploads/group-media/58/IMG_2430 copy.jpg', '2019-01-02 20:20:30', NULL),
(36, 58, 20, NULL, 'Dance Party!', '/uploads/group-media/58/IMG_2419 copy.jpg', '2019-01-02 20:20:47', NULL),
(37, 58, 20, NULL, 'Getting ready for a game of Musical Chairs!', '/uploads/group-media/58/IMG_2465 copy.jpg', '2019-01-02 20:21:35', NULL),
(38, 58, 20, NULL, 'A game of Red Light, Green Light!', '/uploads/group-media/58/IMG_2415 copy.jpg', '2019-01-02 20:22:01', NULL),
(39, 58, 20, NULL, 'Rockstar photoshoot!', '/uploads/group-media/58/IMG_2496 copy.jpg', '2019-01-02 20:22:26', NULL),
(40, 58, 20, NULL, 'Big kids reading to the little kids!', '/uploads/group-media/58/IMG_2479 copy.jpg', '2019-01-02 20:23:06', NULL),
(41, 58, 20, NULL, NULL, '/uploads/group-media/58/IMG_2477 copy.jpg', '2019-01-02 20:23:21', NULL),
(42, 58, 20, NULL, 'Silly photoshoot!', '/uploads/group-media/58/IMG_2505 copy.jpg', '2019-01-02 20:23:43', NULL),
(43, 58, 20, NULL, NULL, '/uploads/group-media/58/IMG_2496 copy.jpg', '2019-01-02 20:24:01', NULL),
(44, 58, 20, NULL, NULL, '/uploads/group-media/58/IMG_2495 copy.jpg', '2019-01-02 20:24:26', NULL),
(45, 58, 20, NULL, NULL, '/uploads/group-media/58/IMG_2502 copy.jpg', '2019-01-02 20:24:38', NULL),
(46, 58, 20, NULL, NULL, '/uploads/group-media/58/IMG_2491 copy.jpg', '2019-01-02 20:24:57', NULL),
(47, 46, NULL, 69, 'Coloring and learning the terms for the various parts of our body!', '/uploads/group-media/46/6E13CA3A-367B-4443-B2F3-2411C11DCD82.jpeg', '2019-01-07 00:04:11', NULL),
(48, 46, NULL, 69, 'Working on our life sized art projects!', '/uploads/group-media/46/0DBFCA57-29CC-47E7-9A96-7A7D42D2F247.jpeg', '2019-01-07 00:04:51', NULL),
(49, 46, NULL, 69, 'We love stickers!', '/uploads/group-media/46/5253D065-BB33-41F3-AF8D-CCD3E51368EF.jpeg', '2019-01-07 00:05:20', NULL),
(50, 46, NULL, 69, 'It looks just like us!', '/uploads/group-media/46/30C9E39B-3D6A-4F69-9598-19C76B53CCB4.jpeg', '2019-01-07 00:06:04', NULL),
(51, 46, NULL, 69, 'It looks just like us!', '/uploads/group-media/46/5548FCFB-2176-4494-9727-5CB7FD6A54EF.jpeg', '2019-01-07 00:06:25', NULL),
(52, 46, NULL, 69, 'It looks just like us!', '/uploads/group-media/46/E8572F99-745F-4DCE-BAEE-D4EB12B3AF73.jpeg', '2019-01-07 00:06:45', NULL),
(53, 46, NULL, 69, 'Dancing to Head Shoulders Knees and Toes in mandarin!', '/uploads/group-media/46/8A62B85C-4CE5-4BC7-9B39-617580526783.jpeg', '2019-01-07 00:07:35', NULL);

-- --------------------------------------------------------

--
-- Estructura de tabla para la tabla `pd_group_neighborhoods`
--

DROP TABLE IF EXISTS `pd_group_neighborhoods`;
CREATE TABLE `pd_group_neighborhoods` (
  `id_group` int(10) UNSIGNED NOT NULL,
  `id_neighborhood` int(10) UNSIGNED NOT NULL,
  `idate` datetime NOT NULL
) ENGINE=InnoDB DEFAULT CHARSET=utf8;

--
-- Volcado de datos para la tabla `pd_group_neighborhoods`
--

INSERT INTO `pd_group_neighborhoods` (`id_group`, `id_neighborhood`, `idate`) VALUES
(20, 204, '2018-09-18 05:50:53'),
(26, 72, '2018-09-18 00:32:11'),
(27, 68, '2018-09-18 05:49:50'),
(28, 33, '2018-09-18 05:49:22'),
(30, 34, '2018-09-18 05:48:42'),
(31, 81, '2018-10-19 16:57:33'),
(32, 66, '2018-09-20 06:45:27'),
(33, 33, '2018-09-20 06:46:54'),
(51, 67, '2018-11-01 21:53:17'),
(58, 60, '2019-01-03 22:21:14');

-- --------------------------------------------------------

--
-- Estructura de tabla para la tabla `pd_group_parents`
--

DROP TABLE IF EXISTS `pd_group_parents`;
CREATE TABLE `pd_group_parents` (
  `id_group` int(10) UNSIGNED NOT NULL,
  `id_parent` int(10) UNSIGNED NOT NULL,
  `is_admin` int(10) UNSIGNED NOT NULL DEFAULT '0' COMMENT '0=false, 1=true',
  `idate` datetime NOT NULL,
  `udate` datetime DEFAULT NULL
) ENGINE=InnoDB DEFAULT CHARSET=utf8;

--
-- Volcado de datos para la tabla `pd_group_parents`
--

INSERT INTO `pd_group_parents` (`id_group`, `id_parent`, `is_admin`, `idate`, `udate`) VALUES
(14, 20, 0, '2018-09-26 18:17:41', NULL),
(14, 22, 1, '2018-08-29 21:45:03', NULL),
(20, 23, 1, '2018-09-14 07:02:12', NULL),
(26, 15, 1, '2018-09-17 23:36:46', NULL),
(27, 23, 1, '2018-09-18 05:41:19', NULL),
(28, 23, 1, '2018-09-18 05:45:29', NULL),
(30, 23, 1, '2018-09-18 05:48:11', NULL),
(31, 20, 0, '2018-10-19 17:06:25', NULL),
(31, 22, 0, '2018-10-19 17:06:31', NULL),
(31, 23, 1, '2018-09-20 06:36:36', NULL),
(31, 108, 0, '2018-10-26 18:10:03', NULL),
(31, 110, 0, '2018-10-19 17:15:24', NULL),
(32, 23, 1, '2018-09-20 06:40:52', NULL),
(33, 23, 1, '2018-09-20 06:46:33', NULL),
(46, 20, 0, '2018-11-13 20:17:30', NULL),
(46, 112, 1, '2018-10-25 17:42:23', NULL),
(46, 136, 0, '2018-11-13 20:17:37', NULL),
(46, 143, 0, '2018-12-10 21:24:49', NULL),
(46, 153, 0, '2018-11-21 16:03:58', NULL),
(51, 20, 1, '2018-11-01 21:51:13', NULL),
(51, 22, 0, '2018-11-27 21:32:05', NULL),
(51, 107, 0, '2018-12-10 20:54:49', NULL),
(51, 193, 0, '2018-12-11 17:32:52', NULL),
(52, 20, 1, '2018-11-01 21:56:02', NULL),
(54, 166, 0, '2018-11-28 21:09:09', NULL),
(58, 20, 1, '2019-01-02 18:36:32', NULL),
(58, 22, 0, '2019-01-03 19:59:05', NULL),
(58, 76, 0, '2019-01-02 21:15:11', NULL),
(58, 204, 0, '2019-01-03 21:47:12', NULL),
(58, 214, 0, '2019-01-02 18:42:00', NULL),
(58, 215, 0, '2019-01-02 20:48:27', NULL),
(58, 217, 0, '2019-01-02 21:12:50', NULL);

-- --------------------------------------------------------

--
-- Estructura de tabla para la tabla `pd_group_parents_invitations`
--

DROP TABLE IF EXISTS `pd_group_parents_invitations`;
CREATE TABLE `pd_group_parents_invitations` (
  `id_invitation` int(10) UNSIGNED NOT NULL,
  `id_group` int(10) UNSIGNED NOT NULL,
  `id_parent` int(10) UNSIGNED NOT NULL,
  `status` int(10) UNSIGNED NOT NULL DEFAULT '0' COMMENT '''0=sent, 1=accept, 2=reject''',
  `idate` datetime NOT NULL,
  `udate` datetime DEFAULT NULL
) ENGINE=InnoDB DEFAULT CHARSET=utf8;

--
-- Volcado de datos para la tabla `pd_group_parents_invitations`
--

INSERT INTO `pd_group_parents_invitations` (`id_invitation`, `id_group`, `id_parent`, `status`, `idate`, `udate`) VALUES
(29, 14, 20, 1, '2018-09-26 18:17:21', '2018-09-26 18:17:41'),
(35, 46, 135, 0, '2018-11-13 20:34:48', NULL),
(36, 46, 140, 0, '2018-11-13 20:35:06', NULL),
(37, 46, 138, 0, '2018-11-15 16:34:59', NULL),
(38, 46, 139, 0, '2018-11-15 16:35:32', NULL),
(39, 46, 153, 1, '2018-11-21 15:45:55', '2018-11-21 16:03:58'),
(40, 46, 143, 0, '2018-11-26 20:18:16', NULL),
(41, 51, 20, 1, '2018-11-27 21:39:50', '2018-12-11 17:32:48'),
(42, 51, 91, 0, '2018-11-27 21:58:02', NULL),
(43, 51, 101, 0, '2018-11-27 21:59:41', NULL),
(44, 58, 204, 0, '2019-01-02 21:25:28', NULL),
(45, 58, 22, 1, '2019-01-03 19:57:56', '2019-01-03 19:59:05');

-- --------------------------------------------------------

--
-- Estructura de tabla para la tabla `pd_group_parent_requests`
--

DROP TABLE IF EXISTS `pd_group_parent_requests`;
CREATE TABLE `pd_group_parent_requests` (
  `id_request` int(10) UNSIGNED NOT NULL,
  `id_group` int(10) UNSIGNED NOT NULL,
  `id_parent` int(10) UNSIGNED NOT NULL,
  `status` int(10) UNSIGNED NOT NULL DEFAULT '0' COMMENT '''0=sent, 1=accept, 2=reject''',
  `idate` datetime NOT NULL,
  `udate` datetime DEFAULT NULL
) ENGINE=InnoDB DEFAULT CHARSET=utf8;

--
-- Volcado de datos para la tabla `pd_group_parent_requests`
--

INSERT INTO `pd_group_parent_requests` (`id_request`, `id_group`, `id_parent`, `status`, `idate`, `udate`) VALUES
(23, 27, 20, 0, '2018-09-26 18:14:09', NULL),
(24, 28, 20, 0, '2018-09-26 18:14:18', NULL),
(25, 31, 22, 1, '2018-09-28 21:48:52', NULL),
(29, 31, 20, 1, '2018-10-19 16:48:41', NULL),
(30, 31, 110, 1, '2018-10-19 17:09:49', NULL),
(32, 31, 108, 1, '2018-10-23 18:00:09', NULL),
(33, 46, 20, 1, '2018-11-06 15:50:53', NULL),
(34, 46, 136, 1, '2018-11-12 02:37:55', NULL),
(36, 51, 22, 1, '2018-11-27 21:12:10', NULL),
(37, 54, 166, 1, '2018-11-28 20:47:19', NULL),
(38, 30, 169, 0, '2018-12-04 15:45:04', NULL),
(39, 33, 180, 0, '2018-12-05 21:52:24', NULL),
(40, 46, 143, 1, '2018-12-09 14:46:47', NULL),
(41, 51, 107, 1, '2018-12-10 20:13:55', NULL),
(42, 51, 193, 1, '2018-12-11 17:29:40', NULL),
(45, 58, 214, 1, '2019-01-02 18:40:16', NULL),
(46, 58, 215, 1, '2019-01-02 20:45:39', NULL),
(48, 58, 76, 1, '2019-01-02 21:02:58', NULL),
(49, 58, 217, 1, '2019-01-02 21:10:13', NULL),
(50, 58, 204, 1, '2019-01-03 20:50:43', NULL);

-- --------------------------------------------------------

--
-- Estructura de tabla para la tabla `pd_group_playdates`
--

DROP TABLE IF EXISTS `pd_group_playdates`;
CREATE TABLE `pd_group_playdates` (
  `id_group` int(10) UNSIGNED NOT NULL,
  `id_playdate` int(10) UNSIGNED NOT NULL,
  `idate` datetime NOT NULL
) ENGINE=InnoDB DEFAULT CHARSET=utf8;

--
-- Volcado de datos para la tabla `pd_group_playdates`
--

INSERT INTO `pd_group_playdates` (`id_group`, `id_playdate`, `idate`) VALUES
(31, 142, '2018-10-26 17:12:03'),
(31, 143, '2018-10-26 17:19:04'),
(31, 144, '2018-10-26 17:23:06'),
(31, 145, '2018-10-26 17:29:32'),
(31, 146, '2018-10-26 17:33:02'),
(31, 155, '2018-10-29 20:15:15'),
(46, 179, '2018-11-14 21:54:10'),
(46, 192, '2018-11-26 19:15:51'),
(46, 205, '2018-12-06 03:01:34'),
(46, 226, '2019-01-02 16:25:39'),
(46, 235, '2019-01-06 22:24:20');

-- --------------------------------------------------------

--
-- Estructura de tabla para la tabla `pd_group_specialists`
--

DROP TABLE IF EXISTS `pd_group_specialists`;
CREATE TABLE `pd_group_specialists` (
  `id_group` int(10) UNSIGNED NOT NULL,
  `id_specialist` int(10) UNSIGNED NOT NULL,
  `is_admin` int(10) UNSIGNED NOT NULL DEFAULT '0' COMMENT '0=false, 1=true',
  `idate` datetime NOT NULL,
  `udate` datetime DEFAULT NULL
) ENGINE=InnoDB DEFAULT CHARSET=utf8;

--
-- Volcado de datos para la tabla `pd_group_specialists`
--

INSERT INTO `pd_group_specialists` (`id_group`, `id_specialist`, `is_admin`, `idate`, `udate`) VALUES
(14, 42, 0, '2018-11-02 19:06:00', NULL),
(14, 45, 0, '2018-11-02 19:22:25', NULL),
(31, 16, 0, '2018-10-22 20:18:19', NULL),
(31, 56, 0, '2018-10-29 20:17:53', NULL),
(31, 57, 1, '2018-10-27 13:18:00', NULL),
(46, 16, 0, '2018-12-17 19:51:14', NULL),
(46, 56, 0, '2018-11-15 16:31:53', NULL),
(46, 69, 0, '2018-11-13 20:17:43', NULL),
(46, 70, 0, '2018-12-04 01:42:30', NULL),
(51, 16, 0, '2018-12-19 21:15:44', NULL),
(51, 28, 0, '2018-11-27 21:33:05', NULL),
(51, 45, 0, '2018-11-02 19:21:30', NULL),
(54, 16, 0, '2018-12-17 19:51:41', NULL),
(54, 55, 1, '2018-11-02 15:29:30', NULL),
(57, 28, 1, '2018-11-27 21:13:26', NULL),
(58, 16, 0, '2019-01-03 22:24:36', NULL),
(58, 56, 0, '2019-01-03 22:25:59', NULL),
(60, 56, 1, '2019-01-11 16:54:18', NULL);

-- --------------------------------------------------------

--
-- Estructura de tabla para la tabla `pd_group_specialist_invitations`
--

DROP TABLE IF EXISTS `pd_group_specialist_invitations`;
CREATE TABLE `pd_group_specialist_invitations` (
  `id_invitation` int(10) UNSIGNED NOT NULL,
  `id_group` int(10) UNSIGNED NOT NULL,
  `id_specialist` int(10) UNSIGNED NOT NULL,
  `status` int(10) UNSIGNED NOT NULL DEFAULT '0' COMMENT '''0=sent, 1=accept, 2=reject''',
  `idate` datetime NOT NULL,
  `udate` datetime DEFAULT NULL
) ENGINE=InnoDB DEFAULT CHARSET=utf8;

--
-- Volcado de datos para la tabla `pd_group_specialist_invitations`
--

INSERT INTO `pd_group_specialist_invitations` (`id_invitation`, `id_group`, `id_specialist`, `status`, `idate`, `udate`) VALUES
(1, 31, 16, 1, '2018-10-22 15:48:02', '2018-10-22 20:18:19'),
(6, 51, 45, 1, '2018-11-02 17:00:00', '2018-11-02 19:21:30'),
(7, 14, 45, 1, '2018-11-02 17:02:02', '2018-11-02 19:22:25'),
(8, 14, 42, 1, '2018-11-02 19:05:15', '2018-11-02 19:06:00'),
(9, 46, 69, 1, '2018-11-13 20:22:02', '2018-11-13 20:45:25'),
(10, 46, 56, 1, '2018-11-13 20:23:03', '2018-11-16 22:13:22'),
(13, 46, 70, 1, '2018-12-03 18:49:02', '2018-12-04 01:42:30'),
(14, 58, 16, 1, '2019-01-03 22:21:29', '2019-01-03 22:24:36'),
(15, 58, 56, 1, '2019-01-03 22:23:18', '2019-01-03 22:25:59');

-- --------------------------------------------------------

--
-- Estructura de tabla para la tabla `pd_group_specialist_requests`
--

DROP TABLE IF EXISTS `pd_group_specialist_requests`;
CREATE TABLE `pd_group_specialist_requests` (
  `id_request` int(10) UNSIGNED NOT NULL,
  `id_group` int(10) UNSIGNED NOT NULL,
  `id_specialist` int(10) UNSIGNED NOT NULL,
  `status` int(10) UNSIGNED NOT NULL DEFAULT '0' COMMENT '''0=sent, 1=accept, 2=reject''',
  `idate` datetime NOT NULL,
  `udate` datetime DEFAULT NULL
) ENGINE=InnoDB DEFAULT CHARSET=utf8;

--
-- Volcado de datos para la tabla `pd_group_specialist_requests`
--

INSERT INTO `pd_group_specialist_requests` (`id_request`, `id_group`, `id_specialist`, `status`, `idate`, `udate`) VALUES
(3, 31, 16, 1, '2018-10-19 17:05:20', NULL),
(4, 33, 16, 0, '2018-10-22 20:17:14', NULL),
(5, 32, 16, 0, '2018-10-22 20:17:26', NULL),
(8, 31, 56, 1, '2018-10-29 15:30:48', NULL),
(9, 27, 56, 0, '2018-10-29 15:30:55', NULL),
(10, 28, 56, 0, '2018-10-29 15:31:01', NULL),
(11, 30, 56, 0, '2018-10-29 15:31:06', NULL),
(14, 46, 69, 1, '2018-11-09 17:48:42', NULL),
(15, 46, 56, 1, '2018-11-15 16:30:12', NULL),
(16, 51, 28, 1, '2018-11-27 21:09:49', NULL),
(17, 30, 77, 0, '2018-12-12 17:45:53', NULL),
(18, 51, 55, 2, '2018-12-14 19:18:09', NULL),
(19, 51, 16, 1, '2018-12-14 19:32:50', NULL),
(20, 26, 16, 0, '2018-12-17 19:51:53', NULL);

-- --------------------------------------------------------

--
-- Estructura de tabla para la tabla `pd_image_catalog`
--

DROP TABLE IF EXISTS `pd_image_catalog`;
CREATE TABLE `pd_image_catalog` (
  `id_image` int(10) UNSIGNED NOT NULL,
  `id_interest` int(10) UNSIGNED DEFAULT NULL,
  `picture` varchar(255) DEFAULT NULL,
  `idate` datetime NOT NULL,
  `udate` datetime DEFAULT NULL,
  `id_typecare` int(10) UNSIGNED DEFAULT NULL
) ENGINE=InnoDB DEFAULT CHARSET=utf8;

--
-- Volcado de datos para la tabla `pd_image_catalog`
--

INSERT INTO `pd_image_catalog` (`id_image`, `id_interest`, `picture`, `idate`, `udate`, `id_typecare`) VALUES
(1, 1, '/catalog/academic/ben-white-128604-unsplash.jpg', '2018-09-13 10:48:58', NULL, NULL),
(2, 1, '/catalog/academic/pexels-photo-248152.jpg', '2018-09-13 10:48:58', NULL, NULL),
(3, 1, '/catalog/academic/pexels-photo-256468.jpg', '2018-09-13 10:48:58', NULL, NULL),
(4, NULL, '/catalog/care-after-camp/maxime-bhm-110048-unsplash.jpg', '2018-09-13 10:48:58', NULL, 3),
(5, NULL, '/catalog/care-after-camp/outdoor-fun.jpg', '2018-09-13 10:48:58', NULL, 3),
(6, NULL, '/catalog/care-after-school/element5-digital-352049-unsplash.jpg', '2018-09-13 10:48:58', NULL, 2),
(7, NULL, '/catalog/care-after-school/leo-rivas-30808-unsplash.jpg', '2018-09-13 10:48:58', NULL, 2),
(8, NULL, '/catalog/care-after-school/pexels-photo-326539.jpg', '2018-09-13 10:48:58', NULL, 2),
(9, NULL, '/catalog/care-after-school/santi-vedri-707620-unsplash.jpg', '2018-09-13 10:48:58', NULL, 2),
(10, NULL, '/catalog/care-evening/allen-taylor-486829-unsplash.jpg', '2018-09-13 10:48:58', NULL, 5),
(11, NULL, '/catalog/care-evening/antonio-dicaterina-738197-unsplash.jpg', '2018-09-13 10:48:58', NULL, 5),
(12, NULL, '/catalog/care-evening/kelly-sikkema-198975-unsplash.jpg', '2018-09-13 10:48:58', NULL, 5),
(13, NULL, '/catalog/care-evening/unspecified-93.jpg', '2018-09-13 10:48:58', NULL, 5),
(14, NULL, '/catalog/care-parent-social/feliphe-schiarolli-410660-unsplash.jpg', '2018-09-13 10:48:58', NULL, 6),
(15, NULL, '/catalog/care-parent-social/kelsey-chance-575535-unsplash.jpg', '2018-09-13 10:48:58', NULL, 6),
(16, NULL, '/catalog/care-specialized/pexels-photo-346796.jpg', '2018-09-13 10:48:58', NULL, 1),
(17, NULL, '/catalog/care-weekend/jenn-evelyn-ann-112980-unsplash.jpg', '2018-09-13 10:48:58', NULL, 4),
(18, NULL, '/catalog/care-weekend/pexels-photo-366666.jpg', '2018-09-13 10:48:58', NULL, 4),
(19, 3, '/catalog/creative/crayons-coloring-book-coloring-book-159579.jpg', '2018-09-13 10:48:58', NULL, NULL),
(20, 3, '/catalog/creative/denise-johnson-426675-unsplash.jpg', '2018-09-13 10:48:58', NULL, NULL),
(21, 3, '/catalog/creative/pexels-photo-207665.jpg', '2018-09-13 10:48:58', NULL, NULL),
(22, 3, '/catalog/creative/pexels-photo-220320.jpg', '2018-09-13 10:48:58', NULL, NULL),
(23, 3, '/catalog/creative/pexels-photo-730807.jpg', '2018-09-13 10:48:58', NULL, NULL),
(24, 8, '/catalog/health-wellness/cooking-baby-only-kitchen.jpg', '2018-09-13 10:48:58', NULL, NULL),
(25, 8, '/catalog/health-wellness/jannis-brandt-107231-unsplash.jpg', '2018-09-13 10:48:58', NULL, NULL),
(26, 5, '/catalog/language-culture/asli-yilmaz-350054-unsplash.jpg', '2018-09-13 10:48:58', NULL, NULL),
(27, 5, '/catalog/language-culture/lonely-planet-698649-unsplash.jpg', '2018-09-13 10:48:58', NULL, NULL),
(28, 11, '/catalog/nyc-attractions/ferdinand-stohr-198748-unsplash.jpg', '2018-09-13 10:48:58', NULL, NULL),
(29, 11, '/catalog/nyc-attractions/joseph-rosales-344794-unsplash.jpg', '2018-09-13 10:48:58', NULL, NULL),
(30, 11, '/catalog/nyc-attractions/pexels-photo-129426.jpg', '2018-09-13 10:48:58', NULL, NULL),
(31, 10, '/catalog/nyc-museums/alex-holyoake-440965-unsplash.jpg', '2018-09-13 10:48:58', NULL, NULL),
(32, 10, '/catalog/nyc-museums/pexels-photo-58599.jpg', '2018-09-13 10:48:58', NULL, NULL),
(33, 12, '/catalog/nyc-theater/felix-mooneeram-222805-unsplash.jpg', '2018-09-13 10:48:58', NULL, NULL),
(34, 12, '/catalog/nyc-theater/kilyan-sockalingum-478724-unsplash.jpg', '2018-09-13 10:48:58', NULL, NULL),
(35, 12, '/catalog/nyc-theater/lloyd-dirks-74271-unsplash.jpg', '2018-09-13 10:48:58', NULL, NULL),
(36, 12, '/catalog/nyc-theater/manos-gkikas-422953-unsplash.jpg', '2018-09-13 10:48:58', NULL, NULL),
(37, 12, '/catalog/nyc-theater/pexels-photo-755043.jpg', '2018-09-13 10:48:58', NULL, NULL),
(38, 9, '/catalog/outdoor/girls-children-tulips-netherlands.jpg', '2018-09-13 10:48:58', NULL, NULL),
(39, 9, '/catalog/outdoor/pexels-photo-259704.jpg', '2018-09-13 10:48:58', NULL, NULL),
(40, 9, '/catalog/outdoor/pexels-photo-459949.jpg', '2018-09-13 10:48:58', NULL, NULL),
(41, 4, '/catalog/performing-arts/ballet-sneaker-dress-ballet-dancer-163379.jpg', '2018-09-13 10:48:58', NULL, NULL),
(42, 4, '/catalog/performing-arts/f20161017195304-cd72f55f7dcbb0c8a5310e70c577da4d.jpg', '2018-09-13 10:48:58', NULL, NULL),
(43, 4, '/catalog/performing-arts/gaelle-marcel-198696-unsplash.jpg', '2018-09-13 10:48:58', NULL, NULL),
(44, 6, '/catalog/play/charlein-gracia-682270-unsplash.jpg', '2018-09-13 10:48:58', NULL, NULL),
(45, 6, '/catalog/play/hisu-lee-47495-unsplash.jpg', '2018-09-13 10:48:58', NULL, NULL),
(46, 6, '/catalog/play/markus-spiske-135763-unsplash.jpg', '2018-09-13 10:48:58', NULL, NULL),
(47, 6, '/catalog/play/markus-spiske-197281.jpg', '2018-09-13 10:48:58', NULL, NULL),
(48, 6, '/catalog/play/markus-spiske-381725-unsplash.jpg', '2018-09-13 10:48:58', NULL, NULL),
(49, 6, '/catalog/play/robert-collins-333411-unsplash.jpg', '2018-09-13 10:48:58', NULL, NULL),
(50, 7, '/catalog/sports-recreation/alp-studio-278739-unsplash.jpg', '2018-09-13 10:48:58', NULL, NULL),
(51, 7, '/catalog/sports-recreation/neonbrand-423333-unsplash.jpg', '2018-09-13 10:48:58', NULL, NULL),
(52, 7, '/catalog/sports-recreation/sabri-tuzcu-190600-unsplash.jpg', '2018-09-13 10:48:58', NULL, NULL),
(53, 2, '/catalog/stem/igor-starkov-505387-unsplash.jpg', '2018-09-13 10:48:58', NULL, NULL),
(54, 2, '/catalog/stem/marvin-tolentino-680095-unsplash.jpg', '2018-09-13 10:48:58', NULL, NULL);

-- --------------------------------------------------------

--
-- Estructura de tabla para la tabla `pd_interests`
--

DROP TABLE IF EXISTS `pd_interests`;
CREATE TABLE `pd_interests` (
  `id_interest` int(10) UNSIGNED NOT NULL,
  `name` varchar(45) NOT NULL,
  `type` int(10) UNSIGNED NOT NULL DEFAULT '0' COMMENT '0=training, 1=art, 2=play, 3=culture',
  `slug` varchar(255) NOT NULL,
  `description` varchar(255) DEFAULT NULL,
  `idate` datetime NOT NULL,
  `udate` datetime DEFAULT NULL
) ENGINE=InnoDB DEFAULT CHARSET=latin1 COMMENT='Playdate Interests for Playdate and Children';

--
-- Volcado de datos para la tabla `pd_interests`
--

INSERT INTO `pd_interests` (`id_interest`, `name`, `type`, `slug`, `description`, `idate`, `udate`) VALUES
(1, 'Academic', 1, 'academic', NULL, '2018-05-14 01:08:35', NULL),
(2, 'STEM', 1, 'stem', NULL, '2018-05-14 01:08:35', NULL),
(3, 'Creative', 2, 'creative', NULL, '2018-05-14 01:08:35', NULL),
(4, 'Performing Arts', 2, 'performing-arts', NULL, '2018-05-14 01:08:35', NULL),
(5, 'Language & Culture', 2, 'language-culture', NULL, '2018-05-14 01:08:35', NULL),
(6, 'Play', 3, 'play', NULL, '2018-05-14 01:08:35', NULL),
(7, 'Sports & Recreation', 3, 'sports-recreation', NULL, '2018-05-14 01:08:35', NULL),
(8, 'Health & Wellness', 3, 'health-wellness', NULL, '2018-05-14 01:08:35', NULL),
(9, 'Outdoor', 3, 'outdoor', NULL, '2018-05-14 01:08:35', NULL),
(10, 'NYC Museums', 4, 'nyc-musseums', NULL, '2018-05-14 01:08:35', NULL),
(11, 'NYC Attractions', 4, 'nyc-attractions', NULL, '2018-05-14 01:08:35', NULL),
(12, 'NYC Theater', 4, 'nyc-theater', NULL, '2018-05-14 01:08:35', NULL);

-- --------------------------------------------------------

--
-- Estructura de tabla para la tabla `pd_invitations`
--

DROP TABLE IF EXISTS `pd_invitations`;
CREATE TABLE `pd_invitations` (
  `id_invitation` int(10) UNSIGNED NOT NULL,
  `code` varchar(12) NOT NULL,
  `email` varchar(255) NOT NULL,
  `idate` datetime NOT NULL,
  `udate` datetime DEFAULT NULL
) ENGINE=InnoDB DEFAULT CHARSET=utf8;

--
-- Volcado de datos para la tabla `pd_invitations`
--

INSERT INTO `pd_invitations` (`id_invitation`, `code`, `email`, `idate`, `udate`) VALUES
(3, 'ZUWG7BTR', 'test1@gmail.com', '2018-07-30 04:30:44', NULL),
(4, '2AP47ORY', 'test2@gmail.com', '2018-07-30 04:30:44', NULL),
(5, '138FLGAK', 'test3@gmail.com', '2018-07-30 04:30:44', NULL),
(6, 'Y0AKU7D4', 'test4@gmail.com', '2018-07-30 04:30:44', NULL),
(7, 'OZCKLM5R', 'test5@gmail.com', '2018-07-30 04:30:44', NULL),
(8, 'O4MYBX1G', 'test6@gmail.com', '2018-07-30 04:30:44', NULL),
(9, 'LSWVNJZ7', 'test7@gmail.com', '2018-07-30 04:30:44', NULL),
(10, 'PD7HF53K', 'test8@gmail.com', '2018-07-30 04:30:44', NULL),
(11, 'Y3L4HCMK', 'test9@gmail.com', '2018-07-30 04:30:44', NULL),
(22, 'VJKL7ZU0', 'mail@susanaarellano.com', '2018-08-17 04:23:13', '2018-08-17 04:23:23'),
(23, 'CD8HF36N', 'lancu@airtouchmedia.com', '2018-08-21 10:12:20', NULL),
(25, '3GMHPNS0', 'test@airtouchmedia.com', '2018-08-21 10:40:43', '2018-08-21 10:41:42'),
(26, '8QPF1A4N', 'susana@test.com', '2018-08-21 14:48:28', NULL),
(27, 'WC528170', 'bob@test.com', '2018-08-21 14:51:02', NULL),
(28, 'AK9HUGCF', 'mail@susanaarellano.com', '2018-08-22 21:54:22', '2018-08-22 21:55:51'),
(29, '6B4RUL5O', 'email1@email.com', '2018-08-26 22:06:37', NULL),
(30, 'CAJWFH2Y', 'parentconcierge@playdatepal.com', '2018-08-27 17:14:04', '2018-08-27 17:15:08'),
(31, '5MSAH67Q', 'nicole@playdatepal.com', '2018-08-27 17:15:26', '2018-10-05 14:08:44'),
(32, 'TBKDZXS0', 'amanda@playdatepal.com', '2018-08-28 22:24:37', '2018-08-28 22:24:41'),
(33, '73GSXKEW', 'lancu@airtouchmedia.com', '2018-08-29 08:38:56', '2018-08-29 08:39:01'),
(37, 'D1S3TC6W', 'andrea@playdatepal.com', '2018-09-03 01:57:46', NULL),
(39, 'PAL0001', 'jasmine.mitchell@gmail.com', '2018-09-05 04:45:42', '2018-09-05 04:46:01'),
(40, 'PAL0002', 'mandisa@gmail.com', '2018-09-05 04:57:42', '2018-09-05 04:57:48'),
(41, 'PAL0004', 'sarasp531@gmail.com', '2018-09-05 05:10:28', '2018-09-05 05:10:45'),
(42, 'PAL0003', 'taylor.defelice@gmail.com', '2018-09-05 05:17:03', '2018-09-05 05:17:14'),
(43, 'PAL0005', 'slwga@yahoo.com', '2018-09-05 05:24:41', '2018-09-05 05:24:54'),
(44, 'PAL0006', 'wueyemd@gmail.com', '2018-09-05 05:28:02', '2018-09-05 05:28:09'),
(45, 'PAL0007', 'griffinmarr@icloud.com', '2018-09-05 05:28:27', '2018-09-05 05:28:33'),
(46, 'PAL0008', 'jkauffman@affiniongroup.com', '2018-09-05 05:28:50', '2018-09-05 05:28:57'),
(49, 'PAL00011', 'ambercleary78@gmail.com', '2018-09-05 05:51:17', '2018-09-05 05:51:24'),
(51, 'B4TJXFQ1', 'amanda@playdatepal.com', '2018-09-05 13:56:19', '2018-09-05 13:56:27'),
(52, 'PT6KZDE1', 'support@playdatepal.com', '2018-09-06 05:32:36', '2018-09-06 05:32:45'),
(53, 'HQZEDTA0', 'info@projectplaydate.org', '2018-09-06 05:34:36', NULL),
(69, 'PAL00028', 'Janekearsey@yahoo.com', '2018-09-12 05:03:50', '2018-09-12 05:03:54'),
(74, 'PAL00033', 'jdunne@deloitte.com', '2018-09-12 05:04:59', '2018-09-12 05:05:03'),
(79, 'PAL00038', 'kanya@suddenlythere.com', '2018-09-12 05:06:12', '2018-09-12 05:06:16'),
(81, 'PAL00040', 'ketan@ketanvakil.com', '2018-09-12 05:06:40', '2018-09-12 05:06:43'),
(82, 'PAL00041', 'wicker.lily@gmail.com', '2018-09-12 06:19:22', '2018-09-12 06:19:28'),
(86, 'PAL00045', 'lisapoulakakos@yahoo.com', '2018-09-12 06:20:13', '2018-09-12 06:20:18'),
(91, 'PAL00050', 'mandisa@gmail.com', '2018-09-12 06:21:17', '2018-09-12 06:21:21'),
(92, 'PAL00051', 'maryann.mcguire@gmail.com', '2018-09-12 06:21:29', '2018-09-13 01:43:40'),
(95, 'PAL00054', 'nadjaatwal@gmail.com', '2018-09-12 06:22:31', '2018-09-12 06:22:34'),
(97, 'PAL00056', 'np2128@gmail.com', '2018-09-13 02:30:38', '2018-09-13 02:30:46'),
(102, 'PAL00061', 'hang_qi2004@yahoo.com', '2018-09-13 02:36:52', '2018-09-13 02:36:56'),
(107, 'PAL00066', 'rosagarneau@gmail.com', '2018-09-13 02:40:58', '2018-09-13 02:41:03'),
(108, 'PAL00067', 'sabbyd2000@gmail.com', '2018-09-13 02:41:10', '2018-09-13 02:41:14'),
(116, 'PAL00076', 'kikutae@gmail.com', '2018-09-13 02:43:12', '2018-09-13 02:43:16'),
(121, 'PAL00082', 'dasilva@bc-p.com', '2018-09-13 02:44:43', '2018-09-13 02:44:47'),
(122, 'JZVO0R65', 'nicole@playdatepal.com', '2018-09-13 14:39:23', '2018-09-13 14:39:30'),
(123, 'QZ8L6GE1', 'zoe@playdatepal.com', '2018-09-18 13:13:00', '2018-09-18 13:13:03'),
(124, 'SM2CGO7X', 'raposonico@gmail.com', '2018-10-05 14:06:48', NULL),
(126, 'ENYPS0MT', 'jackstan@gmail.com', '2018-10-10 02:56:03', '2018-10-10 02:57:46'),
(127, '9M3JST2V', 'luissillas@gmail.com', '2018-10-10 02:58:02', '2018-10-10 02:58:44'),
(128, 'EBT73U6V', 'dreammakertalent@gmail.com', '2018-10-10 02:59:15', '2018-10-10 03:00:31'),
(129, '7CDBSY3M', 'cherylgraz@gmail.com', '2018-10-10 03:00:36', '2018-10-10 03:00:57'),
(130, '867K4GPM', 'DEyjolfsson17@gsb.columbia.edu', '2018-10-10 03:01:29', '2018-10-10 03:01:48'),
(131, 'LKGHRX0V', 'zeina.muna@gmail.com', '2018-10-10 03:11:14', '2018-10-10 03:11:35'),
(132, '30OBPLMQ', 'joeaschwartz@gmail.com', '2018-10-10 03:14:24', '2018-10-10 03:24:26'),
(134, 'E3VBODSC', 'zhangtuo2015@gmail.com', '2018-10-10 03:34:43', '2018-10-10 03:35:40'),
(135, '1E0FYQGP', 'susan.arndt@live.com', '2018-10-10 03:35:44', NULL),
(136, 'HECVP4ZW', 'amanisheikh1@gmail.com', '2018-10-11 05:32:10', '2018-10-11 05:32:30'),
(137, 'HJM2OZ7A', 'christina.d.sullivan@gmail.com', '2018-10-11 05:32:37', '2018-10-11 05:32:45'),
(138, 'KDWOHU54', 'damonbutler@gmail.com', '2018-10-11 05:33:02', '2018-10-11 05:33:11'),
(139, 'O9EXAL8B', 'jasonjunkmail9999@gmail.com', '2018-10-11 05:33:21', '2018-10-11 05:33:28'),
(140, 'TOC60HJE', 'suitemgmt@gmail.com', '2018-10-11 05:33:45', '2018-10-11 05:33:56'),
(141, 'NDXZTA8C', 'susanwnelson@me.com', '2018-10-11 05:34:15', '2018-10-11 05:34:19'),
(142, '8MYVCZWS', 'zoe@playdatepal.com', '2018-10-14 15:07:49', NULL),
(143, '2K8ECJZ5', 'lisa85255@gmail.com', '2018-10-14 17:28:02', NULL),
(144, 'SWVAJCQM', 'ishmaelal@hotmail.com', '2018-10-14 18:42:06', NULL),
(152, 'SEKUPJRG', 'Cadenise@yahoo.com,Denise@fidifamilies.com', '2018-10-15 04:29:42', '2018-10-15 04:29:52'),
(153, 'K5W3UF2Z', 'sarellano@agenda28.com', '2018-10-16 18:25:55', NULL),
(154, 'Z3EBV709', 'mail@susanaarellano.com', '2018-10-18 18:29:32', '2018-10-18 18:29:36'),
(155, 'XOWR2VLP', 'johnlehman7@gmail.com', '2018-10-19 00:25:42', '2018-10-19 00:25:49'),
(158, 'RYGKD5NP', 'mail@susanaarellano.com', '2018-10-23 20:21:16', NULL),
(159, '8KR5CYMH', 'info@agenda28.com', '2018-10-23 20:21:16', NULL),
(160, '2FE8MBRV', 'real.zoelathan@gmail.com', '2018-10-23 22:19:18', NULL),
(162, 'CVFXBH1A', 'sophie.chheang@gmail.com', '2018-10-25 17:27:09', NULL),
(163, 'X6O5PGLR', 'raposonico@gmail.com', '2018-10-30 15:35:43', NULL),
(164, 'DYGLHTOW', 'raposonico@gmail.com', '2018-10-30 15:44:44', NULL),
(165, 'GEA1LWKZ', 'raposonico@gmail.com', '2018-10-30 15:51:23', NULL),
(166, 'QB3XTLG2', 'raposonico@gmail.com', '2018-10-30 20:24:14', NULL),
(167, 'BWJC0HMX', 'raposonico@gmail.com', '2018-10-30 20:35:04', NULL),
(168, 'G9DWBEKO', 'raposonico@gmail.com', '2018-10-30 20:58:51', NULL),
(169, 'KVBUG13X', 'susan.arndt@live.com', '2018-10-30 21:23:35', NULL),
(170, 'PZOB1TX3', 'jflorezf@gmail.com', '2018-10-31 14:41:03', NULL),
(171, 'CRB8PQX4', 'jflorezf@gmail.com', '2018-10-31 14:41:09', NULL),
(172, '3H29KAUX', 'jflorezf@gmail.com', '2018-10-31 14:41:13', NULL),
(173, 'Z3B0W5SV', 'jflorezf@gmail.com', '2018-10-31 14:41:18', NULL),
(174, 'J76FDXU3', 'jflorezf@gmail.com', '2018-10-31 14:41:22', NULL),
(175, 'E9B5NC1X', 'raposonico@gmail.com', '2018-10-31 14:43:49', NULL),
(176, '5YEONQF0', 'raposonico@gmail.com', '2018-11-01 16:42:34', NULL),
(177, 'RHX2SWP4', 'raposonico@gmail.com', '2018-11-01 16:57:14', NULL),
(178, '4381REQZ', 'raposonico@gmail.com', '2018-11-01 17:04:20', NULL),
(179, 'GEO4S1LV', 'raposonico@gmail.com', '2018-11-02 15:19:52', NULL),
(180, 'JWP5V1MT', 'zr1@nyu.edu', '2018-11-02 16:25:37', NULL),
(181, 'LR029TUJ', 'clionagolden@gmail.com', '2018-11-02 17:55:36', NULL),
(183, 'KETD21PU', 'kristal.marshall@aol.com', '2018-11-06 15:30:51', '2018-11-06 15:30:53'),
(184, 'SN0OD7P5', 'agnes1104@gmail.com', '2018-11-06 16:15:10', '2018-11-06 16:15:11'),
(185, '19UZLNS2', 'alena2569@gmail.com', '2018-11-06 18:48:02', '2018-11-06 18:48:03'),
(186, 'ECTHXL67', 'laurajroth@hotmail.com', '2018-11-06 20:13:18', '2018-11-06 20:13:20'),
(187, '3CY02M4Z', 'debalvy@yahoo.com', '2018-11-06 21:14:31', '2018-11-06 21:14:33'),
(188, 'F3XTNP5U', 'corrineandanthony@gmail.com', '2018-11-06 21:14:56', '2018-11-06 21:14:58'),
(189, 'KHNY0DWC', 'christianne.dimech@gmail.com', '2018-11-06 21:15:59', '2018-11-06 21:16:00'),
(190, 'GOXHS4RW', 'rachelbgoldstein@aol.com', '2018-11-06 21:40:46', NULL),
(191, 'OG6289BH', 'zoe@projectplaydate.org', '2018-11-07 17:59:59', NULL),
(192, 'XS61WEN5', 'thelmamaria2@yahoo.com', '2018-11-09 17:59:09', '2018-11-09 17:59:11'),
(193, 'RS9E4CVX', 'helen.a.chiang@gmail.com', '2018-11-09 23:08:47', '2018-11-09 23:08:49'),
(194, '6G27KQ4D', 'raposonico@gmail.com', '2018-11-09 23:16:06', NULL),
(195, 'U4V0LQ9M', 'jason.jue@gmail.com', '2018-11-09 23:31:27', '2018-11-09 23:31:28'),
(196, 'Y2XQ8FJO', 'ek2023@gmail.com', '2018-11-11 21:42:31', '2018-11-11 21:42:32'),
(197, '763PRLEN', 'jessicabachgoldberg@gmail.com', '2018-11-12 16:54:26', '2018-11-12 16:54:28'),
(198, 'PD789TLZ', 'gabriella.skirnick@gs.com', '2018-11-12 17:25:01', '2018-11-12 17:25:02'),
(199, '54O3WQ19', 'bcianfichi@gmail.com', '2018-11-12 17:25:41', '2018-11-12 17:25:42'),
(200, 'RZGL1BOX', 'ilania@gmail.com', '2018-11-12 17:25:59', '2018-11-12 17:26:00'),
(201, 'KNFRVPJ3', 'soniason.hwang@gmail.com', '2018-11-12 17:26:18', '2018-11-12 17:26:20'),
(202, '6KTLF5WS', 'caristay@hotmail.com', '2018-11-12 17:26:42', '2018-11-12 17:26:43'),
(203, 'AFJZODWC', 'denisegwoodard@gmail.com', '2018-11-12 17:27:07', '2018-11-12 17:27:08'),
(204, '2E04YPVA', 'akbarkai@gmail.com', '2018-11-12 17:27:23', '2018-11-12 17:27:24'),
(205, 'L84CF3US', 'wonglichin@gmail.com', '2018-11-12 17:28:40', '2018-11-12 17:28:42'),
(206, 'Z9WE8LH2', 'adisalvatore89@gmail.com', '2018-11-12 18:20:45', '2018-11-12 18:20:46'),
(207, '4G985CLN', 'semoywilliams@gmail.com', '2018-11-13 18:43:01', '2018-11-13 18:43:03'),
(208, 'AQF1B7DN', 'deepoku@yahoo.com', '2018-11-13 18:57:19', '2018-11-13 18:57:21'),
(210, 'P64NUZAT', 'jcflorez@airtouchmedia.com', '2018-11-13 21:43:20', NULL),
(211, 'WT5V4BK1', 'jflorezf@gmail.com', '2018-11-13 22:10:03', NULL),
(212, '2V1FZQBE', 'jflorezf@gmail.com', '2018-11-13 22:11:00', NULL),
(213, 'NGUBWCRT', 'jflorezf@gmail.com', '2018-11-13 22:11:04', NULL),
(214, 'Z15NHFKV', 'lorialyssa@gmail.com', '2018-11-13 22:16:32', '2018-11-13 22:16:33'),
(215, 'MS0WQLG5', 'amanda@projectplaydate.org', '2018-11-14 15:20:37', NULL),
(216, 'Z540OGS9', 'peter.piatetsky@gmail.com', '2018-11-14 16:24:15', NULL),
(217, '052WF3Z9', 'jameson.mones@gmail.com', '2018-11-14 16:46:07', '2018-11-14 16:46:08'),
(218, 'BC1RKPTU', 'brad.wertman@leanmeanz.com', '2018-11-14 22:31:01', NULL),
(219, 'XYD2SQGN', 'Jadabada87@icloud.com', '2018-11-15 21:24:09', '2018-11-15 21:24:10'),
(221, 'MBOWN9U7', 'melanie.whelan@soul-cycle.com', '2018-11-19 18:26:22', NULL),
(222, 'TR3J1FOC', 'jrittenburg@universitysettlement.org ', '2018-11-19 21:29:16', NULL),
(223, 'EJFXON5G', 'maryelizabethburner@gmail.com', '2018-11-21 15:29:21', '2018-11-21 15:29:23'),
(224, 'MJAW8H07', 'ivysun999@gmail.com', '2018-11-21 18:06:39', '2018-11-21 18:06:40'),
(225, '1QUNRP46', 'rap.miriam@gmail.com', '2018-11-21 21:36:18', '2018-11-21 21:36:19'),
(226, '35HU17NQ', 'talentconcierge@playdatepal.com', '2018-11-21 22:34:08', NULL),
(227, 'KT0R1ZW2', 'cherylgraz@gmail.com', '2018-11-22 01:53:25', NULL),
(229, '872GHWV9', 'zeina.muna@gmail.com', '2018-11-22 02:07:53', NULL),
(231, '8KL42OFY', 'anifaby7@gmail.com', '2018-11-24 02:55:38', NULL),
(232, 'OW4A1T0X', 'melissatwolfe@gmail.com', '2018-11-26 17:20:00', '2018-11-26 17:20:01'),
(233, '1SXKJC35', 'kenia2477@aol.com', '2018-11-26 18:38:16', NULL),
(234, 'VB8QJGSX', 'elad1245@gmail.com', '2018-11-26 20:05:22', NULL),
(235, 'VUPB6SDC', 'raposonico@gmail.com', '2018-11-27 17:00:30', NULL),
(236, 'S61A3KZM', 'schuesslere@gmail.com', '2018-11-27 18:44:29', NULL),
(237, 'XD8KA3LO', 'mary.ann.dickson@baml.com', '2018-11-27 18:44:37', NULL),
(238, '6H9GEYC1', 'kristenskarvelis@gmail.com', '2018-11-27 18:44:48', NULL),
(239, 'C61QZOFS', 'kayproper@gmail.com', '2018-11-27 18:44:55', NULL),
(240, 'F95XKJ2Y', 'maryjcella@yahoo.com', '2018-11-27 18:45:03', NULL),
(241, 'G1O80ULX', 'chrisvvalentino@gmail.com', '2018-11-27 18:45:10', NULL),
(242, 'Y3DHPX0E', 'gaacri@gmail.com', '2018-11-27 18:45:18', NULL),
(243, 'VA61KRX7', 'chris@vcapitalmanagement.com', '2018-11-27 18:45:25', NULL),
(244, '7J40OQMC', 'jeffersondickson@gmail.com', '2018-11-27 18:45:32', NULL),
(245, 'DZ0T9JFP', 'costa2@gmail.com', '2018-11-27 18:45:39', NULL),
(246, 'QA31SPWT', 'doris@hphnyc.com', '2018-11-27 18:46:12', NULL),
(247, '5MC0N9BZ', 'lisapoulakakos@gmail.com', '2018-11-27 18:46:42', NULL),
(248, '3PWN2K1S', 'andyjbaird@hotmail.com', '2018-11-28 05:43:20', '2018-11-28 05:45:54'),
(249, '8VX64QS3', 'amymhughey@gmail.com', '2018-11-28 05:46:00', '2018-11-28 05:46:02'),
(250, 'MBODZCTU', 'andrewalmonte@hotmail.com', '2018-11-28 05:52:08', '2018-11-28 05:52:11'),
(251, 'Y1CFXKHA', 'bianca.j.peachey@gmail.com', '2018-11-28 05:52:49', '2018-11-28 05:52:51'),
(252, 'UHB4DCPL', 'cocobouche@gmail.com', '2018-11-28 05:53:29', '2018-11-28 05:53:31'),
(253, 'N1GPYQ64', 'christine@heirnyc.com', '2018-11-28 05:54:04', '2018-11-28 05:54:06'),
(254, 'DJWFUKC0', 'madisonwharton@gmail.com', '2018-11-28 05:55:37', '2018-11-28 05:55:39'),
(255, 'LHB7NGTR', 'dkrigstin@gmail.com', '2018-11-28 05:56:16', '2018-11-28 05:56:18'),
(256, 'CJB75DZX', 'dwana.franklin-davis@mastercard.com', '2018-11-28 05:57:04', '2018-11-28 05:57:06'),
(257, 'HFQ6LBMN', 'ecbrennan@yahoo.com', '2018-11-28 05:57:57', '2018-11-28 05:57:58'),
(258, 'JEC23TU5', 'zagoracasa@yahoo.com', '2018-11-28 05:58:36', '2018-11-28 05:58:38'),
(259, 'W0V9ATBG', 'jkilin1@gmail.com', '2018-11-28 05:59:13', '2018-11-28 05:59:15'),
(260, '67TWN5R3', 'josefinw@gmail.com', '2018-11-28 05:59:55', '2018-11-28 05:59:57'),
(261, 'MQO7P8RH', 'kanan.j.joshi@gmail.com', '2018-11-28 06:00:35', '2018-11-28 06:00:36'),
(262, 'QE4Z8A25', 'lindskorn@gmail.com', '2018-11-28 06:01:22', '2018-11-28 06:01:24'),
(263, 'X5FHDGR9', 'lisa@teamepiphany.com', '2018-11-28 06:02:01', '2018-11-28 06:02:03'),
(264, 'LN7BUZ06', 'lisamcland@gmail.com', '2018-11-28 06:03:20', '2018-11-28 06:03:22'),
(265, 'TFKMN6A4', 'meganmalvern@gmail.com', '2018-11-28 06:04:01', '2018-11-28 06:04:03'),
(266, '5BAU4OWP', 'monicaparekh@hotmail.com', '2018-11-28 06:04:33', '2018-11-28 06:04:35'),
(267, '4FWG2Z3K', 'pamela_cheung@yahoo.com', '2018-11-28 06:05:05', '2018-11-28 06:05:07'),
(268, '3R682SQO', 'freeinnyc00@yahoo.com', '2018-11-28 06:05:49', '2018-11-28 06:05:51'),
(269, 'W7DEJS0Q', 'robertwood@eiu.com', '2018-11-28 06:07:00', '2018-11-28 06:07:02'),
(270, 'MLCRD21A', 'robinakappy@yahoo.com', '2018-11-28 06:07:42', '2018-11-28 06:07:44'),
(271, 'HRVQKTZB', 'sarah.n.martin@gmail.com', '2018-11-28 06:08:21', '2018-11-28 06:08:23'),
(272, 'D60YBZQ4', 'snetburn@gmail.com', '2018-11-28 06:09:45', '2018-11-28 06:09:47'),
(273, 'V85H2A9M', 'patelwilliams@gmail.com', '2018-11-28 06:11:21', '2018-11-28 06:11:23'),
(274, 'WYTXB6OP', 'stela_cristina@hotmail.com', '2018-11-28 06:12:33', '2018-11-28 06:12:35'),
(275, 'ZLE7VS38', 'ttudhope@gmail.com', '2018-11-28 06:13:14', '2018-11-28 06:13:15'),
(276, 'LH2YG9MX', 'turan@joshsaul.com', '2018-11-28 06:13:50', '2018-11-28 06:13:51'),
(277, 'XH5SC0WU', 'vanessa.romann@gmail.com', '2018-11-28 06:14:42', '2018-11-28 06:14:44'),
(278, 'R1UZBOAV', 'jmcdougall99@yahoo.com', '2018-11-28 06:18:37', '2018-11-28 06:18:39'),
(279, 'XUJDETNH', 'vickvickhorne@gmail.com', '2018-11-28 06:19:52', '2018-11-28 06:19:54'),
(280, '06W9S4JL', 'nicsroka@yahoo.com', '2018-11-28 06:20:44', '2018-11-28 06:20:46'),
(281, 'H84LR7QY', 'jturner21469@gmail.com', '2018-11-28 06:21:27', '2018-11-28 06:21:29'),
(282, 'UEA3JHZB', 'thealicecherry@gmail.com', '2018-11-28 06:22:38', '2018-11-28 06:22:40'),
(283, 'H4J8ENYT', 'Enriquezbocobo@gmail.com', '2018-11-28 06:24:15', '2018-11-28 06:24:17'),
(284, 'S2O4KWMA', 'christina.roccos@gmail.com', '2018-11-28 06:25:05', '2018-11-28 06:25:06'),
(285, 'PBDZQ6LA', 'hernandez.44@live.com', '2018-11-28 16:11:38', '2018-11-28 16:11:39'),
(286, '75DAPUSE', 'kristicookson@aol.com', '2018-11-28 16:12:56', '2018-11-28 16:12:58'),
(287, 'RF60OQHK', 'wilneida@gmail.com', '2018-11-28 16:18:10', '2018-11-28 16:18:11'),
(288, 'FKRZMHOC', 'keedy.eugenio@hczpromise.org', '2018-11-28 16:22:59', '2018-11-28 16:23:00'),
(289, 'YZJHE34V', 'zoe@playdatepal.com', '2018-11-28 20:40:59', NULL),
(290, 'ZAEB5QWO', 'admin@thegreatroom.org', '2018-11-30 18:59:19', NULL),
(291, 'SRT2LX61', 'lgrbernstein@gmail.com', '2018-11-30 19:29:56', '2018-11-30 19:29:58'),
(292, 'NUZ6TJRH', 'srgushee@gmail.com ', '2018-12-03 18:07:50', '2018-12-03 18:07:51'),
(293, '3FS2Z01H', 'kimbrough.towles@gmail.com ', '2018-12-03 18:08:36', '2018-12-03 18:08:38'),
(294, '24SWZJLY', 'merrill@merrillmahan.com ', '2018-12-03 18:08:50', '2018-12-03 18:08:51'),
(295, '20O1UTKW', 'rebecca.brock.dixon@gmail.com', '2018-12-03 18:09:04', '2018-12-03 18:09:06'),
(296, 'NKT7D129', 'scoats@deloitte.com', '2018-12-03 18:09:20', '2018-12-03 18:09:21'),
(297, '73GC8WJP', 'adwyeredwards@gmail.com', '2018-12-03 18:09:36', '2018-12-03 18:09:37'),
(298, '7KQS8ALG', 'melissa.leitman@gmail.com', '2018-12-03 18:21:41', '2018-12-03 18:21:43'),
(299, 'UML165CV', 'leah.kim@gmail.com', '2018-12-03 18:54:48', '2018-12-03 18:54:49'),
(300, '7BMR1AKP', 'tia@tiaromano.com', '2018-12-03 21:19:52', '2018-12-03 21:19:54'),
(301, 'FAZ82RES', 'phyllispei@gmail.com', '2018-12-03 21:37:18', NULL),
(302, 'UNJ1287C', 'zoe@playdatepal.com', '2018-12-04 15:25:45', NULL),
(303, 'EZGCFHQN', 'doug@executivemediacorp.com', '2018-12-04 20:51:33', '2018-12-04 20:51:35'),
(304, '4T6O98HG', 'sweet28202@hotmail.com', '2018-12-05 01:40:27', '2018-12-05 01:40:32'),
(305, 'UOVQFDR1', 'ashley.net@yahoo.com', '2018-12-05 01:44:08', '2018-12-05 01:44:12'),
(306, '4Q6E7Z9W', 'bgsunlimited@gmail.com', '2018-12-05 01:44:48', NULL),
(307, 'YZLEDW29', 'caitmoore@aol.com', '2018-12-05 01:45:57', '2018-12-05 01:46:00'),
(308, 'C0SFJDEX', 'frvianna@yahoo.com', '2018-12-05 01:49:07', '2018-12-05 01:49:10'),
(309, '57DCATJ9', 'heather.tower91@gmail.com', '2018-12-05 01:50:00', '2018-12-05 01:50:04'),
(310, 'ZKQL7A69', 'holly.h.ro@gmail.com', '2018-12-05 01:51:19', '2018-12-05 01:51:22'),
(311, 'NWJ341MC', 'yau.jackie@gmail.com', '2018-12-05 01:51:57', '2018-12-05 01:51:59'),
(312, 'RQ5KB6U8', 'karinechen@gmail.com', '2018-12-05 01:56:01', '2018-12-05 01:56:03'),
(313, '6FSO5V3M', 'kathleen.mann04@gmail.com', '2018-12-05 01:56:27', '2018-12-05 01:56:30'),
(314, 'LM2T8JW4', 'bocachula6thboro@gmail.com', '2018-12-05 01:56:49', '2018-12-05 01:56:52'),
(315, 'YH0BPX8C', 'kellyruiter@yahoo.com', '2018-12-05 01:57:35', '2018-12-05 01:57:37'),
(316, 'J30QPE74', 'kelvin.lo.12@gmail.com', '2018-12-05 01:57:55', '2018-12-05 01:57:56'),
(317, 'JGC07NVS', 'loliner@gmail.com', '2018-12-05 01:58:16', '2018-12-05 01:58:19'),
(318, 'DLQ04X5K', 'elizcn@gmail.com', '2018-12-05 01:58:36', '2018-12-05 01:58:39'),
(319, 'BCAJYXTG', 'mcav_ria@yahoo.com', '2018-12-05 01:59:04', '2018-12-05 01:59:06'),
(320, 'N0HSAKOY', 'melitzalev@gmail.com', '2018-12-05 01:59:26', '2018-12-05 01:59:28'),
(321, 'Q92BT6MP', 'npraeto@yahoo.com', '2018-12-05 02:00:19', '2018-12-05 02:00:22'),
(322, 'VNJ4OGD6', 'natasciaayers@hotmail.com', '2018-12-05 02:00:51', '2018-12-05 02:00:55'),
(323, 'JUZDR60Q', 'Gowrina8686@gmail.com', '2018-12-05 02:01:11', '2018-12-05 02:01:13'),
(324, 'LBSYDXMW', 'romynewman@gmail.com', '2018-12-05 02:01:31', '2018-12-05 02:01:33'),
(325, 'GF4JUSEK', 'RWeil@walkersearch.com', '2018-12-05 02:01:54', '2018-12-05 02:01:56'),
(326, 'O659AMLH', 'samir@sherif.com', '2018-12-05 02:02:15', '2018-12-05 02:02:17'),
(327, 'JGNUK4FA', 'sezgliniec@gmail.com', '2018-12-05 02:02:36', '2018-12-05 02:02:39'),
(328, '8L9J05BF', 'stephanie.broumand@gmail.com', '2018-12-05 02:02:55', '2018-12-05 02:02:57'),
(329, 'L5N13Y9S', 'kobeninefive@icloud.com', '2018-12-05 02:03:13', '2018-12-05 02:03:16'),
(330, 'HEZ2OT05', 'thuy001@gmail.com', '2018-12-05 02:05:32', '2018-12-05 02:05:34'),
(331, 'GH0X48ND', 'hoa1234@mskcc.org', '2018-12-05 02:07:15', '2018-12-05 02:07:17'),
(332, '8PUN291L', 'Alli.elgamal@yahoo.com', '2018-12-05 02:07:34', '2018-12-05 02:07:37'),
(333, '6EN4RGUP', 'efil18@yahoo.com', '2018-12-05 02:08:06', '2018-12-05 02:08:07'),
(334, 'MB64LUEQ', 'arica.aylesworth@gmail.com', '2018-12-05 02:08:21', '2018-12-05 02:08:24'),
(335, 'PQSY18VE', 'asiyamary@gmail.com', '2018-12-05 02:09:01', '2018-12-05 02:09:04'),
(336, '6TDE719G', 'arkelly08@yahoo.com', '2018-12-05 02:09:26', '2018-12-05 02:09:29'),
(337, '05X8GUH6', 'charlenepotts@gmail.com', '2018-12-05 02:09:50', '2018-12-05 02:09:52'),
(338, 'UON9LDH2', 'cheryl_baird@hotmail.co.uk', '2018-12-05 02:10:08', '2018-12-05 02:10:10'),
(339, 'CBSMD2GX', 'cherylmgomes@netscape.net', '2018-12-05 02:10:28', '2018-12-05 02:10:30'),
(340, 'KHNG20LY', 'Christyleleck@hotmail.com', '2018-12-05 02:10:51', '2018-12-05 02:10:55'),
(341, 'X14KNZ8A', 'danabkny@icloud.com', '2018-12-05 02:11:22', '2018-12-05 02:11:26'),
(342, '0D98XW1R', 'didy87monteiro@gmail.com', '2018-12-05 02:11:59', '2018-12-05 02:12:01'),
(343, 'BKL1M5FN', 'dmocan2010@gmail.com', '2018-12-05 02:12:15', '2018-12-05 02:12:17'),
(344, '0QGDXVZB', 'dotz76@aol.com', '2018-12-05 02:12:37', '2018-12-05 02:12:39'),
(345, '7DWSZHP4', 'emine1@hotmail.com', '2018-12-05 02:12:59', '2018-12-05 02:13:01'),
(346, '48LMT5O2', 'fajer.almazidi@gmail.com', '2018-12-05 02:13:19', '2018-12-05 02:13:47'),
(347, '78EVPA1D', 'hbaisunshine@gmail.com', '2018-12-05 02:14:12', '2018-12-05 02:14:13'),
(348, 'BQ9KGVFX', 'hdmitri@mac.com', '2018-12-05 02:14:31', '2018-12-05 02:14:43'),
(349, 'TYXW8F6M', 'jackie.yau.chew@gmail.com', '2018-12-05 02:14:52', '2018-12-05 02:14:55'),
(350, '7NETOZ1K', 'jeff.chew@gmail.com', '2018-12-05 02:15:18', '2018-12-05 02:15:20'),
(352, 'VBFYXJZP', 'jiw201@email.vccs.edu', '2018-12-05 02:17:53', '2018-12-05 02:17:55'),
(353, 'Z27GJ31N', 'judy.gruver@gmail.com', '2018-12-05 02:18:32', '2018-12-05 02:18:34'),
(354, 'E5XRVUJB', 'tasteofcitrus@yahoo.com', '2018-12-05 02:19:18', '2018-12-05 02:19:21'),
(355, '1U5WYXF3', 'julietkoskoff@yahoo.com', '2018-12-05 02:19:43', '2018-12-05 02:19:45'),
(356, '4VM6QUNP', 'Justina.Quinones@yahoo.com', '2018-12-05 02:20:19', '2018-12-05 02:20:21'),
(357, '1V08K6BE', 'karagardner@hotmail.com', '2018-12-05 02:20:40', '2018-12-05 02:20:42'),
(358, 'H6MWO4YE', 'kelly.wick@yahoo.com', '2018-12-05 02:21:02', '2018-12-05 02:21:04'),
(359, '07WXCMPS', 'knb833@gmail.com', '2018-12-05 02:21:28', '2018-12-05 02:21:30'),
(360, 'DA2XW91F', 'leslierbourque@yahoo.com', '2018-12-05 02:21:51', '2018-12-05 02:21:53'),
(361, 'Y84FPG1T', 'lilly01md@yahoo.com', '2018-12-05 02:22:10', '2018-12-05 02:22:12'),
(362, '4AV5URLH', 'Lorenachavis424@gmail.com', '2018-12-05 02:22:35', '2018-12-05 02:22:36'),
(363, '7FJS4WD5', 'mbarrios72@gmail.com', '2018-12-05 02:22:54', '2018-12-05 02:22:56'),
(364, 'GD9ALJ4Z', 'lynnchaperon@gmail.com', '2018-12-05 02:23:14', '2018-12-05 02:23:16'),
(365, '7DBTF6Q0', 'magdeeby@hotmail.com', '2018-12-05 02:23:39', '2018-12-05 02:23:42'),
(366, 'PAU18O7C', 'maferalf@hotmail.com', '2018-12-05 02:24:01', '2018-12-05 02:24:03'),
(367, 'QN64OA0J', 'marie_pallier@yahoo.fr', '2018-12-05 02:24:31', '2018-12-05 02:24:32'),
(368, 'QD75RWSU', 'mary_margaret_m@yahoo.com', '2018-12-05 02:24:52', '2018-12-05 02:24:55'),
(369, 'CY2MBS18', 'mina@day1partners.com', '2018-12-05 02:25:24', '2018-12-05 02:25:26'),
(370, '3Y84A2CZ', 'molly.e.rosen@gmail.com', '2018-12-05 02:25:55', '2018-12-05 02:25:57'),
(371, 'LWGKPTBJ', 'oulaivanh@gmail.com', '2018-12-05 02:26:18', '2018-12-05 02:26:20'),
(372, 'DPZ21EVB', 'sharonphyllis@gmail.com', '2018-12-05 02:26:39', '2018-12-05 02:26:40'),
(373, '982QWDZ3', 'royabell@gmail.com', '2018-12-05 02:26:57', '2018-12-05 02:26:59'),
(374, 'FCM0PVE9', 'sam.kwon@gmail.com', '2018-12-05 02:27:18', '2018-12-05 02:27:20'),
(375, 'LVKAZ364', 'smperez30@gmail.com', '2018-12-05 02:27:37', '2018-12-05 02:27:39'),
(376, 'YQKNCMHZ', 'sehracevette@gmail.com', '2018-12-05 02:27:54', '2018-12-05 02:27:57'),
(377, 'RHWN3ZSF', 'tiffanee.mackey@gmail.com', '2018-12-05 02:28:12', '2018-12-05 02:28:16'),
(378, 'PUC6509J', 'vickykrane@gmail.com', '2018-12-05 02:28:34', '2018-12-05 02:28:36'),
(379, 'EOPKV26G', 'wleong28@gmail.com', '2018-12-05 02:29:01', '2018-12-05 02:29:02'),
(380, '5WH2A1XM', 'yeldabmoers@aol.com', '2018-12-05 02:29:27', '2018-12-05 02:29:29'),
(381, '281GHNEA', 'Hamomelis@gmail.com', '2018-12-05 02:29:47', '2018-12-05 02:29:49'),
(382, '0GKOAE2F', 'Alicia.pxf@gmail.com', '2018-12-05 02:33:53', '2018-12-05 02:33:56'),
(383, 'JBQAGE6Z', 'amychen1@gmail.com', '2018-12-05 02:34:22', '2018-12-05 02:34:27'),
(384, 'B0N4W32C', 'awicktor@hotmail.com', '2018-12-05 02:35:12', '2018-12-05 02:35:14'),
(386, 'YP81CV0F', 'beatrizaranda7@gmail.com', '2018-12-05 02:35:57', '2018-12-05 02:36:00'),
(387, 'CAO3UV2P', 'Brenderlene@yahoo.com', '2018-12-05 02:36:17', '2018-12-05 02:36:19'),
(388, 'ZY2Q1ABW', 'christina.czap@gmail.com', '2018-12-05 02:36:37', '2018-12-05 02:36:40'),
(389, 'E4S1PBN2', 'coreysheart@yahoo.ca', '2018-12-05 02:36:57', '2018-12-05 02:37:00'),
(390, 'SF65G32B', 'britb16@hotmail.com', '2018-12-05 02:37:21', '2018-12-05 02:37:24'),
(391, 'AHR806QG', 'burt.herman@gmail.com', '2018-12-05 02:37:40', '2018-12-05 02:37:42'),
(392, 'BH9JUEOC', 'kaochiaying@gmail.com', '2018-12-05 02:37:59', '2018-12-05 02:38:01'),
(393, 'HZLUCBM6', 'jglenn_4@hotmail.com', '2018-12-05 02:38:20', '2018-12-05 02:38:22'),
(395, '9ON6K5C0', 'clairekcomfort@yahoo.com', '2018-12-05 02:39:27', '2018-12-05 02:39:30'),
(396, '1E7FLNWU', 'bethblack2@hotmail.com', '2018-12-05 02:40:04', '2018-12-05 02:40:06'),
(397, '20DEYUMK', 'enarcisse1922@gmail.com', '2018-12-05 02:40:24', '2018-12-05 02:40:26'),
(399, 'TD2SBM65', 'greg@shrock.net', '2018-12-05 02:41:14', '2018-12-05 02:41:17'),
(400, '7RXAUCNK', 'Irinfalcon@gmail.com', '2018-12-05 02:41:42', '2018-12-05 02:41:45'),
(401, 'SHG0LT3N', 'atkersonohana@gmail.com', '2018-12-05 02:42:05', '2018-12-05 02:42:07'),
(402, '4E78OKZ2', 'Janhavi.kalati@gmail.com', '2018-12-05 02:42:31', '2018-12-05 02:42:34'),
(403, 'ZBVT195E', 'jmbdeuce@aol.com', '2018-12-05 02:42:52', '2018-12-05 02:43:09'),
(404, 'WSJBU1QM', 'midtownspecialist@gmail.com', '2018-12-05 02:43:19', '2018-12-05 02:43:22'),
(405, 'HVAEJY25', 'myfriendjenny@mac.com', '2018-12-05 02:44:17', '2018-12-05 02:44:19'),
(406, '4ZG8KNPV', 'jenhartmann@msn.com', '2018-12-05 02:45:18', '2018-12-05 02:45:21'),
(407, 'R84OULDF', 'ahnjupiter82@gmail.com', '2018-12-05 02:46:28', '2018-12-05 02:46:31'),
(408, 'H0BWLJ3Z', 'ragojuna@yahoo.com', '2018-12-05 02:46:57', '2018-12-05 02:47:00'),
(409, '1WN5E3P4', 'klfsoares@gmail.com', '2018-12-05 02:47:36', '2018-12-05 02:47:39'),
(410, '5WP7ZOAT', 'katiejf@gmail.com', '2018-12-05 02:47:53', '2018-12-05 02:48:08'),
(411, 'HGUJKAE2', 'chillikat@gmail.com', '2018-12-05 02:48:16', '2018-12-05 02:48:34'),
(412, '7ZV8YUXS', 'klauster1@gmail.com', '2018-12-05 02:49:03', '2018-12-05 02:49:06'),
(413, 'EF93DN52', 'mcgoldricks@gmail.com', '2018-12-05 02:50:06', '2018-12-05 02:50:08'),
(414, 'OS80YXNU', 'keyonna.johnson@gmail.com', '2018-12-05 02:51:09', '2018-12-05 02:51:12'),
(415, '1ZRU8PD4', 'lobsterpot88@gmail.com', '2018-12-05 02:51:30', '2018-12-05 02:51:33'),
(416, 'KAF8T6C2', 'lakeystar@gmail.com', '2018-12-05 02:53:15', '2018-12-05 02:53:17'),
(418, 'XU1NWP28', 'Maribelrodriguez15@yahoo.com', '2018-12-05 02:55:40', '2018-12-05 02:55:42'),
(419, 'DLUZ2A3N', 'mcanty@triflight.com', '2018-12-05 02:56:10', '2018-12-05 02:56:31'),
(420, 'GMAFK65W', 'massoud_gh_b@yahoo.com', '2018-12-05 02:56:46', '2018-12-05 02:56:48'),
(421, '3HF4JCRB', 'merrittjuliano@gmail.com', '2018-12-05 02:57:06', '2018-12-05 02:57:09'),
(422, '9TLG72X6', 'mcawad@gmail.com', '2018-12-05 02:57:30', '2018-12-05 02:57:33'),
(423, 'LUCOMH4A', 'natas_tawa@yahoo.com', '2018-12-05 02:58:01', '2018-12-05 02:58:05'),
(424, 'D2UYB4J0', 'ntl1nlsn@gmail.com', '2018-12-05 02:58:28', '2018-12-05 02:58:31'),
(425, '2YPRC3AT', 'natspektor@yahoo.com', '2018-12-05 02:58:53', '2018-12-05 02:58:55'),
(426, '3C1ZJVG7', 'nina.popova@gmail.com', '2018-12-05 02:59:19', '2018-12-05 02:59:51'),
(427, '76452WHE', 'glafiraski@gmail.com', '2018-12-05 03:00:15', '2018-12-05 03:00:18'),
(428, 'GO34JKEQ', 'askshelest@gmail.com', '2018-12-05 03:00:38', '2018-12-05 05:09:58'),
(429, 'RLYZ6VT9', 'rachel_wolff3737@yahoo.com', '2018-12-05 05:17:23', '2018-12-05 05:17:27'),
(430, '9PYA7T02', 'rachel.taliaferro@gmail.com', '2018-12-05 05:18:14', '2018-12-05 05:18:23'),
(431, 'B57LFS06', 'renata_klayn@yahoo.com', '2018-12-05 05:19:39', '2018-12-05 05:19:42'),
(432, 'MZF987UQ', 'mc2202@columbia.edu', '2018-12-05 05:20:10', '2018-12-05 05:20:12'),
(433, 'A2GRXZ16', 'beechfamily22@gmail.com', '2018-12-05 05:20:40', '2018-12-05 05:20:43'),
(434, 'C7XADJTE', 'samanthad21@hotmail.com', '2018-12-05 05:21:16', '2018-12-05 05:21:19'),
(435, 'SK375L9M', 'samratvk@gmail.com', '2018-12-05 05:21:46', '2018-12-05 05:21:48'),
(436, 'U0YJH17B', 'elliottsb33@gmail.com', '2018-12-05 05:22:31', '2018-12-05 05:22:46'),
(437, 'M8S9AR6U', 'dancesofvice@gmail.com', '2018-12-05 05:23:23', '2018-12-05 05:26:47'),
(438, 'WNBDT0HU', 'siouhouan@hotmail.com', '2018-12-05 05:27:00', '2018-12-05 05:27:02'),
(439, 'PNHAY6OX', 'stella1679@yahoo.com', '2018-12-05 05:27:25', '2018-12-05 05:27:29'),
(440, 'AD2SL4PW', 'sikush@aol.com', '2018-12-05 05:28:03', '2018-12-05 05:28:07'),
(441, 'XYULDZ8C', 'TabithaQuinones@yahoo.com', '2018-12-05 05:29:02', '2018-12-05 05:29:04'),
(442, 'UYH13BRZ', 'tiffany.y.liu@gmail.com', '2018-12-05 05:33:41', '2018-12-05 05:33:44'),
(443, 'X48ND50E', 'tolga.akcay07@gmail.com', '2018-12-05 05:34:23', '2018-12-05 05:34:27'),
(444, 'X4NOFWVP', 'minayaulysses@gmail.com', '2018-12-05 05:37:30', '2018-12-05 05:37:33'),
(445, 'QMH2GKTA', 'Valerie110186@yahoo.com', '2018-12-05 05:38:18', '2018-12-05 05:38:23'),
(446, 'V1OPGCTF', 'vanessamesner1@mac.com', '2018-12-05 05:38:53', '2018-12-05 05:38:55'),
(447, 'DXTVHY36', 'victoriakaramanci@gmail.com', '2018-12-05 05:39:12', '2018-12-05 05:39:13'),
(448, 'N1EFBZGT', 'vickywood@gmail.com', '2018-12-05 05:39:43', '2018-12-05 05:39:45'),
(449, 'OE9M87QG', 'vlevinrn@gmail.com', '2018-12-05 05:40:02', '2018-12-05 05:40:04'),
(450, '1DXPK3N6', 'zoda81@hotmail.com', '2018-12-05 05:40:19', '2018-12-05 05:40:22'),
(451, 'OPBXEDL5', 'ivyyangxi@gmail.com', '2018-12-05 15:54:01', '2018-12-05 15:54:03'),
(452, 'AT3JHB6Y', 'rachnas@gmail.com', '2018-12-05 15:56:11', '2018-12-05 15:56:12'),
(453, 'YTVUDKPM', 'julietkoskoff@yahoo.com', '2018-12-05 19:24:45', NULL),
(454, 'WFS8LV2D', 'ali.greenfield@gmail.com', '2018-12-05 20:45:27', NULL),
(455, 'C0VKDH4Z', 'nancybgold@gmail.com', '2018-12-05 21:50:56', NULL),
(456, 'LO24RW0K', 'jules.dimon@gmail.com', '2018-12-05 21:51:29', NULL),
(457, '5VT82AWX', 'stephanie_sklut@yahoo.com', '2018-12-05 23:02:42', NULL),
(458, '1WUP6HXK', 'hang_qi2004@yahoo.com', '2018-12-06 19:07:08', NULL),
(459, '6XZHGN07', 'sophjaff@gmail.com', '2018-12-06 19:07:18', NULL),
(460, 'PWZCX8US', 'amesastronomo2017@gmail.com', '2018-12-07 18:22:38', '2018-12-07 18:22:41'),
(461, 'WK7O24XD', 'rachel.taliaferro@gmail.com', '2018-12-07 20:44:50', '2018-12-07 20:44:52'),
(462, 'NH2GSDJQ', 'samir@sherif.com', '2018-12-07 20:51:54', '2018-12-07 20:51:57'),
(463, 'YUESW3P6', 'elliottsb33@gmail.com', '2018-12-07 22:04:36', NULL),
(464, 'LVP0GWA1', 'sybildessau@me.com', '2018-12-07 22:29:12', NULL),
(465, 'O1M7C2GL', 'mimisalimnyc@gmail.com', '2018-12-10 16:37:31', '2018-12-10 16:37:32'),
(466, '0EH4BR6A', 'latichasotero@aol.com', '2018-12-10 17:42:21', NULL),
(467, '4AWST9K6', 'txusama@gmail.com', '2018-12-10 17:50:53', NULL),
(468, 'YG6NTQ2X', 'georgia.aarons@gmail.com', '2018-12-10 19:32:48', '2018-12-10 19:32:50'),
(469, 'E708SABD', 'karinechen@gmail.com', '2018-12-11 15:57:40', '2018-12-11 15:57:41'),
(470, 'OATBWM21', 'zoe@playdatepal.com', '2018-12-11 17:16:28', NULL),
(471, '4JEKNAOT', 'a2007acosta@hotmail.com', '2018-12-12 02:14:08', '2018-12-12 02:14:10'),
(472, 'E4S3V9WK', 'erika1995@yahoo.com', '2018-12-12 02:24:36', '2018-12-12 02:24:38'),
(473, 'QWN9AX6V', 'daltonaymeric@gmail.com', '2018-12-12 02:25:26', '2018-12-12 02:25:29'),
(474, 'AUYB2CRH', 'candice.hakemack@gmail.com', '2018-12-12 02:26:25', '2018-12-12 02:26:27'),
(475, 'ONJXEG0T', 'cherry_claireq@yahoo.com', '2018-12-12 02:26:46', '2018-12-12 02:26:48'),
(476, 'PY6SF5BO', 'christina.i.cintron@gmail.com', '2018-12-12 02:27:21', '2018-12-12 02:27:23'),
(477, 'ZXACTWHF', 'christinah.rose@gmail.com', '2018-12-12 02:27:39', '2018-12-12 02:27:41'),
(478, 'WJEXSGLV', 'hauser@nytimes.com', '2018-12-12 02:27:56', '2018-12-12 02:27:58'),
(479, 'S842QGHC', 'cjophila@gmail.com', '2018-12-12 02:28:15', '2018-12-12 02:28:17'),
(480, 'RU7EFPSV', 'ozgur.kocaoglu@gmail.com', '2018-12-12 02:29:01', '2018-12-12 02:29:03'),
(481, 'VF5W1RKT', 'cevikesra07@gmail.com', '2018-12-12 02:29:19', '2018-12-12 02:29:21'),
(482, 'BKOCWMGH', 'ulaner.gary@gmail.com', '2018-12-12 02:29:47', '2018-12-12 02:29:49'),
(483, 'YV9K5LMG', 'gilliankessler@gmail.com', '2018-12-12 02:31:22', '2018-12-12 02:31:24'),
(484, 'C6OQFLGV', 'graceosei84@gmail.com', '2018-12-12 02:31:42', '2018-12-12 02:31:44'),
(485, 'AB0X9SJQ', 'halvgr@gmail.com', '2018-12-12 02:32:30', '2018-12-12 02:32:32'),
(486, 'YMJ5VKEF', 'greta.joyce@hotmail.com', '2018-12-12 02:32:47', '2018-12-12 02:33:09'),
(487, 'RKYVABH5', 'gunjangandhi@gmail.com', '2018-12-12 02:33:18', '2018-12-12 02:33:19'),
(488, 'J276AK9T', 'jwheatie9@yahoo.com', '2018-12-12 02:33:38', '2018-12-12 02:33:40'),
(489, 'VTPEA38U', 'source3273@hotmail.com', '2018-12-12 02:33:57', '2018-12-12 02:33:59'),
(490, 'AHC0Y1N3', 'jon.tudhope@gmail.com', '2018-12-12 02:37:06', '2018-12-12 02:37:21'),
(491, 'LAWPBCYQ', 'ykray@hotmail.com', '2018-12-12 02:37:29', '2018-12-12 02:37:34'),
(492, 'CY4HWJON', 'jupinia@gmail.com', '2018-12-12 02:37:53', '2018-12-12 02:37:55'),
(493, '4VL9Q3BM', 'kgodso@gmail.com', '2018-12-12 02:38:11', '2018-12-12 02:38:13'),
(494, 'G1TRZA6W', 'kathryn0227@gmail.com', '2018-12-12 02:38:34', '2018-12-12 02:38:36'),
(495, '7MHW9CSZ', 'Katie_skelton11@hotmail.com', '2018-12-12 02:41:46', '2018-12-12 02:41:48'),
(496, 'SDNK8M7Y', 'kenia2477@aol.com', '2018-12-12 02:42:07', '2018-12-12 02:42:10'),
(497, 'OT9LCESW', 'kristen.knoll@gmail.com', '2018-12-12 02:42:37', '2018-12-12 02:42:40'),
(498, '2XWGAKSM', 'laurigamparo@gmail.com', '2018-12-12 02:42:58', '2018-12-12 02:43:32'),
(499, 'HMNO03XJ', 'lexther.kathlynn@gmail.com', '2018-12-12 02:43:48', '2018-12-12 02:43:50'),
(500, 'NB7C9SUF', 'walsh.elizabeth23@gmail.com', '2018-12-12 02:44:06', '2018-12-12 02:44:08'),
(501, 'UGFMX8WS', 'madisony57@gmail.com', '2018-12-12 02:44:25', '2018-12-12 02:44:27'),
(502, '36FUQOV9', 'markbard@gmail.com', '2018-12-12 02:44:45', '2018-12-12 02:44:47'),
(503, 'DZEWS1A3', 'leahphang13@gmail.com', '2018-12-12 02:45:15', '2018-12-12 02:45:17'),
(504, 'G5OPZJ32', 'gladrav@hotmail.com', '2018-12-12 02:45:34', '2018-12-12 02:45:35'),
(505, 'W9O1EQK4', 'mutsukiizayoi@hotmail.com', '2018-12-12 02:45:51', '2018-12-12 02:45:53'),
(506, 'QATKH0MU', 'nicoleliushuyan@gmail.com', '2018-12-12 02:46:12', '2018-12-12 02:46:14'),
(507, '5FRWN6BZ', 'pinar_evyapan@yahoo.com', '2018-12-12 02:48:48', '2018-12-12 02:48:50'),
(508, 'NLTK6S8C', 'mail@highentropy.org', '2018-12-12 02:49:30', '2018-12-12 02:49:32'),
(509, '1AS52FE8', 'saraxdan@gmail.com', '2018-12-12 02:50:09', '2018-12-12 02:50:52'),
(510, 'AR8PT4WL', 'sflow777@yahoo.co.jp', '2018-12-12 02:51:00', '2018-12-12 02:51:01'),
(511, 'ZMDHBNTE', 'msergeeva12@gmail.com', '2018-12-12 02:52:40', '2018-12-12 02:52:52'),
(512, 'LJWS0RN9', 'Tanaya31@hotmail.com', '2018-12-12 02:53:10', '2018-12-12 02:53:12'),
(513, 'YR4KSM37', 'tiagocostanyc@yahoo.com', '2018-12-12 02:53:37', '2018-12-12 02:53:39'),
(514, '1AZCR6QK', 'tracy10022@gmail.com', '2018-12-12 02:54:20', '2018-12-12 02:54:23'),
(515, '3JSNQYVB', 'w_christenson@yahoo.com', '2018-12-12 02:56:12', '2018-12-12 02:56:23'),
(516, 'O5X7CNKW', 'zsayed26@gmail.com', '2018-12-12 02:56:44', '2018-12-12 02:56:46'),
(517, 'GH53AR0D', 'janehkim8@gmail.com', '2018-12-12 17:20:21', NULL),
(518, 'Q4NGJU3W', 'purplesyd@gmail.com', '2018-12-12 22:19:13', NULL),
(519, '5MKGUE8S', 'Christina.BostSeaton@fisherbroyles.com', '2018-12-12 22:24:07', '2018-12-12 22:24:10'),
(520, '8EY036ZC', '1guptat@gmail.com', '2018-12-13 03:20:43', '2018-12-13 03:20:45'),
(521, 'GR2PLAT0', 'alexandre.simon@gmail.com', '2018-12-13 03:21:16', '2018-12-13 03:21:18'),
(522, 'BH4WG2V1', 'bonjourkat@gmail.com', '2018-12-13 03:22:51', '2018-12-13 03:22:53'),
(523, 'WAP9XOC6', 'desireejo@gmail.com', '2018-12-13 03:23:38', '2018-12-13 03:23:40'),
(524, 'Q2CJGTS5', 'dott1977@gmail.com', '2018-12-13 03:24:05', '2018-12-13 03:24:07'),
(525, 'MPOLYH0A', 'jufreire@gmail.com', '2018-12-13 03:29:26', '2018-12-13 03:29:28'),
(526, '5AWP42VM', 'kendra.a.johnson@gmail.com', '2018-12-13 03:30:30', '2018-12-13 03:30:32'),
(527, 'AQT6CZHE', 'lsschck@gmail.com', '2018-12-13 03:31:22', '2018-12-13 03:31:24'),
(528, 'S2XCO5YD', 'naoma.nagahawatte@gmail.com', '2018-12-13 03:32:48', '2018-12-13 03:32:50'),
(529, 'PSAQ6TC8', 'oneubohn@gmail.com', '2018-12-13 03:33:43', '2018-12-13 03:33:45'),
(530, 'UG7SWD9J', 'stevec@nyu.edu', '2018-12-13 03:34:52', '2018-12-13 03:34:54'),
(531, 'LYB3HWG1', 'stela1679@yahoo.com', '2018-12-13 20:36:13', NULL),
(532, 'CAS7E2LM', 'heyeyin@gmail.com', '2018-12-14 16:20:58', '2018-12-14 16:20:59'),
(533, 'RKPZL52D', 'jessiemyue@gmail.com', '2018-12-14 16:21:12', '2018-12-14 16:21:13'),
(535, 'B6NS5DC1', 'euieting@gmail.com', '2018-12-14 16:21:46', '2018-12-14 16:21:47'),
(536, 'C23ZESFP', 'hang_qi2004@yahoo.com', '2018-12-14 16:22:14', '2018-12-14 16:22:17'),
(537, '0FX862ES', 'amymhughey@gmail.com', '2018-12-14 18:54:43', '2018-12-14 18:54:45'),
(539, 'LMUWH4V8', 'thelmamaria2@yahoo.com', '2018-12-14 19:44:04', '2018-12-14 19:44:05'),
(540, 'QR3OXEZL', 'sharonhoney@gmail.com', '2018-12-14 20:09:53', NULL),
(541, 'A7FC319T', 'susie.kwak@gmail.com', '2018-12-17 18:53:03', NULL),
(542, 'DUB5VWSY', 'raposonico@gmail.com', '2018-12-17 20:32:02', NULL),
(543, '8N7EW0UH', 'evaazizbenaim@gmail.com', '2018-12-18 15:28:06', '2018-12-18 15:28:09'),
(544, 'UK8SOEWA', 'evaazizbenaim@gmail.com', '2018-12-19 17:22:16', '2018-12-19 17:22:23'),
(545, '6HE90K3Z', 'events@playdatepal.com', '2018-12-19 20:39:39', '2018-12-19 20:40:00'),
(546, '5UV9DR3H', 'alexandra.watts@gmail.com', '2018-12-21 15:13:14', NULL),
(547, 'NOWRGZEM', 'rgupta@hurekatek.com', '2018-12-21 21:05:00', '2018-12-21 21:06:38'),
(548, 'YTO6WZDK', 'bzeskind@immuneering.com', '2018-12-21 23:12:27', '2018-12-21 23:12:31'),
(549, 'TXZ16RJ7', 'raposonico@gmail.com', '2019-01-02 18:27:18', NULL),
(550, 'A8QSXO2U', 'raposonico@gmail.com', '2019-01-02 20:41:21', NULL),
(551, 'L03OV2RF', 'raposonico@gmail.com', '2019-01-02 20:52:15', NULL),
(552, '8Y0UZOE7', 'raposonico@gmail.com', '2019-01-02 21:06:56', NULL),
(553, 'PD8RTNYZ', 'lalps2@aol.com', '2019-01-03 18:24:26', '2019-01-03 18:24:30'),
(554, '8LKTWHF7', 'lesliemsimpson@gmail.com', '2019-01-03 21:50:40', NULL),
(555, 'ZCD1SG6F', 'jswong116@gmail.com', '2019-01-08 02:15:04', NULL),
(556, 'O9YG5KQ2', 'kathyhuang23@gmail.com', '2019-01-08 02:15:46', NULL),
(557, 'Q02P6JGK', 'meggymasters@gmail.com', '2019-01-09 16:04:24', '2019-01-09 16:04:25'),
(558, 'ASK7M5TQ', 'assistant@projectplaydate.org', '2019-01-11 02:32:04', NULL);

-- --------------------------------------------------------

--
-- Estructura de tabla para la tabla `pd_itinerary`
--

DROP TABLE IF EXISTS `pd_itinerary`;
CREATE TABLE `pd_itinerary` (
  `id_itinerary` int(10) UNSIGNED NOT NULL,
  `id_playdate` int(10) UNSIGNED NOT NULL,
  `hour` int(10) UNSIGNED NOT NULL COMMENT '0 - 24',
  `activity` varchar(255) NOT NULL,
  `description` varchar(255) DEFAULT NULL,
  `idate` datetime NOT NULL,
  `udate` datetime DEFAULT NULL
) ENGINE=InnoDB DEFAULT CHARSET=latin1;

-- --------------------------------------------------------

--
-- Estructura de tabla para la tabla `pd_neighborhoods`
--

DROP TABLE IF EXISTS `pd_neighborhoods`;
CREATE TABLE `pd_neighborhoods` (
  `id_neighborhood` int(10) UNSIGNED NOT NULL,
  `id_city` int(10) UNSIGNED NOT NULL,
  `name` varchar(255) NOT NULL,
  `idate` datetime NOT NULL,
  `udate` datetime DEFAULT NULL
) ENGINE=InnoDB DEFAULT CHARSET=utf8;

--
-- Volcado de datos para la tabla `pd_neighborhoods`
--

INSERT INTO `pd_neighborhoods` (`id_neighborhood`, `id_city`, `name`, `idate`, `udate`) VALUES
(23, 6, 'Greenpoint', '2018-08-16 11:41:09', NULL),
(24, 6, 'Sunset Park', '2018-08-16 11:41:27', NULL),
(28, 7, 'East Harlem', '2018-08-16 11:42:36', NULL),
(32, 7, 'Lower East Side', '2018-08-16 11:43:40', NULL),
(33, 7, 'Upper East Side', '2018-08-16 11:43:55', NULL),
(34, 7, 'Upper West Side', '2018-08-16 11:44:11', NULL),
(39, 8, 'Jamaica', '2018-08-16 11:45:33', NULL),
(46, 9, 'Port Richmond', '2018-08-16 11:47:25', NULL),
(47, 9, 'South Shore', '2018-08-16 11:47:39', NULL),
(48, 9, 'Stapleton and St. George', '2018-08-16 11:47:53', NULL),
(52, 8, 'Ridgewood', '2018-08-22 22:04:53', NULL),
(54, 7, 'Midtown East', '2018-08-30 05:27:53', NULL),
(55, 7, 'Nolita', '2018-08-30 05:28:14', NULL),
(56, 7, 'Theatre District', '2018-08-30 05:28:23', NULL),
(57, 7, 'Flatiron District', '2018-08-30 05:28:32', NULL),
(58, 7, 'Hell\'s Kitchen', '2018-08-30 05:31:01', NULL),
(59, 7, 'Times Square', '2018-08-30 05:31:23', NULL),
(60, 7, 'Battery Park City', '2018-08-30 05:31:40', NULL),
(62, 7, 'Chinatown', '2018-08-30 05:32:02', NULL),
(63, 7, 'Little Italy', '2018-08-30 05:32:11', NULL),
(64, 7, 'West Village', '2018-08-30 05:32:38', NULL),
(65, 7, 'East Village', '2018-08-30 05:32:51', NULL),
(66, 7, 'Tribeca', '2018-08-30 05:33:16', NULL),
(67, 7, 'Financial District', '2018-08-30 05:33:43', NULL),
(68, 7, 'Union Square', '2018-08-30 05:38:09', NULL),
(69, 7, 'Midtown', '2018-08-30 05:38:37', NULL),
(70, 7, 'Central Park', '2018-08-30 05:38:51', NULL),
(71, 7, 'Harlem', '2018-08-30 05:39:18', NULL),
(72, 6, 'Park Slope', '2018-08-30 05:39:54', NULL),
(73, 6, 'Bedford-Stuyvesant', '2018-08-30 05:40:17', NULL),
(74, 6, 'Brooklyn Heights', '2018-08-30 05:40:38', NULL),
(75, 6, 'Crown Heights', '2018-08-30 05:40:54', NULL),
(76, 6, 'Fort Greene', '2018-08-30 05:42:05', NULL),
(77, 6, 'Dumbo', '2018-08-30 05:42:23', NULL),
(78, 6, 'Prospect Heights', '2018-08-30 05:42:34', NULL),
(79, 6, 'Flatbush-Ditmas Park', '2018-08-30 05:42:47', NULL),
(80, 6, 'Cobble Hill', '2018-08-30 05:43:05', NULL),
(81, 6, 'Carroll Gardens', '2018-08-30 05:43:15', NULL),
(82, 6, 'Downtown Brooklyn', '2018-08-30 05:43:44', NULL),
(83, 6, 'Bay Ridge', '2018-08-30 05:43:55', NULL),
(84, 6, 'Clinton Hill', '2018-08-30 05:44:06', NULL),
(85, 6, 'Red Hook', '2018-08-30 05:44:20', NULL),
(86, 6, 'Boerum Hill', '2018-08-30 05:44:28', NULL),
(87, 6, 'Gowanus', '2018-08-30 05:44:58', NULL),
(88, 6, 'Brownsville', '2018-08-30 05:45:33', NULL),
(89, 6, 'Kensington', '2018-08-30 05:45:50', NULL),
(90, 6, 'Brighton Beach', '2018-08-30 05:46:04', NULL),
(91, 6, 'Bensonhurst', '2018-08-30 05:46:23', NULL),
(92, 6, 'Prospect Lefferts Gardens', '2018-08-30 05:46:34', NULL),
(93, 6, 'Windsor Terrace', '2018-08-30 05:46:55', NULL),
(94, 8, 'Fresh Pond', '2018-08-30 05:48:00', NULL),
(95, 8, 'Bayswater', '2018-08-30 05:48:26', NULL),
(96, 8, 'Willets Point', '2018-08-30 05:49:53', NULL),
(97, 8, 'Cambria Heights', '2018-08-30 05:50:04', NULL),
(99, 8, 'Broad Channel', '2018-08-30 05:50:21', NULL),
(101, 8, 'Arverne', '2018-08-30 05:50:47', NULL),
(102, 8, 'Pomonok', '2018-08-30 05:50:59', NULL),
(103, 8, 'Middle Village', '2018-08-30 05:51:15', NULL),
(105, 8, 'Hamilton Beach', '2018-08-30 05:51:44', NULL),
(106, 8, 'Queens Village', '2018-08-30 05:51:58', NULL),
(107, 8, 'Forest Hills', '2018-08-30 05:52:24', NULL),
(108, 8, 'Glendale', '2018-08-30 05:52:52', NULL),
(109, 8, 'Corona', '2018-08-30 05:53:02', NULL),
(110, 8, 'Roxbury', '2018-08-30 05:53:13', NULL),
(111, 8, 'St. Albans', '2018-08-30 05:53:22', NULL),
(113, 8, 'Kew Gardens', '2018-08-30 05:53:53', NULL),
(114, 8, 'Regal Park', '2018-08-30 05:54:07', NULL),
(115, 8, 'Fresh Meadows', '2018-08-30 05:54:24', NULL),
(116, 8, 'Bayside', '2018-08-30 05:55:35', NULL),
(117, 8, 'Howard Beach', '2018-08-30 05:55:56', NULL),
(118, 8, 'Ozone Park ', '2018-08-30 05:56:41', NULL),
(119, 8, 'Briarwood', '2018-08-30 05:56:59', NULL),
(120, 8, 'Richmond Hill', '2018-08-30 05:57:24', NULL),
(121, 8, 'Bellerose Manor', '2018-08-30 05:57:47', NULL),
(122, 8, 'Little Neck', '2018-08-30 05:58:41', NULL),
(123, 8, 'Whitestone', '2018-08-30 06:01:07', NULL),
(124, 8, 'Auberndale', '2018-08-30 06:03:21', NULL),
(125, 8, 'Sunnyside', '2018-08-30 06:04:04', NULL),
(126, 8, 'Maspeth', '2018-08-30 06:04:17', NULL),
(127, 8, 'Jackson Heights', '2018-08-30 06:05:12', NULL),
(128, 8, 'Woodside', '2018-08-30 06:05:59', NULL),
(129, 8, 'Rego Park', '2018-08-30 06:06:14', NULL),
(130, 8, 'East Elmhurst', '2018-08-30 06:06:28', NULL),
(131, 8, 'Hollis', '2018-08-30 06:06:48', NULL),
(132, 8, 'Springfield Gardens', '2018-08-30 06:07:01', NULL),
(133, 8, 'Douglaston', '2018-08-30 06:07:34', NULL),
(134, 8, 'Glen Oaks', '2018-08-30 06:07:45', NULL),
(135, 8, 'Long Island City', '2018-08-30 06:11:51', NULL),
(136, 8, 'Astoria', '2018-08-30 06:12:01', NULL),
(137, 8, 'College Point', '2018-08-30 06:12:17', NULL),
(138, 8, 'Laurelton', '2018-08-30 06:12:29', NULL),
(139, 8, 'Woodhaven', '2018-08-30 06:12:42', NULL),
(140, 8, 'Forest Park', '2018-08-30 06:12:55', NULL),
(141, 5, 'Throgs Neck', '2018-08-30 06:14:34', NULL),
(142, 5, 'Arthur Ave', '2018-08-30 06:14:51', NULL),
(143, 5, 'Woodlawn Heights', '2018-08-30 06:15:06', NULL),
(144, 5, 'Kings Bridge', '2018-08-30 06:15:16', NULL),
(145, 5, 'Bedford Park', '2018-08-30 06:15:28', NULL),
(146, 5, 'Port Morris', '2018-08-30 06:15:38', NULL),
(147, 5, 'University Heights', '2018-08-30 06:15:47', NULL),
(148, 5, 'Soundview', '2018-08-30 06:16:05', NULL),
(149, 5, 'Spuyten Duyvil', '2018-08-30 06:16:22', NULL),
(150, 5, 'Fieldston', '2018-08-30 06:16:40', NULL),
(151, 5, 'Morris Park', '2018-08-30 06:16:57', NULL),
(152, 5, 'Parkchester', '2018-08-30 06:17:13', NULL),
(153, 5, 'Highbridge', '2018-08-30 06:18:37', NULL),
(154, 5, 'Pelham Parkway', '2018-08-30 06:20:30', NULL),
(155, 5, 'Williamsbridge', '2018-08-30 06:20:47', NULL),
(156, 5, 'Tremont', '2018-08-30 06:21:05', NULL),
(157, 5, 'Longwood', '2018-08-30 06:21:17', NULL),
(158, 5, 'West Farms', '2018-08-30 06:21:31', NULL),
(159, 5, 'Baychester', '2018-08-30 06:21:49', NULL),
(160, 5, 'Castle Hill', '2018-08-30 06:22:02', NULL),
(161, 5, 'Belmont', '2018-08-30 06:22:25', NULL),
(162, 5, 'North Riverdale', '2018-08-30 06:22:37', NULL),
(164, 9, 'Great Kills', '2018-08-30 06:25:21', NULL),
(165, 9, 'Castleton Corner', '2018-08-30 06:25:28', NULL),
(166, 9, 'New Brighton', '2018-08-30 06:25:48', NULL),
(167, 9, 'West Brighton', '2018-08-30 06:25:59', NULL),
(168, 9, 'New Springfield', '2018-08-30 06:26:11', NULL),
(169, 9, 'Clifton', '2018-08-30 06:26:42', NULL),
(170, 9, 'Tompkinsville', '2018-08-30 06:26:52', NULL),
(171, 9, 'Todt Hill', '2018-08-30 06:26:59', NULL),
(172, 9, 'Arrochar', '2018-08-30 06:27:08', NULL),
(173, 9, 'Dongan Hills', '2018-08-30 06:27:18', NULL),
(174, 9, 'Grasmere', '2018-08-30 06:27:36', NULL),
(175, 9, 'Westerleigh', '2018-08-30 06:27:53', NULL),
(176, 9, 'Midland Beach', '2018-08-30 06:28:05', NULL),
(177, 9, 'Eltingville', '2018-08-30 06:28:17', NULL),
(178, 9, 'Rossville', '2018-08-30 06:28:26', NULL),
(179, 9, 'Arden Heights', '2018-08-30 06:28:36', NULL),
(180, 9, 'Randall Manor', '2018-08-30 06:28:50', NULL),
(181, 9, 'Tottenville', '2018-08-30 06:30:12', NULL),
(183, 9, 'Arlington', '2018-08-30 06:30:44', NULL),
(184, 9, 'Fort Wadsworth', '2018-08-30 06:30:54', NULL),
(185, 9, 'South Beach', '2018-08-30 06:31:03', NULL),
(186, 9, 'Richmond', '2018-08-30 06:31:38', NULL),
(187, 9, 'Shore Acres', '2018-08-30 06:32:11', NULL),
(188, 9, 'Condord', '2018-08-30 06:32:18', NULL),
(189, 9, 'Woodrow', '2018-08-30 06:32:29', NULL),
(190, 9, 'Emerson Hill', '2018-08-30 06:33:45', NULL),
(191, 9, 'Lighthouse Hill', '2018-08-30 06:34:00', NULL),
(192, 9, 'Manor Heights', '2018-08-30 06:34:13', NULL),
(193, 9, 'Old Town', '2018-08-30 06:34:39', NULL),
(194, 9, 'Annadale', '2018-08-30 06:34:53', NULL),
(195, 9, 'Grymes Hill', '2018-08-30 06:35:15', NULL),
(196, 9, 'Park Hill', '2018-08-30 06:35:24', NULL),
(197, 9, 'Sunnyside', '2018-08-30 06:35:42', NULL),
(198, 9, 'Mariners Harbor', '2018-08-30 06:36:05', NULL),
(199, 7, 'Washington Heights', '2018-09-03 02:23:16', NULL),
(200, 7, 'Gramercy Park', '2018-09-03 02:23:50', NULL),
(201, 7, 'Greenwich Village', '2018-09-03 02:24:28', NULL),
(202, 7, 'Soho', '2018-09-03 02:24:55', NULL),
(203, 7, 'Murray Hill', '2018-09-03 02:25:17', NULL),
(204, 7, 'Chelsea', '2018-09-03 02:25:33', NULL),
(205, 6, 'Williamsburg', '2018-09-03 02:31:36', NULL),
(206, 6, 'Bushwick', '2018-09-03 02:32:18', NULL),
(207, 6, 'East New York', '2018-09-03 02:33:07', NULL),
(208, 8, 'Elmhurst', '2018-09-03 02:45:55', NULL),
(209, 5, 'Riverdale', '2018-09-03 02:55:49', NULL),
(210, 5, 'Mott Haven', '2018-09-03 02:56:09', NULL),
(211, 5, 'Fordham', '2018-09-03 02:56:29', NULL),
(212, 5, 'Hunts Point', '2018-09-03 02:56:42', NULL),
(213, 5, 'Morrisania', '2018-09-03 02:57:09', NULL),
(214, 7, 'Morningside Heights', '2018-10-10 19:44:53', NULL),
(215, 6, 'Canarsie', '2018-10-10 19:45:43', NULL),
(216, 6, 'Bergen Beach', '2018-10-10 19:46:20', NULL),
(217, 6, 'Mill Basen', '2018-10-10 19:48:39', NULL),
(218, 6, 'Stuyvesant Heights', '2018-10-10 19:49:24', NULL);

-- --------------------------------------------------------

--
-- Estructura de tabla para la tabla `pd_parents`
--

DROP TABLE IF EXISTS `pd_parents`;
CREATE TABLE `pd_parents` (
  `id_parent` int(10) UNSIGNED NOT NULL,
  `name` varchar(45) NOT NULL,
  `lastname` varchar(45) DEFAULT NULL,
  `username` varchar(45) NOT NULL,
  `email` varchar(255) NOT NULL,
  `zipcode` varchar(255) DEFAULT NULL,
  `password` varchar(767) NOT NULL,
  `cellphone` varchar(12) DEFAULT NULL,
  `phone` varchar(12) DEFAULT NULL,
  `children_avb_mon_init` int(10) UNSIGNED DEFAULT NULL COMMENT '0 - 24h',
  `children_avb_mon_end` int(10) UNSIGNED DEFAULT NULL COMMENT '0 - 24h',
  `children_avb_tue_init` int(10) UNSIGNED DEFAULT NULL COMMENT '0 - 24h',
  `children_avb_tue_end` int(10) UNSIGNED DEFAULT NULL COMMENT '0 - 24h',
  `children_avb_wed_init` int(10) UNSIGNED DEFAULT NULL COMMENT '0 - 24h',
  `children_avb_wed_end` int(10) UNSIGNED DEFAULT NULL COMMENT '0 - 24h',
  `children_avb_thu_init` int(10) UNSIGNED DEFAULT NULL COMMENT '0 - 24h',
  `children_avb_thu_end` int(10) UNSIGNED DEFAULT NULL COMMENT '0 - 24h',
  `children_avb_fri_init` int(10) UNSIGNED DEFAULT NULL COMMENT '0 - 24h',
  `children_avb_fri_end` int(10) UNSIGNED DEFAULT NULL COMMENT '0 - 24h',
  `children_avb_sat_init` int(10) UNSIGNED DEFAULT NULL COMMENT '0 - 24h',
  `children_avb_sat_end` int(10) UNSIGNED DEFAULT NULL COMMENT '0 - 24h',
  `children_avb_sun_init` int(10) UNSIGNED DEFAULT NULL COMMENT '0 - 24h',
  `children_avb_sun_end` int(10) UNSIGNED DEFAULT NULL COMMENT '0 - 24h',
  `status` int(10) UNSIGNED NOT NULL DEFAULT '0' COMMENT '0=inactive, 1=active',
  `picture` varchar(255) DEFAULT NULL,
  `slug` varchar(255) DEFAULT NULL,
  `credit` int(10) UNSIGNED NOT NULL DEFAULT '0' COMMENT 'credit in dollar cents',
  `idate` datetime NOT NULL,
  `udate` datetime DEFAULT NULL,
  `profile` int(10) UNSIGNED NOT NULL DEFAULT '0' COMMENT '0=standar, 1=expert'
) ENGINE=InnoDB DEFAULT CHARSET=latin1;

--
-- Volcado de datos para la tabla `pd_parents`
--

INSERT INTO `pd_parents` (`id_parent`, `name`, `lastname`, `username`, `email`, `zipcode`, `password`, `cellphone`, `phone`, `children_avb_mon_init`, `children_avb_mon_end`, `children_avb_tue_init`, `children_avb_tue_end`, `children_avb_wed_init`, `children_avb_wed_end`, `children_avb_thu_init`, `children_avb_thu_end`, `children_avb_fri_init`, `children_avb_fri_end`, `children_avb_sat_init`, `children_avb_sat_end`, `children_avb_sun_init`, `children_avb_sun_end`, `status`, `picture`, `slug`, `credit`, `idate`, `udate`, `profile`) VALUES
(7, 'Juan Carlos', 'Flórez Fernández', 'jflorezf', 'jflorezf@gmail.com', 'My Location, NY', 'f0f0fdacaddb7e8b2dfb99377236517b', '609137850', '555444555', 13, 16, 10, 14, NULL, NULL, NULL, NULL, NULL, NULL, NULL, NULL, NULL, NULL, 0, '/uploads/jcflorez.jpg', '', 66000, '2018-07-30 04:34:32', '2018-11-27 12:26:59', 1),
(13, 'Lavinia ', 'Ancu', 'Lavinia', 'lancu@airtouchmedia.com', 'Central Brooklyn', 'f0f0fdacaddb7e8b2dfb99377236517b', '222444666', '111222111', NULL, NULL, NULL, NULL, NULL, NULL, NULL, NULL, NULL, NULL, 9, 21, 9, 21, 0, '/uploads/girl-profile-picture-for-facebook-21.jpg', '', 0, '2018-08-21 10:13:42', '2018-08-21 12:04:34', 1),
(15, 'Susana', 'Arellano', 'sarellano', 'mail@susanaarellano.com', 'Bronx Park and Fordham', 'f0f0fdacaddb7e8b2dfb99377236517b', '9187656565', '9176579034', NULL, NULL, NULL, NULL, 10, 11, NULL, NULL, NULL, NULL, NULL, NULL, NULL, NULL, 0, '/uploads/william-stitt-162611.jpg', '', 2000, '2018-08-22 21:55:33', '2018-08-27 14:08:29', 1),
(20, 'Parent Concierge', '', 'parentconcierge', 'raposonico@gmail.com', '10014', '9e0fa543e42e930e4bff24251ac05bd8', '5165039240', '', 15, 18, NULL, NULL, 15, 18, NULL, NULL, 15, 20, 9, 12, NULL, NULL, 0, '/uploads/Concierge Profile Photo - FINAL.png', '', 25325, '2018-08-27 17:43:20', '2019-01-07 18:01:09', 1),
(22, 'Amanda', 'Raposo', 'amandaraposo', 'amanda@projectplaydate.org', '11217', '2527511047e8c9b930e22b19fd2bacb7', '5168070447', '5168070447', 11, 12, NULL, NULL, 15, 18, 15, 18, 18, 21, 11, 14, NULL, NULL, 0, '/uploads/Copy of Dimensions for PAL Site Photos (1).jpg', '', 13925, '2018-08-28 22:25:53', '2019-01-12 03:33:03', 1),
(23, 'Andrea', 'Mirasol', 'andreamirasol', 'andrea@playdatepal.com', '10014', '6b604d1111cd7f686f3e416ae3a4a083', '5168070447', '5168070447', 15, 19, 15, 19, 15, 19, 15, 19, 15, 19, 10, 19, 10, 19, 0, '/uploads/profile.png', '', 0, '2018-09-03 02:04:03', '2018-11-07 06:29:39', 1),
(25, 'Jasmine', 'Mitchell', 'jasminemitchell', 'jasmine.mitchell@gmail.com', '10013', 'ef169e9efedb7840da2e6d48a210367d', '718-926-8076', '', NULL, NULL, NULL, NULL, NULL, NULL, NULL, NULL, NULL, NULL, NULL, NULL, NULL, NULL, 0, '', '', 15000, '2018-09-05 04:47:16', '2018-11-21 03:26:51', 1),
(26, 'Mandisa', 'Khanna', 'mandisakhanna', 'mandisa@gmail.com', '10007', '2f379f76d2f419bd4136492c0bbe50aa', '646-262-1499', '', NULL, NULL, NULL, NULL, NULL, NULL, NULL, NULL, NULL, NULL, NULL, NULL, NULL, NULL, 0, '', '', 15000, '2018-09-05 04:59:50', '2018-11-21 03:49:07', 1),
(27, 'Sara', 'Phillips', 'saraphillips', 'sarasp531@gmail.com', 'Upper West Side', 'a0b88ff7cb85aa569fa186de7164a333', '347-844-3903', '', NULL, NULL, NULL, NULL, NULL, NULL, NULL, NULL, NULL, NULL, NULL, NULL, NULL, NULL, 0, '/uploads/5BB004D1-CE7F-4384-81E6-9208A8184A19.jpeg', '', 11000, '2018-09-05 05:12:29', '2018-12-28 17:54:34', 0),
(30, 'Alexander', 'Wu', 'alexanderwu', 'wueyemd@gmail.com', 'Williamsburg', '177e54eeb694c3249bc774c7bfabfbcc', '917-757-4275', '', NULL, NULL, NULL, NULL, NULL, NULL, NULL, NULL, NULL, NULL, NULL, NULL, NULL, NULL, 0, '', '', 28000, '2018-09-05 05:34:35', '2018-11-09 17:33:58', 0),
(31, 'Griffin', 'Marr', 'griffinmarr', 'griffinmarr@icloud.com', 'Lower Manhattan', 'ab1147e7bb25836e44a7228e44d5a05d', '212 480 0952', '', NULL, NULL, NULL, NULL, NULL, NULL, NULL, NULL, NULL, NULL, NULL, NULL, NULL, NULL, 0, '/uploads/PAL Site Profile Photos.png', '', 49000, '2018-09-05 05:38:35', '2018-11-20 22:44:15', 0),
(32, 'Jeffrey ', 'Kauffman', 'jeffreykauffman', 'jeff.a.kauffman@gmail.com', 'Northwest Brooklyn', '253e9b0acd981b43ca88fc7eec640e9b', '2024229008', '2024229008', NULL, NULL, NULL, NULL, NULL, NULL, NULL, NULL, NULL, NULL, NULL, NULL, NULL, NULL, 0, '', '', 49000, '2018-09-05 05:41:13', '2018-11-27 17:44:05', 0),
(35, 'Amber ', 'Clearly', 'amberclearly', 'ambercleary78@gmail.com', 'Lower Manhattan', '98625c07ba7a88d8c85b18770a3e64c6', '917-880-4170', '', NULL, NULL, NULL, NULL, NULL, NULL, NULL, NULL, NULL, NULL, NULL, NULL, NULL, NULL, 0, '', '', 0, '2018-09-05 05:58:34', '2018-09-05 05:59:30', 1),
(54, 'Jane ', 'Kearsey', 'janekearsey', 'Janekearsey@yahoo.com', '10005', 'a7b1850e4d0ddbbe4d23e68f4fc3e31b', '646 704 1681', '', NULL, NULL, NULL, NULL, NULL, NULL, NULL, NULL, NULL, NULL, NULL, NULL, NULL, NULL, 0, '', '', 0, '2018-09-12 05:16:56', '2018-09-12 05:21:41', 1),
(59, 'Jonathan', 'Dunne', 'jonathandunne', 'jdunne@deloitte.com', '10004', '5aa7b3b0f02886316cb38400b1de7af7', '408 772 8812', '', NULL, NULL, NULL, NULL, NULL, NULL, NULL, NULL, NULL, NULL, NULL, NULL, NULL, NULL, 0, '', '', 0, '2018-09-12 05:38:03', '2018-09-12 05:38:43', 1),
(64, 'Kanyessa', 'McMahon', 'kanyessamcmahon', 'kanya@suddenlythere.com', '10002', '09a4604386a774492ee3d5bf732ddf76', '917 951 1369', '', NULL, NULL, NULL, NULL, NULL, NULL, NULL, NULL, NULL, NULL, NULL, NULL, NULL, NULL, 0, '', '', 0, '2018-09-12 06:03:48', '2018-09-12 06:07:55', 1),
(66, 'Ketan', 'Vakil', 'ketanvakil', 'ketan@ketanvakil.com', '10006', 'f469f2c917ea908b465a007af72a450b', '518 506 6812', '', NULL, NULL, NULL, NULL, NULL, NULL, NULL, NULL, NULL, NULL, NULL, NULL, NULL, NULL, 0, '', '', 0, '2018-09-12 06:14:50', '2018-09-12 06:15:26', 1),
(67, 'Lily', 'Wicker', 'lilywicker', 'wicker.lily@gmail.com', '10010', 'abc302779fc6fa67da5a8e6cd1a72051', '646 283 1566', '', NULL, NULL, NULL, NULL, NULL, NULL, NULL, NULL, NULL, NULL, NULL, NULL, NULL, NULL, 0, '', '', 0, '2018-09-12 06:25:28', '2018-09-12 06:27:05', 1),
(76, 'Mary Ann', 'Dickson', 'maryanndickson', 'maryann.mcguire@gmail.com', '10005', 'f0f0fdacaddb7e8b2dfb99377236517b', '580 478 7458', '', NULL, NULL, NULL, NULL, NULL, NULL, NULL, NULL, NULL, NULL, NULL, NULL, NULL, NULL, 0, '', '', 0, '2018-09-13 01:44:05', '2019-01-02 21:02:48', 1),
(79, 'Nadja ', 'Atwal', 'nadjaatwal', 'nadjaatwal@gmail.com', '10036', 'b0c71fd568eecd8bb42f733868f8e76e', '', '', NULL, NULL, NULL, NULL, NULL, NULL, NULL, NULL, NULL, NULL, NULL, NULL, NULL, NULL, 0, '', '', 0, '2018-09-13 02:12:56', '2018-09-13 02:13:32', 1),
(81, 'Neelam', 'Chowhdary', 'neelamchowhdary', 'np2128@gmail.com', '10005', 'b94765ca9a938b957d0699fe0bb5cac4', '646 283 5445', '', NULL, NULL, NULL, NULL, NULL, NULL, NULL, NULL, NULL, NULL, NULL, NULL, NULL, NULL, 0, '', '', 0, '2018-09-13 02:46:20', '2018-09-13 02:48:13', 1),
(86, 'Qi', 'Hang', 'qihang', 'hang_qi2004@yahoo.com', '07302', 'ea39eb70368d23fe26e99daeffc14ff4', '917 445 9145', '', NULL, NULL, NULL, NULL, NULL, NULL, NULL, NULL, NULL, NULL, NULL, NULL, NULL, NULL, 0, '', '', 0, '2018-09-13 04:24:33', '2018-09-13 04:25:10', 1),
(91, 'Rosa ', 'Chang', 'rosachang', 'rosagarneau@gmail.com', '10005', 'c481454a3b347d1b01f9c84adbadd877', '917 536 7210', '', NULL, NULL, NULL, NULL, NULL, NULL, NULL, NULL, NULL, NULL, NULL, NULL, NULL, NULL, 0, '', '', 0, '2018-09-13 04:48:13', '2018-09-13 04:49:04', 1),
(92, 'Sabiha ', 'Nkya', 'sabihankya', 'sabbyd2000@gmail.com', '11230', 'd320f696858df9da687707c67a597ddf', '3472833534', '774 641 6882', NULL, NULL, NULL, NULL, NULL, NULL, NULL, NULL, NULL, NULL, 12, 19, 11, 17, 0, '', '', 0, '2018-09-13 04:50:37', '2018-12-21 20:22:45', 1),
(101, 'Taeko ', 'Fukuda', 'taekofukuda', 'kikutae@gmail.com', ' 10005', 'e0f24997c2f32bb3a0c2733d481fcbad', '917 993 2146', '', NULL, NULL, NULL, NULL, NULL, NULL, NULL, NULL, NULL, NULL, NULL, NULL, NULL, NULL, 0, '', '', 0, '2018-09-14 06:25:00', '2018-09-14 06:26:15', 1),
(106, 'Jennifer', 'DaSilva', 'jenniferdasilva', 'dasilva@bc-p.com', ' 10016', '9210088d2ce65646c6f6dafcf41fce8a', '917 691 0351', '', NULL, NULL, NULL, NULL, NULL, NULL, NULL, NULL, NULL, NULL, NULL, NULL, NULL, NULL, 0, '', '', 0, '2018-09-14 06:45:57', '2018-11-14 02:56:04', 1),
(107, 'Zoe ', 'Lathan', 'zoelathan', 'zlathan1@me.com', '10014', 'f0f0fdacaddb7e8b2dfb99377236517b', '5168070447', '5168070447', 9, 11, 10, 11, 9, 10, NULL, NULL, 9, 14, NULL, NULL, NULL, NULL, 0, '/uploads/accountant-clipart-capital-resource-3.png', '', 20800, '2018-10-14 15:10:46', '2018-12-19 23:08:29', 1),
(108, 'Susana', 'Arellano', 'susanaarellano', 'sarellano@agenda28.com', '11217', 'f0f0fdacaddb7e8b2dfb99377236517b', '9172549967', '9176789034', 9, 10, NULL, NULL, NULL, NULL, NULL, NULL, NULL, NULL, NULL, NULL, NULL, NULL, 0, '/uploads/audrey-m-jackson-624105-unsplash.jpg', '', 70000, '2018-10-16 18:27:01', '2018-12-14 05:56:59', 1),
(109, 'Susana', 'Gamo', 'sgamo', 'mail@susanaarellano.com', '11385', 'f0f0fdacaddb7e8b2dfb99377236517b', '6758907865', '', NULL, NULL, NULL, NULL, 10, 14, NULL, NULL, NULL, NULL, NULL, NULL, 15, 18, 0, '/uploads/pan-xiaozhen-423533.jpg', '', 800, '2018-10-18 18:33:46', '2018-10-22 06:58:47', 1),
(110, 'John', 'Lehman', 'JohnLehman', 'johnlehman7@gmail.com', '10014', 'e4ef3034cd956f97c78d695dc832673a', '9176230653', '', 14, 17, 9, 10, 14, 17, NULL, NULL, 14, 21, 15, 18, NULL, NULL, 0, '/uploads/o.jpg', '', 0, '2018-10-19 17:05:23', '2018-10-26 19:07:21', 1),
(112, 'Sophie', 'Chheang', 'schheang', 'sophie.chheang@gmail.com', '10282', 'ab1147e7bb25836e44a7228e44d5a05d', '6462069459', '', NULL, NULL, NULL, NULL, NULL, NULL, NULL, NULL, NULL, NULL, NULL, NULL, NULL, NULL, 0, '', '', 2200, '2018-10-25 17:27:25', '2019-01-08 17:45:29', 0),
(113, 'Taylor', ' DeFelice', 'taylordefelice', 'taylor.defelice@gmail.com', '10003', 'ba804db44fd35181e6b66f5cfe9116e2', '949 874 2405', '', NULL, NULL, NULL, NULL, NULL, NULL, NULL, NULL, NULL, NULL, NULL, NULL, NULL, NULL, 0, '/uploads/PAL Site Profile Photos.png', '', 11650, '2018-10-30 15:37:17', '2019-01-11 19:43:36', 0),
(114, 'Mika', 'Kato', 'mikakato', 'mkato@verizon.net', '10011', '59ecdcb8e8708bccd792e426705434eb', '917 415 3908', '', NULL, NULL, NULL, NULL, NULL, NULL, NULL, NULL, NULL, NULL, NULL, NULL, NULL, NULL, 0, '/uploads/PAL Site Profile Photos.png', '', 2500, '2018-10-30 15:46:39', '2018-10-30 17:06:46', 1),
(115, 'Donna', 'Figueroa', 'donnafigueroa', 'donnafig26@gmail.com', '10012', '59ecdcb8e8708bccd792e426705434eb', '718 213 1089', '', NULL, NULL, NULL, NULL, NULL, NULL, NULL, NULL, NULL, NULL, NULL, NULL, NULL, NULL, 0, '/uploads/PAL Site Profile Photos.png', '', 2500, '2018-10-30 15:53:13', '2018-11-13 17:07:33', 0),
(116, 'Lydia', 'Doctoroff', 'lydiadoctoroff', 'lydiankim@gmail.com', '11205', '59ecdcb8e8708bccd792e426705434eb', '347 266 2402', '', NULL, NULL, NULL, NULL, NULL, NULL, NULL, NULL, NULL, NULL, NULL, NULL, NULL, NULL, 0, '/uploads/PAL Site Profile Photos.png', '', 2500, '2018-10-30 20:25:41', '2018-11-09 18:41:23', 0),
(117, 'Shannon', 'Whitt', 'shannonwhitt', 'slwga@yahoo.com', '10021', '98d9c68f212e3e7ba52882579e0a5e7b', '646 391 3839', '', NULL, NULL, NULL, NULL, NULL, NULL, NULL, NULL, NULL, NULL, NULL, NULL, NULL, NULL, 0, '/uploads/PAL Site Profile Photos.png', '', 37500, '2018-10-30 20:36:22', '2019-01-12 03:33:03', 0),
(118, 'Mercedes', 'Randall', 'mercedesrandall', 'mercedes@mercedeschloe.com', '10021', '59ecdcb8e8708bccd792e426705434eb', '917 847 9795', '', NULL, NULL, NULL, NULL, NULL, NULL, NULL, NULL, NULL, NULL, NULL, NULL, NULL, NULL, 0, '/uploads/PAL Site Profile Photos.png', '', 2500, '2018-10-30 21:01:02', '2018-11-09 18:42:06', 0),
(120, 'Susan', 'Arndt', 'susanarndt', 'susan.arndt@live.com', '10003', '195f3d27089d94f625be295edc2815ff', '917 309 7344', '', NULL, NULL, NULL, NULL, NULL, NULL, NULL, NULL, NULL, NULL, NULL, NULL, NULL, NULL, 0, '/uploads/PAL Site Profile Photos.png', '', 50000, '2018-10-31 14:56:41', '2019-01-07 22:40:04', 0),
(121, 'Julie', 'Raposo', 'julieraposo', 'juliearaposo@gmail.com', '11359', '59ecdcb8e8708bccd792e426705434eb', '516 319 8920', '', NULL, NULL, NULL, NULL, NULL, NULL, NULL, NULL, NULL, NULL, NULL, NULL, NULL, NULL, 0, '/uploads/PAL Site Profile Photos.png', '', 5500, '2018-11-01 16:46:23', '2018-11-09 18:40:50', 0),
(122, 'Canela', 'Cordero', 'canelacordero', 'ccordero811@gmail.com', '11548', '59ecdcb8e8708bccd792e426705434eb', '516 477 1739', '', NULL, NULL, NULL, NULL, NULL, NULL, NULL, NULL, NULL, NULL, NULL, NULL, NULL, NULL, 0, '/uploads/PAL Site Profile Photos.png', '', 5500, '2018-11-01 16:58:06', '2018-11-09 17:34:24', 0),
(124, 'Jolie', 'Ward', 'jolieward', 'jolieward113@gmail.com', '07740', 'fa761e37ce30e562308ad137cdf0f238', '516 729 2179', '', NULL, NULL, NULL, NULL, NULL, NULL, NULL, NULL, NULL, NULL, NULL, NULL, NULL, NULL, 0, '/uploads/PAL Site Profile Photos.png', '', 8500, '2018-11-02 15:20:44', '2018-11-09 18:40:31', 0),
(125, 'Cliona', 'Golden', 'PPdUsN', 'clionagolden@gmail.com', '10012', 'a9d87ae20d88fb34ecade95d5afbf612', '646 468 9991', '', NULL, NULL, NULL, NULL, NULL, NULL, NULL, NULL, 18, 21, 11, 21, 11, 19, 0, '', '', 2500, '2018-11-02 18:42:48', '2018-11-13 17:06:46', 0),
(126, 'Agnes', 'Nowakowski', 'Agnesnow', 'agnes1104@gmail.com', '10019', 'd9307ee2f239fe5a530bc3bbbf62f9fa', '5127312462', '', NULL, NULL, NULL, NULL, NULL, NULL, NULL, NULL, NULL, NULL, NULL, NULL, NULL, NULL, 0, '/uploads/98A04ACE-532F-4EEF-B2DC-A89B9BA5A573.jpeg', '', 0, '2018-11-06 16:23:55', '2018-11-06 16:27:32', 1),
(127, 'Kristal', 'Marshall', 'Kristal22', 'kristal.marshall@aol.com', '10029', '1ad6a1d434c556e76823cc3219f81144', '3476009463', '', NULL, NULL, NULL, NULL, NULL, NULL, NULL, NULL, NULL, NULL, NULL, NULL, NULL, NULL, 0, '', '', 0, '2018-11-06 16:56:46', '2018-11-06 16:59:08', 1),
(128, 'Alena ', 'Mishchenko', 'alena2569@gmail.com', 'alena2569@gmail.com', '10028', 'a18d0278f3d8040a2c0de5d45c0fc045', '9178871672', '', NULL, NULL, NULL, NULL, NULL, NULL, NULL, NULL, NULL, NULL, NULL, NULL, NULL, NULL, 0, '', '', 5500, '2018-11-06 19:38:41', '2019-01-12 03:33:03', 0),
(129, 'Laura', 'Nicholas', 'LJ8544195', 'laurajroth@hotmail.com', '10128', 'de1823b7b566fe01584cfc53f7b00c8a', '646 785-3319', '', 15, 19, 15, 17, 15, NULL, 15, NULL, 15, NULL, 12, 21, 12, 19, 0, '', '', 1500, '2018-11-06 20:19:06', '2019-01-12 03:33:03', 0),
(130, 'Debbie', 'Semaya', 'SemayaD', 'debalvy@yahoo.com', '10021', '0db7d0458c2670ff04a77d5a7649431b', '9176230175', '', 15, 17, 15, 17, NULL, NULL, 15, 17, 15, 21, 11, 21, 11, 16, 0, '', '', 600, '2018-11-06 21:35:44', '2019-01-12 03:33:03', 0),
(131, 'christianne', 'dimech', 'cdimech', 'christianne.dimech@gmail.com', '10028', 'd5d2835c5b5beb6f98d5e5dd40cc378a', '3473555190', '3473555190', NULL, NULL, NULL, NULL, NULL, NULL, NULL, NULL, NULL, NULL, NULL, NULL, NULL, NULL, 0, '', '', 13300, '2018-11-06 22:52:25', '2018-11-13 17:06:33', 0),
(132, 'Corrine', 'Cocco-Johnson', 'athenagiggles', 'corrineandanthony@gmail.com', '10128', '7bbb28e96231990c0a22a700711a9999', '646-267-1122', '212-263-8076', 17, NULL, 17, NULL, 17, NULL, 17, NULL, 17, NULL, 9, 21, 9, 21, 0, '', '', 2500, '2018-11-08 17:41:00', '2019-01-12 03:33:03', 0),
(134, 'Thelma', 'Medina-Corpas', 'thelmamaria2@yahoo.com', 'thelmamaria2@yahoo.com', '11953-1534', 'e73ab6f0afd9cec261aa8b4a85a3958b', '9173343692', '6317450267', NULL, NULL, NULL, NULL, NULL, NULL, NULL, NULL, NULL, NULL, 14, 21, 13, 21, 0, '/uploads/my kids2.jpg', '', 0, '2018-11-10 01:44:46', '2018-11-10 01:50:13', 0),
(135, 'Helen', 'Chiang', 'hachiang', 'helen.a.chiang@gmail.com', 'New York', '76dbb50b79147eb53499ee143a4b8c4c', '9173555727', '', NULL, NULL, NULL, NULL, NULL, NULL, NULL, NULL, NULL, NULL, NULL, NULL, NULL, NULL, 0, '', '', 400, '2018-11-12 01:58:38', '2019-01-08 06:34:50', 0),
(136, 'Julie', 'Park', 'ek0404', 'ek2023@gmail.com', '10023', 'd5550a1c860b6429f4d8739dd06805a2', '3106008649', '', NULL, NULL, NULL, NULL, NULL, NULL, NULL, NULL, NULL, NULL, NULL, NULL, NULL, NULL, 0, '', '', 7000, '2018-11-12 02:33:38', '2018-12-17 15:31:44', 0),
(138, 'Jessica Goldberg', 'Goldberg', 'JessicaGoldberg', 'jessicabachgoldberg@gmail.com', '10011', 'fb8e5ad7f18b47b1955ff33e77107281', NULL, NULL, NULL, NULL, NULL, NULL, NULL, NULL, NULL, NULL, NULL, NULL, NULL, NULL, NULL, NULL, 0, NULL, NULL, 0, '2018-11-12 18:51:24', NULL, 0),
(139, 'Sonia', 'Hwang', 'soniashwang', 'soniason.hwang@gmail.com', '10016', '8ace59db33cf1b9b47cba430bb6d4608', '2016553247', '', NULL, NULL, 15, 17, NULL, NULL, NULL, NULL, 15, 17, 11, 16, 10, 13, 0, '', '', 0, '2018-11-12 22:31:48', '2018-11-12 22:40:45', 0),
(140, 'Ilana', 'Berkenblit', 'Leah2014', 'ilania@gmail.com', '10011', '97f19e81d4ab135a90d2b79295982bb0', '6462853196', '', NULL, NULL, NULL, NULL, NULL, NULL, NULL, NULL, NULL, NULL, NULL, NULL, NULL, NULL, 0, '', '', 1400, '2018-11-13 03:45:01', '2018-12-17 15:27:37', 0),
(141, 'Thelma Medina-Corpas', 'Medina-Corpas', 'THELMAMARIA', 'thelmamaria2@yahoo.com', '11953-1534', 'e73ab6f0afd9cec261aa8b4a85a3958b', '9173343692', '', NULL, NULL, NULL, NULL, NULL, NULL, NULL, NULL, NULL, NULL, 9, 21, 13, 21, 0, '/uploads/my kids2.jpg', '', 0, '2018-11-13 17:52:34', '2018-11-13 17:55:14', 0),
(142, 'Semoy', 'Williams', 'Playdate88', 'semoywilliams@gmail.com', '11216', '9345a8a51d40076ee7dd5754aae28e00', '3475832932', '', 16, 19, 16, 19, 16, 19, 16, 19, 16, 21, 15, 21, 9, 20, 0, '', '', 12500, '2018-11-13 18:55:01', '2018-11-13 20:00:25', 0),
(143, 'Gabriella', 'Skirnick', 'gskirnick', 'gabriella.skirnick@gs.com', '10007', '221dec28d36ca5442b652bbaa1d6330f', '9176485624', '2129022580', NULL, NULL, NULL, NULL, NULL, NULL, NULL, NULL, NULL, NULL, 11, 18, 11, 18, 0, '', '', 6000, '2018-11-14 15:09:54', '2018-12-17 15:31:44', 0),
(144, 'Lori Trimailo', 'Trimailo', 'lorialyssa ', 'lorialyssa@gmail.com', '22209', '8385fade24674ae235057fcbd12770a6', '917-536-2530', '', NULL, NULL, NULL, NULL, NULL, NULL, NULL, NULL, NULL, NULL, NULL, NULL, NULL, NULL, 0, '', '', 0, '2018-11-14 15:10:46', '2018-11-14 15:19:25', 0),
(145, 'Brooke', 'Cianfichi', 'bcianfichi', 'bcianfichi@gmail.com', '10011', '43744598ed5f6e4f940d8acf0cf45d02', '9177553160', '9177553160', NULL, NULL, NULL, NULL, NULL, NULL, NULL, NULL, NULL, NULL, NULL, NULL, NULL, NULL, 0, '', '', 400, '2018-11-14 15:31:53', '2019-01-08 06:34:50', 0),
(146, 'Jameson', 'Mones', 'jameson567', 'jameson.mones@gmail.com', '11231', '961ae94bfa9529c2e61d587b4aecadce', '5163433290', '', NULL, NULL, NULL, NULL, NULL, NULL, NULL, NULL, NULL, NULL, NULL, NULL, NULL, NULL, 0, '', '', 0, '2018-11-14 19:04:46', '2018-11-14 19:05:42', 0),
(147, 'Dee', 'Poku Spalding', 'deepoku', 'deepoku@yahoo.com', '11201', 'a928985d770e273208444bc6cb6bacb9', '3235097526', '', NULL, NULL, NULL, NULL, NULL, NULL, NULL, NULL, NULL, NULL, NULL, NULL, NULL, NULL, 0, '', '', 2500, '2018-11-15 15:37:12', '2018-11-15 17:41:42', 0),
(148, 'Brad Wertman', 'Wertman', 'BradW', 'brad.wertman@leanmeanz.com', '10028', '27130daf2480b40fe15ed16988c04db2', '9178657372', '', NULL, NULL, NULL, NULL, NULL, NULL, NULL, NULL, NULL, NULL, NULL, NULL, NULL, NULL, 0, '/uploads/square.png', '', 0, '2018-11-15 15:47:41', '2018-11-21 16:41:45', 0),
(149, 'Caris', 'Tay', 'ctay', 'caristay@hotmail.com', '10017', 'ddc53601494fadfa3ed6f4d892146dba', '6466377092', '6466377092', NULL, NULL, NULL, NULL, NULL, NULL, NULL, NULL, NULL, NULL, NULL, NULL, NULL, NULL, 0, '', '', 9500, '2018-11-15 16:57:22', '2018-12-17 15:31:44', 0),
(152, 'Avi', 'Barkai', 'Jonathan', 'akbarkai@gmail.com', '10007', 'd8578edf8458ce06fbc5bb76a58c5ca4', '6463509422', '', NULL, NULL, NULL, NULL, NULL, NULL, NULL, NULL, NULL, NULL, NULL, NULL, NULL, NULL, 0, '', '', 200, '2018-11-16 22:48:00', '2018-12-17 15:27:37', 0),
(153, 'Denise', 'Woodard', 'denisegwoodard', 'denisegwoodard@gmail.com', '07310', '13902630828e8e97bd5648ce2ee1301e', '9106856858', '9106856858', NULL, NULL, NULL, NULL, NULL, NULL, NULL, NULL, NULL, NULL, NULL, NULL, NULL, NULL, 0, '', '', 0, '2018-11-17 15:53:17', '2018-11-17 15:54:58', 0),
(154, 'Ivy', 'Huang', 'ivysun999', 'ivysun999@gmail.com', '07010', '9e575d90203d5b124eb045859bc9d812', '4252690048', '', NULL, NULL, 10, 20, NULL, NULL, NULL, NULL, 10, 21, 10, 21, 10, 21, 0, '/uploads/20180619_133608.jpg', '', 6000, '2018-11-21 18:34:19', '2018-11-21 19:03:10', 0),
(155, 'Miriam', 'Rapaport-Hindin', 'Rap.miriam', 'rap.miriam@gmail.com', '07666', '06e97a62be82a43acc629188674a33ad', '6464022148', '6464022148', NULL, NULL, NULL, NULL, NULL, NULL, NULL, NULL, NULL, NULL, NULL, NULL, NULL, NULL, 0, '', '', 0, '2018-11-21 21:37:22', '2018-11-21 21:42:35', 0),
(156, 'Talent', 'Concierge', 'talentconcierge', 'talentconcierge@playdatepal.com', '10014', 'f0f0fdacaddb7e8b2dfb99377236517b', '5168070447', '', NULL, NULL, NULL, NULL, NULL, NULL, NULL, NULL, NULL, NULL, NULL, NULL, NULL, NULL, 0, '', '', 0, '2018-11-21 22:53:00', '2018-11-21 22:55:06', 1),
(157, 'Mary ', 'Burner', 'marykatz00', 'maryelizabethburner@gmail.com', '10025', 'd5e92b1c832688a60044fc4108dd30b0', '2023020894', '', NULL, NULL, NULL, NULL, NULL, NULL, NULL, NULL, NULL, NULL, NULL, NULL, NULL, NULL, 0, '', '', 5225, '2018-11-26 17:35:36', '2018-12-07 13:32:29', 0),
(158, 'Gabriella ', 'Skirnick', 'gskirnick', 'gabriella.skirnick@gs.com', '10007', '221dec28d36ca5442b652bbaa1d6330f', '9176485624', '2129022580', NULL, NULL, NULL, NULL, NULL, NULL, NULL, NULL, NULL, NULL, NULL, NULL, 14, 18, 0, '', '', 0, '2018-11-26 19:24:05', '2018-11-26 19:24:54', 0),
(159, 'Elad', 'Sheinfeld', 'elad', 'elad1245@gmail.com', '06511', '595b1fcf951945e111939b37e80f6635', '4754346734', '', NULL, NULL, NULL, NULL, NULL, NULL, NULL, NULL, NULL, NULL, NULL, NULL, NULL, NULL, 0, '', '', 0, '2018-11-26 20:17:02', '2018-11-26 20:29:36', 0),
(160, 'Melissa Wolfe', 'Wolfe', 'melissatwolfe@gmail.com', 'melissatwolfe@gmail.com', '10038', '5b505769957abe3c94efa974bb793333', '4157707708', '', NULL, NULL, NULL, NULL, NULL, NULL, NULL, NULL, NULL, NULL, NULL, NULL, NULL, NULL, 0, '', '', 0, '2018-11-27 13:26:35', '2018-11-27 13:30:14', 0),
(161, 'Courtney', 'Bernabei', 'cbernabei', 'cbernabei@gmail.com ', '11201', 'f0f0fdacaddb7e8b2dfb99377236517b', '4404131155', '4404131155', NULL, NULL, NULL, NULL, NULL, NULL, NULL, NULL, NULL, NULL, 9, 21, 9, 18, 0, '/uploads/caroline-hernandez-698708-unsplash.jpg', '', 0, '2018-11-27 17:01:26', '2018-11-27 17:05:32', 0),
(162, 'Melanie', 'Whelan', 'melaniewhelan', 'melanie.whelan@soul-cycle.com', '10013', 'c96d363455b73f6ea474490b70cddc95', '9174120057', '', NULL, NULL, NULL, NULL, NULL, NULL, NULL, NULL, NULL, NULL, NULL, NULL, NULL, NULL, 0, '', '', 0, '2018-11-27 19:39:51', '2018-11-30 17:02:15', 0),
(163, 'Sarah ', 'Netburn', 'snetburn@gmail.com', 'snetburn@gmail.com', '10038', 'd2bf75ac5ba2e43fa1e3ddaec0cd4daa', '6462998014', '2128054549', NULL, NULL, NULL, NULL, NULL, NULL, NULL, NULL, NULL, NULL, NULL, NULL, NULL, NULL, 0, '', '', 0, '2018-11-28 15:31:45', '2018-11-28 15:34:31', 0),
(164, 'Paola ', 'Hernandez ', 'Paola44', 'hernandez.44@live.com', '10033', 'a36574edb703c814e3ad78273983d3e2', NULL, NULL, NULL, NULL, NULL, NULL, NULL, NULL, NULL, NULL, NULL, NULL, NULL, NULL, NULL, NULL, 0, NULL, NULL, 0, '2018-11-28 16:26:24', NULL, 0),
(165, 'Keedy', 'Eugenio', 'keedyeugenio', 'keedy.eugenio@hczpromise.org', '10069', '03cb5c9fb9d9c80ff0ed1557ba3458d6', '6463212086', '', NULL, NULL, NULL, NULL, NULL, NULL, NULL, NULL, 17, 21, 9, 21, 9, 21, 0, '', '', 3225, '2018-11-28 16:51:19', '2018-12-07 13:32:29', 0),
(166, 'Yolanda', 'Batts', 'pybatts', 'zoe@playdatepal.com', '11205', '83bcf11b71c466b872a6c3acee44b35d', '(919) 608-14', '', NULL, NULL, NULL, NULL, NULL, NULL, NULL, NULL, NULL, NULL, NULL, NULL, NULL, NULL, 0, '/uploads/csclogo.jpeg', '', 0, '2018-11-28 20:42:34', '2018-11-30 20:47:59', 0),
(167, 'Wilneida ', 'Negron', 'Wilneida', 'wilneida@gmail.com', '10024', '39895eec2d7b6eddea5b4fa6015dd371', '3475106985', '', 16, 20, 16, 20, 16, 20, 16, 20, 16, 20, 11, 20, 11, 20, 0, '', '', 5225, '2018-11-29 03:10:41', '2018-12-07 13:32:29', 0),
(168, 'Melissa ', 'Herman', 'mherman', 'melissa.leitman@gmail.com', '11215', 'ede9df887e8949c9b9220db9960dffff', '9179743717', '', NULL, NULL, NULL, NULL, NULL, NULL, NULL, NULL, NULL, NULL, NULL, NULL, NULL, NULL, 0, '', '', 4500, '2018-12-03 18:32:36', '2018-12-28 17:48:59', 0),
(169, 'Kidville ', 'Upper West', 'kidvilleuws', 'amanda@playdatepal.com', '10024', '351ac385b5d42c786d5020f8e3850453', '+1 212-362-7', '', NULL, NULL, NULL, NULL, NULL, NULL, NULL, NULL, NULL, NULL, NULL, NULL, NULL, NULL, 0, '/uploads/Copy of Copy of Dimensions for PAL Site Photos (5).png', '', 0, '2018-12-04 15:27:30', '2018-12-04 15:47:06', 0),
(170, 'Lisa', 'Bernstein', 'Lgrbern', 'lgrbernstein@gmail.com', '11238', 'a7623afccf2652f1c92321452eb0941b', '3476784255', '', NULL, NULL, NULL, NULL, NULL, NULL, NULL, NULL, NULL, NULL, NULL, NULL, NULL, NULL, 0, '', '', 0, '2018-12-04 20:57:40', '2018-12-04 21:04:04', 0),
(171, 'Doug', 'Vander Schauw', 'doug@executivemediacorp.com', 'doug@executivemediacorp.com', '10016', 'a2960be4bc44c37ed7031458ec1bd3d2', '2125057199', '2125057199', NULL, NULL, NULL, NULL, NULL, NULL, NULL, NULL, 18, 21, 12, 21, 11, 21, 0, '', '', 0, '2018-12-04 21:18:30', '2018-12-04 21:22:58', 0),
(172, 'Kelly', 'Ruiter', 'kellyruiter@yahoo.com', 'kellyruiter@yahoo.com', '10003', '71dbd6d8c31b13eda893b3180cfc1929', '', '', NULL, NULL, NULL, NULL, NULL, NULL, NULL, NULL, NULL, NULL, NULL, NULL, NULL, NULL, 0, '', '', 0, '2018-12-05 02:37:20', '2018-12-05 02:37:36', 0),
(173, 'Juliet', 'Diamond', 'Julietd', 'julietkoskoff@yahoo.com', '10003', '27344747b95418473252a150ea87e1c8', '9176640881', '', NULL, NULL, NULL, NULL, NULL, NULL, NULL, NULL, NULL, NULL, NULL, NULL, NULL, NULL, 0, '', '', 0, '2018-12-05 14:26:36', '2018-12-05 14:29:41', 0),
(174, 'Rachel', 'Wolff', 'RWolff', 'rachel_wolff3737@yahoo.com', '10011', 'e4a4a96a69a1b2b530b3bec6734cdf52', '3362557342', '', NULL, NULL, NULL, NULL, NULL, NULL, NULL, NULL, NULL, NULL, NULL, NULL, NULL, NULL, 0, '', '', 0, '2018-12-05 14:37:45', '2018-12-05 14:40:32', 0),
(175, 'Holly', 'Ro', 'Holly', 'holly.h.ro@gmail.com', '10002', 'cf2e64d179b57a9590155618aad832ff', NULL, NULL, NULL, NULL, NULL, NULL, NULL, NULL, NULL, NULL, NULL, NULL, NULL, NULL, NULL, NULL, 0, NULL, NULL, 0, '2018-12-05 15:22:19', NULL, 0),
(176, 'Ivy', 'Yang', 'ivyyang123', 'ivyyangxi@gmail.com', '10013', 'eb4ff148a020d6251f9c300af4ddd698', NULL, NULL, NULL, NULL, NULL, NULL, NULL, NULL, NULL, NULL, NULL, NULL, NULL, NULL, NULL, NULL, 0, NULL, NULL, 0, '2018-12-05 16:37:30', NULL, 0),
(177, 'Kelvin', 'Lo', 'kelvinlo12', 'kelvin.lo.12@gmail.com', '10013', 'bed128365216c019988915ed3add75fb', '9172043000', '', NULL, NULL, NULL, NULL, NULL, NULL, NULL, NULL, NULL, NULL, NULL, NULL, NULL, NULL, 0, '', '', 0, '2018-12-05 17:15:17', '2018-12-05 17:18:17', 0),
(178, 'Maria ', 'Macapinlac', 'mcawad@gmail.com', 'mcawad@gmail.com', '07601', '4c370bd576d14d7fa478aedc6323932a', '6468941234', '', NULL, NULL, NULL, NULL, NULL, NULL, NULL, NULL, NULL, NULL, NULL, NULL, NULL, NULL, 0, '', '', 0, '2018-12-05 19:08:39', '2018-12-05 19:09:58', 0),
(179, 'Flavia', 'Vianna', 'flavia0', 'frvianna@yahoo.com', '10003', '5057a572ef20300ac0c91fd0a251ac14', '9085005551', '', 18, 21, 18, 21, 18, 21, 18, 21, 18, 21, 9, 21, 9, 21, 0, '', '', 0, '2018-12-05 19:41:57', '2018-12-05 19:48:32', 0),
(180, 'Ali', 'Greenfield', 'ali.greenfield@gmail.com', 'ali.greenfield@gmail.com', '10028', '7e07082a7752f44ec2e47a6aec52f4be', '212-786-2104', '212-354-1478', 9, 17, 9, 17, 12, 14, 9, 17, 9, 18, 9, 17, 9, 17, 0, '', '', 0, '2018-12-05 21:33:51', '2018-12-05 21:48:35', 0),
(181, 'Dwana', 'Franklin-Davis', 'dwanafdavis', 'dwana.franklin-davis@mastercard.com', '10004', 'ecee5583ac978b3f8edc0d41d5e1f106', '314 504 0456', '917 408 2732', NULL, NULL, NULL, NULL, NULL, NULL, NULL, NULL, NULL, NULL, 18, 21, 18, 21, 0, '', '', 6100, '2018-12-06 17:28:59', '2019-01-07 22:40:04', 0),
(182, 'Qi', 'Hang', 'Cara', 'hang_qi2004@yahoo.com', '07302', '606c051513a57c7cac5b3e763c9fb643', '9174459145', '', NULL, NULL, NULL, NULL, NULL, NULL, NULL, NULL, NULL, NULL, NULL, NULL, NULL, NULL, 0, '/uploads/EF7FA931-5826-4244-BA00-397C3033E74F.jpeg', '', 800, '2018-12-06 19:44:06', '2018-12-28 17:55:49', 0),
(183, 'STEPHANIE B SKLUT', 'SKLUT', 'sbsklut2002', 'stephanie_sklut@yahoo.com', '11238', '1532956f53f6d077ff6f2a06469d66d9', '9175392355', '', NULL, NULL, NULL, NULL, NULL, NULL, NULL, NULL, NULL, NULL, NULL, NULL, NULL, NULL, 0, '', '', 0, '2018-12-07 01:08:46', '2018-12-07 01:18:17', 0),
(184, 'Sophie', 'Jaff', 'sophjaff', 'sophjaff@gmail.com', '10282', '8954faa2eac9644aae93d3a4ce01068f', '646-322-3334', '', 16, NULL, NULL, NULL, 16, NULL, NULL, NULL, NULL, NULL, NULL, NULL, NULL, NULL, 0, '', '', 2700, '2018-12-07 14:23:05', '2018-12-11 16:30:26', 0),
(185, 'Madison', 'Wharton', 'Madisonwharton', 'madisonwharton@gmail.com', '11230', '02c5fc460cb4538a185ab004acdd4ef2', '@177572996', '', NULL, NULL, NULL, NULL, NULL, NULL, NULL, NULL, 17, 21, 12, 21, 11, 21, 0, '', '', 6900, '2018-12-07 21:31:39', '2019-01-12 17:43:58', 0),
(186, 'Sarah ', 'Elliott', 'Elliottsb', 'elliottsb33@gmail.com', '10003', 'ef169e9efedb7840da2e6d48a210367d', '9174454261', '', NULL, NULL, NULL, NULL, NULL, NULL, NULL, NULL, NULL, NULL, NULL, NULL, NULL, NULL, 0, '', '', 600, '2018-12-07 22:06:33', '2018-12-10 18:11:03', 0),
(187, 'Samir', 'Sherif', 'ssherif', 'samir@sherif.com', '07924', '6e2b5ce8d0cd4a61c3dd14ea3b4272b7', '2146637579', '', NULL, NULL, NULL, NULL, NULL, NULL, NULL, NULL, NULL, NULL, 13, 17, 13, 17, 0, '', '', 300, '2018-12-07 22:22:01', '2018-12-10 18:11:03', 0),
(188, 'Sybil', 'Dessau', 'sdessau', 'sybildessau@me.com', '10003', 'ef169e9efedb7840da2e6d48a210367d', '9174434134', '9174434134', NULL, NULL, NULL, NULL, NULL, NULL, NULL, NULL, NULL, NULL, NULL, NULL, NULL, NULL, 0, '', '', 600, '2018-12-07 22:30:24', '2018-12-10 18:11:03', 0),
(189, 'Rachel', 'Taliaferro', 'racheltalia', 'rachel.taliaferro@gmail.com', '10031', 'ef169e9efedb7840da2e6d48a210367d', '864-380-4915', '212.333.2085', 19, 21, 19, 21, 19, 21, 19, 21, 18, 21, 9, 21, 14, 21, 0, '/uploads/20181026_225002~6.jpg', '', 0, '2018-12-08 05:39:43', '2018-12-19 22:12:27', 0),
(190, 'Laticha', 'Sotero-Schamann', 'bklyntich', 'latichasotero@aol.com', '11238', '120303a62832a092252413e15dc29812', NULL, NULL, NULL, NULL, NULL, NULL, NULL, NULL, NULL, NULL, NULL, NULL, NULL, NULL, NULL, NULL, 0, NULL, NULL, 0, '2018-12-10 17:51:12', NULL, 0),
(191, 'Zheng', 'Luo', 'txusama', 'txusama@gmail.com', '10028', '989802d43d0a0ed9d9cee2669e901e81', '6468087776', '', NULL, NULL, NULL, NULL, NULL, NULL, NULL, NULL, NULL, NULL, NULL, NULL, NULL, NULL, 0, '', '', 0, '2018-12-10 18:13:40', '2018-12-10 18:16:07', 0),
(192, 'Georgia Aarons', 'Aarons', 'georgia.aarons@gmail.com', 'georgia.aarons@gmail.com', '10011', '426f9d58cecb209c385c04a61d4d60b7', '6468987494', '', NULL, NULL, NULL, NULL, NULL, NULL, NULL, NULL, NULL, NULL, NULL, NULL, NULL, NULL, 0, '', '', 0, '2018-12-10 19:45:44', '2018-12-10 19:55:23', 0),
(193, 'Natalie ', 'A', 'natalieayala20pine', 'nayala@livunltd.com', '10005', 'f0f0fdacaddb7e8b2dfb99377236517b', '212.495.5556', '', NULL, NULL, NULL, NULL, NULL, NULL, NULL, NULL, NULL, NULL, NULL, NULL, NULL, NULL, 0, '/uploads/Copy of Copy of Dimensions for PAL Site Photos (6).png', '', 0, '2018-12-11 17:18:08', '2019-01-12 19:10:58', 1),
(194, 'Ciani', 'Jones', 'Womba', 'cjophila@gmail.com', '10701', '160af4227a373b8e616c570cb5380c52', NULL, NULL, NULL, NULL, NULL, NULL, NULL, NULL, NULL, NULL, NULL, NULL, NULL, NULL, NULL, NULL, 0, NULL, NULL, 0, '2018-12-12 02:50:26', NULL, 0),
(195, 'Mutsuki', 'Sone', 'mutsukiizayoi', 'mutsukiizayoi@hotmail.com', '10075', '04d971aa90f7ec0ff1c86bcef3041a4a', NULL, NULL, NULL, NULL, NULL, NULL, NULL, NULL, NULL, NULL, NULL, NULL, NULL, NULL, NULL, NULL, 0, NULL, NULL, 0, '2018-12-12 04:08:30', NULL, 0),
(196, 'Kacy', 'Bolton', 'Kbolton', 'kgodso@gmail.com', '10028', 'a33e77f6c11d14bb218708b3a71adb1d', '5044001781', '', NULL, NULL, NULL, NULL, NULL, NULL, NULL, NULL, NULL, NULL, NULL, NULL, NULL, NULL, 0, '', '', 0, '2018-12-12 16:56:58', '2018-12-12 16:59:56', 0),
(197, 'Jane', 'Kim-Smith', 'hojepoje', 'janehkim8@gmail.com', '11201', '5225fedcb069effec61a29c3e61ee381', '7033405629', '7033405629', NULL, NULL, NULL, NULL, NULL, NULL, NULL, NULL, NULL, NULL, NULL, NULL, NULL, NULL, 0, '', '', 0, '2018-12-12 17:27:44', '2018-12-12 17:30:02', 0),
(198, 'Christina', 'Bost Seaton', 'yalechk', 'Christina.BostSeaton@fisherbroyles.com', '11215', 'e311dd5fd4cdbba780ea0d0062df7788', '', '', NULL, NULL, NULL, NULL, NULL, NULL, NULL, NULL, NULL, NULL, NULL, NULL, NULL, NULL, 0, '', '', 0, '2018-12-12 22:40:09', '2018-12-12 22:41:14', 0),
(199, 'Yeyin Ivanoff', 'Ivanoff', 'heyeyin', 'heyeyin@gmail.com', '11238', '52f4cdb73d8934d93ea1c5a8b11f3e1e', '6469157292', '', NULL, NULL, NULL, NULL, NULL, NULL, NULL, NULL, NULL, NULL, NULL, NULL, NULL, NULL, 0, '', '', 0, '2018-12-14 17:08:22', '2018-12-28 17:55:49', 0),
(200, 'Amy', 'Hughey', 'Hugheam1', 'amymhughey@gmail.com', '10282', 'f0f0fdacaddb7e8b2dfb99377236517b', '4122988746', '2126830497', NULL, NULL, NULL, NULL, NULL, NULL, NULL, NULL, 17, 21, 17, 21, NULL, NULL, 0, '', '', 39000, '2018-12-14 19:09:30', '2018-12-23 19:01:54', 0),
(201, 'Jessie', 'Yue', 'Jyue', 'jessiemyue@gmail.com', '10038', 'f0f0fdacaddb7e8b2dfb99377236517b', '9174766332', '', NULL, NULL, NULL, NULL, NULL, NULL, NULL, NULL, NULL, NULL, NULL, NULL, NULL, NULL, 0, '', '', 1200, '2018-12-14 19:28:53', '2018-12-28 17:55:49', 0),
(202, 'Thelma', 'Medina-Corpas', 'thelmamaria ', 'thelmamaria2@yahoo.com', '11953-1534', 'a7e964f2b03bcfc84c120a982cc12fb5', '9173343692', '', NULL, NULL, NULL, NULL, NULL, NULL, NULL, NULL, NULL, NULL, 13, 21, 14, 16, 0, '', '', 0, '2018-12-14 19:47:23', '2018-12-14 19:50:24', 0),
(203, 'Sharon Chen', 'Chen', 'Sharon Chen', 'sharonhoney@gmail.com', '10004', 'b7f3ded83581e3d1ba7b19cdbd0c5d6d', '9179121318', '', NULL, NULL, NULL, NULL, NULL, NULL, NULL, NULL, NULL, NULL, NULL, NULL, NULL, NULL, 0, '', '', 0, '2018-12-14 20:15:57', '2018-12-14 20:19:07', 0),
(204, 'Lisa', 'Poulakakos ', 'Poulakakos ', 'lisapoulakakos@gmail.com', '10004', '47af504421224803e04384addd0b8cac', '9173850631', '', NULL, NULL, NULL, NULL, NULL, NULL, NULL, NULL, NULL, NULL, 13, 17, 14, 17, 0, '/uploads/2C95C10C-CB23-4512-8B07-11A0EDB35AC9.jpeg', '', 0, '2018-12-17 16:47:11', '2019-01-03 20:49:42', 0),
(205, 'Emily', 'Ting', 'EYT1105', 'susie.kwak@gmail.com', '10004', '4272d0a84edee2cbedd8902e8f310e52', '5164270576', '', NULL, NULL, NULL, NULL, NULL, NULL, NULL, NULL, NULL, NULL, NULL, NULL, NULL, NULL, 0, '', '', 1200, '2018-12-17 18:55:14', '2018-12-28 17:55:49', 0),
(207, 'Candace', 'Salim', 'csalim', 'mimisalimnyc@gmail.com', 'Upper West Side', '08328a5d6fe01d82a09a3faee21746b6', '6784926873', '', NULL, NULL, NULL, NULL, NULL, NULL, NULL, NULL, 9, 18, 10, 18, 10, 15, 0, '/uploads/045D9F77-2A07-43F0-9BE9-F07A69B72B4D.jpeg', '', 0, '2018-12-17 23:18:54', '2018-12-17 23:26:58', 0),
(208, 'Kenia', 'Maldonado', 'Kenia2477', 'kenia2477@aol.com', '10007', '3d0731107e5323e1038d131f1ceaae6b', '9178046236', '9292214545', NULL, NULL, NULL, NULL, NULL, NULL, 9, 17, 9, 21, 13, 21, 13, 21, 0, '', '', 0, '2018-12-18 11:33:25', '2018-12-18 11:40:56', 0),
(209, 'Eva ', 'Benaim', 'Evabenaim ', 'evaazizbenaim@gmail.com', '10003', 'caa45706eb8f5ebd2d3e1084c3c86f1c', '9173278839', '', NULL, NULL, NULL, NULL, NULL, NULL, NULL, NULL, NULL, NULL, NULL, NULL, NULL, NULL, 0, '', '', 0, '2018-12-18 16:03:47', '2018-12-18 16:09:38', 0),
(210, 'Eu', 'Zambuto', 'Eting ', 'euieting@gmail.com', '10005', 'fd3cf78b5d0ba98696736316f286c2db', '9175096322', '', NULL, NULL, NULL, NULL, NULL, NULL, NULL, NULL, NULL, NULL, NULL, NULL, NULL, NULL, 0, '', '', 1200, '2018-12-19 02:46:09', '2018-12-28 17:55:49', 0),
(211, 'Yeyin', 'Ivanoff', 'heyeyin', 'heyeyin@gmail.com', 'Park Slope', '52f4cdb73d8934d93ea1c5a8b11f3e1e', '6469157292', '', NULL, NULL, NULL, NULL, NULL, NULL, NULL, NULL, NULL, NULL, NULL, NULL, NULL, NULL, 0, '', '', 0, '2018-12-19 17:03:43', '2018-12-19 17:05:18', 0),
(212, 'Yeyin', 'Ivanoff', 'heyeyin', 'heyeyin@gmail.com', 'Park Slope', '52f4cdb73d8934d93ea1c5a8b11f3e1e', NULL, NULL, NULL, NULL, NULL, NULL, NULL, NULL, NULL, NULL, NULL, NULL, NULL, NULL, NULL, NULL, 0, NULL, NULL, 0, '2018-12-19 17:06:44', NULL, 0),
(213, 'Events', 'By Playdate', 'eventsbyplaydate', 'events@playdatepal.com', '10014', 'f0f0fdacaddb7e8b2dfb99377236517b', '5168070447', '', NULL, NULL, NULL, NULL, NULL, NULL, NULL, NULL, NULL, NULL, NULL, NULL, NULL, NULL, 0, '/uploads/aditya-chinchure-494048-unsplash.jpg', '', 256500, '2018-12-19 20:40:55', '2018-12-29 17:12:03', 0),
(214, 'Chris', 'Valentino', 'cvalentino', 'chrisvvalentino@gmail.com', '11201', 'f0f0fdacaddb7e8b2dfb99377236517b', '5165039240', '111 111 1111', NULL, NULL, NULL, NULL, NULL, NULL, NULL, NULL, NULL, NULL, NULL, NULL, NULL, NULL, 0, '', '', 0, '2019-01-02 18:28:36', '2019-01-02 20:25:47', 0),
(215, 'Kate', 'Acri', 'kacri', 'kayproper@gmail.com', '11231', 'f0f0fdacaddb7e8b2dfb99377236517b', '111 111 1111', '', NULL, NULL, NULL, NULL, NULL, NULL, NULL, NULL, NULL, NULL, NULL, NULL, NULL, NULL, 0, '', '', 0, '2019-01-02 20:43:05', '2019-01-02 21:12:10', 0),
(217, 'Kristen', 'Skarvelis', 'kskarvelis', 'Kristenskarvelis@gmail.com', '11217', 'f0f0fdacaddb7e8b2dfb99377236517b', '111 111 1111', '', NULL, NULL, NULL, NULL, NULL, NULL, NULL, NULL, NULL, NULL, NULL, NULL, NULL, NULL, 0, '', '', 0, '2019-01-02 21:08:31', '2019-01-02 21:13:09', 0),
(218, 'Lauryn', 'Hart', 'Laurynjh', 'lalps2@aol.com', '10022', 'da985b94d190f249562907527858682d', '917-922-4442', '9179224442', 12, 14, NULL, NULL, NULL, NULL, 16, 18, 18, 21, 12, 21, 10, 20, 0, '', '', 28000, '2019-01-03 18:29:37', '2019-01-03 18:42:11', 0),
(219, 'Tiago', 'costa', 'Bellasugar1357', 'tiagocostanyc@yahoo.com', '10075', 'f7cecb23fe53c0af0a3be1f0d04beb5c', '347-920-6519', '', NULL, NULL, NULL, NULL, NULL, NULL, NULL, NULL, 18, 21, NULL, NULL, NULL, NULL, 0, '', '', 7500, '2019-01-04 01:37:24', '2019-01-12 03:33:03', 0),
(220, 'Tia', 'Gonzales', 'tiaromanogonzales', 'tia@tiaromano.com', '10004', 'd4d6fea8d96493aac7e1924fbdb23c45', '9177767889', '', NULL, NULL, NULL, NULL, NULL, NULL, NULL, NULL, NULL, NULL, NULL, NULL, NULL, NULL, 0, '', '', 0, '2019-01-04 18:52:50', '2019-01-04 18:54:43', 0),
(221, 'Karen', 'Chen Ortenberg', 'TwinTrouble', 'karinechen@gmail.com', '10012', '35fd23f88daa17a0135b5ddba49a6b8a', '9179409357', '2123341290', 15, 21, 18, 21, 15, 21, 18, 9, 18, 21, 9, 17, 9, 17, 0, '/uploads/A964A686-499D-4E8A-8DDE-0661D30B62C6.jpeg', '', 14750, '2019-01-04 22:08:04', '2019-01-07 22:40:04', 0),
(222, 'Meggy', 'Masters', 'meggymasters', 'meggymasters@gmail.com', '10044', '0511906d6a0c0d2b2ec7b46fc70ab5db', '6087788201', '', NULL, NULL, NULL, NULL, NULL, NULL, NULL, NULL, NULL, NULL, NULL, NULL, NULL, NULL, 0, '', '', 7500, '2019-01-09 22:59:36', '2019-01-12 03:33:03', 0),
(223, 'Adriennes', 'Helping Hands', 'AHH', 'assistant@projectplaydate.org', '10014', 'ab1147e7bb25836e44a7228e44d5a05d', '6467256000', '6467256000', NULL, NULL, NULL, NULL, NULL, NULL, NULL, NULL, NULL, NULL, NULL, NULL, NULL, NULL, 0, '/uploads/AHH.png', '', 40000, '2019-01-11 02:34:06', '2019-01-11 17:03:15', 0);

-- --------------------------------------------------------

--
-- Estructura de tabla para la tabla `pd_parents_zipcodes`
--

DROP TABLE IF EXISTS `pd_parents_zipcodes`;
CREATE TABLE `pd_parents_zipcodes` (
  `id_parent` int(10) UNSIGNED NOT NULL,
  `id_zipcode` int(10) UNSIGNED NOT NULL,
  `idate` datetime NOT NULL
) ENGINE=InnoDB DEFAULT CHARSET=latin1;

-- --------------------------------------------------------

--
-- Estructura de tabla para la tabla `pd_parent_neighborhoods`
--

DROP TABLE IF EXISTS `pd_parent_neighborhoods`;
CREATE TABLE `pd_parent_neighborhoods` (
  `id_parent` int(10) UNSIGNED NOT NULL,
  `id_neighborhood` int(10) UNSIGNED NOT NULL,
  `idate` datetime NOT NULL
) ENGINE=InnoDB DEFAULT CHARSET=utf8;

--
-- Volcado de datos para la tabla `pd_parent_neighborhoods`
--

INSERT INTO `pd_parent_neighborhoods` (`id_parent`, `id_neighborhood`, `idate`) VALUES
(7, 39, '2018-11-02 13:49:01'),
(7, 82, '2018-11-02 13:49:01'),
(20, 202, '2018-12-18 22:18:47'),
(22, 72, '2018-12-13 16:53:44'),
(23, 33, '2018-11-07 06:29:39'),
(23, 34, '2018-11-07 06:29:39'),
(23, 66, '2018-11-07 06:29:39'),
(23, 67, '2018-11-07 06:29:39'),
(23, 68, '2018-11-07 06:29:39'),
(23, 72, '2018-11-07 06:29:39'),
(23, 204, '2018-11-07 06:29:39'),
(27, 34, '2018-12-05 21:51:23'),
(30, 205, '2018-09-05 05:35:28'),
(31, 68, '2018-10-30 16:28:22'),
(64, 32, '2018-09-12 06:07:55'),
(67, 200, '2018-09-12 06:27:05'),
(67, 203, '2018-09-12 06:27:05'),
(79, 84, '2018-09-13 02:13:32'),
(79, 204, '2018-09-13 02:13:32'),
(106, 200, '2018-11-14 02:56:04'),
(106, 203, '2018-11-14 02:56:04'),
(107, 202, '2018-12-19 23:03:33'),
(107, 204, '2018-12-19 23:03:33'),
(108, 204, '2018-10-24 22:23:24'),
(109, 52, '2018-10-18 18:38:01'),
(110, 66, '2018-10-26 19:07:21'),
(110, 72, '2018-10-26 19:07:21'),
(110, 78, '2018-10-26 19:07:21'),
(110, 80, '2018-10-26 19:07:21'),
(110, 81, '2018-10-26 19:07:21'),
(110, 135, '2018-10-26 19:07:21'),
(110, 136, '2018-10-26 19:07:21'),
(110, 201, '2018-10-26 19:07:21'),
(113, 68, '2018-10-30 20:28:05'),
(114, 68, '2018-10-30 15:50:32'),
(115, 68, '2018-10-30 17:14:44'),
(116, 68, '2018-10-30 20:33:04'),
(116, 72, '2018-10-30 20:33:04'),
(116, 82, '2018-10-30 20:33:04'),
(117, 33, '2019-01-08 15:43:05'),
(117, 34, '2019-01-08 15:43:05'),
(117, 68, '2019-01-08 15:43:05'),
(118, 68, '2018-10-30 21:09:02'),
(120, 68, '2018-10-31 15:03:51'),
(121, 68, '2018-11-01 16:49:39'),
(121, 72, '2018-11-01 16:49:39'),
(122, 68, '2018-11-01 17:39:01'),
(122, 72, '2018-11-01 17:39:01'),
(124, 68, '2018-11-02 21:28:49'),
(132, 28, '2018-11-08 17:43:37'),
(132, 33, '2018-11-08 17:43:37'),
(142, 72, '2018-11-13 19:15:23'),
(142, 74, '2018-11-13 19:15:23'),
(142, 75, '2018-11-13 19:15:23'),
(142, 78, '2018-11-13 19:15:23'),
(142, 81, '2018-11-13 19:15:23'),
(145, 204, '2018-11-14 15:34:02'),
(147, 74, '2018-11-15 15:39:40'),
(161, 66, '2018-11-27 17:04:52'),
(161, 82, '2018-11-27 17:04:52'),
(161, 204, '2018-11-27 17:04:52'),
(165, 34, '2018-11-28 16:54:14'),
(166, 73, '2018-11-28 20:46:58'),
(166, 75, '2018-11-28 20:46:58'),
(167, 34, '2018-11-29 03:13:12'),
(169, 34, '2018-12-04 15:43:30'),
(170, 72, '2018-12-04 21:04:04'),
(170, 76, '2018-12-04 21:04:04'),
(170, 78, '2018-12-04 21:04:04'),
(170, 84, '2018-12-04 21:04:04'),
(179, 65, '2018-12-05 19:48:32'),
(179, 68, '2018-12-05 19:48:32'),
(179, 200, '2018-12-05 19:48:32'),
(179, 203, '2018-12-05 19:48:32'),
(180, 33, '2018-12-05 21:48:35'),
(181, 67, '2018-12-06 18:12:28'),
(181, 68, '2018-12-06 18:12:28'),
(185, 72, '2018-12-07 22:22:39'),
(185, 74, '2018-12-07 22:22:39'),
(185, 79, '2018-12-07 22:22:39'),
(185, 80, '2018-12-07 22:22:39'),
(185, 81, '2018-12-07 22:22:39'),
(185, 87, '2018-12-07 22:22:39'),
(185, 89, '2018-12-07 22:22:39'),
(185, 92, '2018-12-07 22:22:39'),
(189, 33, '2018-12-08 05:51:38'),
(189, 34, '2018-12-08 05:51:38'),
(189, 54, '2018-12-08 05:51:37'),
(189, 68, '2018-12-08 05:51:38'),
(189, 69, '2018-12-08 05:51:38'),
(189, 71, '2018-12-08 05:51:37'),
(189, 204, '2018-12-08 05:51:38'),
(193, 67, '2018-12-11 17:29:23'),
(196, 33, '2018-12-12 16:59:56'),
(197, 74, '2018-12-12 17:30:02'),
(197, 76, '2018-12-12 17:30:02'),
(197, 77, '2018-12-12 17:30:02'),
(197, 82, '2018-12-12 17:30:02'),
(197, 86, '2018-12-12 17:30:02'),
(205, 60, '2018-12-17 19:00:00'),
(205, 66, '2018-12-17 19:00:00'),
(205, 67, '2018-12-17 19:00:00'),
(207, 34, '2018-12-17 23:26:58'),
(210, 67, '2018-12-19 02:48:37'),
(215, 60, '2019-01-02 20:45:27'),
(217, 60, '2019-01-02 21:10:06'),
(221, 62, '2019-01-04 22:15:19'),
(221, 64, '2019-01-04 22:15:19'),
(221, 66, '2019-01-04 22:15:19'),
(221, 68, '2019-01-04 22:15:19'),
(221, 201, '2019-01-04 22:15:19'),
(221, 202, '2019-01-04 22:15:19'),
(223, 66, '2019-01-11 17:03:15');

-- --------------------------------------------------------

--
-- Estructura de tabla para la tabla `pd_payments`
--

DROP TABLE IF EXISTS `pd_payments`;
CREATE TABLE `pd_payments` (
  `id_payment` int(10) UNSIGNED NOT NULL,
  `id_playdate` int(10) UNSIGNED DEFAULT NULL,
  `id_parent` int(10) UNSIGNED DEFAULT NULL,
  `id_specialist` int(10) UNSIGNED DEFAULT NULL,
  `amount_playdate` int(10) UNSIGNED NOT NULL DEFAULT '0',
  `amount_addons` int(10) UNSIGNED NOT NULL DEFAULT '0',
  `amount_paid` int(10) UNSIGNED NOT NULL DEFAULT '0',
  `status` int(10) UNSIGNED NOT NULL DEFAULT '0' COMMENT '0=pending, 1=completed, 3=partial',
  `name` varchar(255) NOT NULL,
  `comment` varchar(700) DEFAULT NULL,
  `idate` datetime NOT NULL,
  `udate` datetime DEFAULT NULL
) ENGINE=InnoDB DEFAULT CHARSET=utf8;

--
-- Volcado de datos para la tabla `pd_payments`
--

INSERT INTO `pd_payments` (`id_payment`, `id_playdate`, `id_parent`, `id_specialist`, `amount_playdate`, `amount_addons`, `amount_paid`, `status`, `name`, `comment`, `idate`, `udate`) VALUES
(6, 104, 22, NULL, 8000, 4000, 10000, 2, 'A Day At AMNH!', 'Reservation. No enough credit.', '2018-10-03 21:02:31', '2018-10-03 21:02:31'),
(30, 102, 7, NULL, 5400, 0, 5400, 1, 'Kidville Park Slope PJ Party', 'Reservation. Completed.', '2018-10-19 12:51:24', '2018-10-19 12:51:24'),
(54, 153, 113, NULL, 10800, 3000, 13800, 3, 'KV Union Square Pajama Party', 'Rolled back', '2018-10-30 21:49:59', '2018-11-02 17:03:21'),
(62, 153, 117, NULL, 5400, 1500, 6900, 3, 'KV Union Square Pajama Party', 'Rolled back', '2018-10-31 14:28:17', '2018-11-02 17:03:21'),
(63, NULL, NULL, 16, 100, 0, 100, 1, 'Test payment from admin', '', '2018-10-31 19:16:19', '2018-11-02 10:40:59'),
(64, 153, 121, NULL, 5400, 1500, 6900, 3, 'KV Union Square Pajama Party', 'Rolled back', '2018-11-01 19:25:48', '2018-11-02 17:03:21'),
(65, 153, 122, NULL, 5400, 1500, 6900, 3, 'KV Union Square Pajama Party', 'Rolled back', '2018-11-02 00:52:50', '2018-11-02 17:03:21'),
(69, NULL, NULL, 16, 100, 0, 100, 1, 'Test payment with description', '', '2018-11-02 10:55:28', '2018-11-02 10:55:35'),
(70, NULL, NULL, 16, 100, 0, 100, 1, 'Test from admin', '', '2018-11-02 10:57:51', '2018-11-02 10:57:59'),
(75, 153, 124, NULL, 10800, 3000, 13800, 3, 'KV Union Square Pajama Party', 'Rolled back', '2018-11-02 15:33:28', '2018-11-02 17:03:21'),
(76, 160, 20, NULL, 9450, 5600, 15050, 1, 'Wedding', 'Completed.', '2018-11-02 16:20:58', '2018-11-02 16:20:58'),
(77, 160, NULL, 43, 7500, 5600, 13100, 1, 'Wedding', '', '2018-11-02 16:20:58', '2018-11-07 17:34:27'),
(78, 153, 113, NULL, 6000, 3000, 9000, 1, 'KV Union Square Pajama Party', 'Completed.', '2018-11-02 17:03:21', '2018-11-02 17:03:21'),
(79, 153, 117, NULL, 3000, 1500, 4500, 1, 'KV Union Square Pajama Party', 'Completed.', '2018-11-02 17:03:21', '2018-11-02 17:03:21'),
(80, 153, 121, NULL, 3000, 1500, 4500, 1, 'KV Union Square Pajama Party', 'Completed.', '2018-11-02 17:03:21', '2018-11-02 17:03:21'),
(81, 153, 122, NULL, 3000, 1500, 4500, 1, 'KV Union Square Pajama Party', 'Completed.', '2018-11-02 17:03:21', '2018-11-02 17:03:21'),
(83, 153, 124, NULL, 6000, 3000, 9000, 1, 'KV Union Square Pajama Party', 'Completed.', '2018-11-02 17:03:21', '2018-11-02 17:03:21'),
(84, 153, NULL, 56, 10200, 15000, 25200, 1, 'KV Union Square Pajama Party', '', '2018-11-02 17:03:21', '2018-11-06 22:31:22'),
(85, 162, 117, NULL, 5400, 1500, 6900, 3, 'KV UES Drop Off Pajama Party', 'Rolled back', '2018-11-05 16:59:07', '2018-11-08 19:07:41'),
(86, 161, 20, NULL, 10800, 0, 10800, 1, 'Le District Color and Play', 'Completed.', '2018-11-05 22:28:19', '2018-11-05 22:28:19'),
(87, 161, NULL, 51, 7500, 0, 7500, 1, 'Le District Color and Play', '', '2018-11-05 22:28:19', '2018-11-07 16:51:16'),
(88, 165, 20, NULL, 21600, 2000, 23600, 1, 'Mock October ', 'Completed.', '2018-11-06 15:42:00', '2018-11-06 15:42:00'),
(89, 165, NULL, 45, 15000, 2000, 17000, 1, 'Mock October ', '', '2018-11-06 15:42:00', '2018-11-06 21:46:25'),
(90, 162, 128, NULL, 5400, 1500, 6900, 3, 'KV UES Drop Off Pajama Party', 'Rolled back', '2018-11-06 19:46:32', '2018-11-08 19:07:41'),
(91, 166, 113, NULL, 10800, 3000, 13800, 3, 'City Treehouse Pajama Party', 'Rolled back', '2018-11-06 20:04:40', '2018-11-15 22:31:52'),
(92, 162, 129, NULL, 5400, 1500, 6900, 3, 'KV UES Drop Off Pajama Party', 'Rolled back', '2018-11-06 20:54:33', '2018-11-08 19:07:41'),
(93, 162, 22, NULL, 5400, 1500, 6900, 3, 'KV UES Drop Off Pajama Party', 'Rolled back', '2018-11-06 20:56:27', '2018-11-08 19:07:41'),
(95, 162, 130, NULL, 5400, 1500, 6900, 3, 'KV UES Drop Off Pajama Party', 'Rolled back', '2018-11-06 23:18:53', '2018-11-08 19:07:41'),
(99, NULL, NULL, 51, 1500, 0, 1500, 1, 'Difference in Pay for October Payout', '', '2018-11-07 16:51:53', '2018-11-12 17:47:23'),
(100, NULL, NULL, 45, 3000, 0, 3000, 1, 'Difference in Pay for October Payout', '', '2018-11-07 16:54:04', '2018-11-09 21:01:11'),
(101, NULL, NULL, 49, 6900, 0, 6900, 1, 'Kidville Union Square Pajama Party as Support', '', '2018-11-07 19:39:56', '2018-11-09 20:59:34'),
(102, NULL, NULL, 38, 11825, 0, 11825, 1, '$63.25 LEAD 10/22, $55 10/17 20 Pine', '', '2018-11-07 22:41:08', '2018-11-09 21:01:57'),
(103, 162, 22, NULL, 3600, 1500, 5100, 1, 'KV UES Drop Off Pajama Party', 'Completed.', '2018-11-08 19:07:41', '2018-11-08 19:07:41'),
(104, 162, 117, NULL, 3600, 1500, 5100, 1, 'KV UES Drop Off Pajama Party', 'Completed.', '2018-11-08 19:07:41', '2018-11-08 19:07:41'),
(105, 162, 128, NULL, 3600, 1500, 5100, 1, 'KV UES Drop Off Pajama Party', 'Completed.', '2018-11-08 19:07:41', '2018-11-08 19:07:41'),
(106, 162, 129, NULL, 3600, 1500, 5100, 1, 'KV UES Drop Off Pajama Party', 'Completed.', '2018-11-08 19:07:41', '2018-11-08 19:07:41'),
(107, 162, 130, NULL, 3600, 1500, 5100, 1, 'KV UES Drop Off Pajama Party', 'Completed.', '2018-11-08 19:07:41', '2018-11-08 19:07:41'),
(108, 162, NULL, 42, 9600, 7500, 17100, 1, 'KV UES Drop Off Pajama Party', '', '2018-11-08 19:07:41', '2018-11-15 19:37:22'),
(109, 172, 20, NULL, 9450, 0, 9450, 1, 'Le District Halloween Event', 'Completed.', '2018-11-08 20:02:59', '2018-11-08 20:02:59'),
(110, 172, NULL, 37, 7500, 0, 7500, 1, 'Le District Halloween Event', '', '2018-11-08 20:02:59', '2018-11-08 21:34:29'),
(111, NULL, NULL, 37, 1500, 0, 1500, 1, 'Additional For Le District/Halloween', '', '2018-11-08 21:36:30', '2018-11-09 21:00:48'),
(114, NULL, NULL, 66, 7500, 0, 7500, 1, '10/29 Halloween Party', '', '2018-11-09 19:24:09', '2018-11-09 21:03:14'),
(115, NULL, NULL, 66, 3000, 0, 3000, 1, '10/29 Halloween Party SetUp', '', '2018-11-09 19:25:22', '2018-11-09 21:03:21'),
(116, NULL, NULL, 42, 18000, 0, 18000, 1, 'Le District 10/21 & 10/28 ($90 each day)', '', '2018-11-09 19:37:51', '2018-11-15 19:37:25'),
(118, NULL, NULL, 49, 9200, 0, 9200, 1, 'AHH 11/2 & 11/9 (2hrs x $23/hour = $46.00 x two days = $92.00)', '', '2018-11-09 20:52:43', '2018-11-09 20:53:14'),
(119, 179, 136, NULL, 3600, 500, 4100, 3, 'Mandarin Immersion for ELC!', 'Rolled back', '2018-11-12 16:10:15', '2018-11-19 15:27:24'),
(120, 179, 135, NULL, 3600, 500, 4100, 3, 'Mandarin Immersion for ELC!', 'Rolled back', '2018-11-12 17:53:25', '2018-11-19 15:27:24'),
(121, 179, 140, NULL, 3200, 500, 3700, 3, 'Mandarin Immersion for ELC!', 'Rolled back', '2018-11-13 03:55:11', '2018-11-19 15:27:24'),
(122, NULL, NULL, 45, 17875, 0, 17875, 1, ' ($10 October difference, $68.75 11/5 LEAD, $50 11/2 AHH, $50 11/9 AHH)', '', '2018-11-13 19:06:15', '2018-11-13 19:07:06'),
(125, 179, 112, NULL, 2400, 500, 2900, 3, 'Mandarin Immersion for ELC!', 'Rolled back', '2018-11-13 20:25:55', '2018-11-19 15:27:24'),
(127, 179, 145, NULL, 2400, 500, 2900, 3, 'Mandarin Immersion for ELC!', 'Rolled back', '2018-11-15 17:20:31', '2018-11-19 15:27:24'),
(128, 182, 20, NULL, 5400, 1500, 6900, 1, 'PJ @ KV Park Slope!', 'Reservation. Completed.', '2018-11-15 17:45:25', '2018-11-15 17:45:25'),
(129, 166, 113, NULL, 9450, 3000, 12450, 1, 'City Treehouse PJ!', 'Completed.', '2018-11-15 22:31:52', '2018-11-15 22:31:52'),
(130, 166, NULL, 42, 7500, 3000, 10500, 1, 'City Treehouse PJ!', '', '2018-11-15 22:31:52', '2018-11-15 22:34:40'),
(131, NULL, NULL, 45, 7500, 0, 7500, 1, 'Creative Steps 11/16 (2.5hrs x $30/hr)', '', '2018-11-16 21:49:35', '2018-11-16 21:50:52'),
(132, NULL, NULL, 38, 6250, 0, 6250, 1, 'Creative Steps 11/16 (2.5hrs x $25/hr)', '', '2018-11-16 21:51:35', '2018-11-16 21:51:50'),
(133, 179, 152, NULL, 2200, 500, 2700, 3, 'Mandarin Immersion for ELC!', 'Rolled back', '2018-11-16 23:22:08', '2018-11-19 15:27:24'),
(134, 179, 112, NULL, 2200, 500, 2700, 3, 'Mandarin Immersion for ELC!', 'Rolled back', '2018-11-19 15:27:24', '2018-12-17 15:27:37'),
(135, 179, 135, NULL, 2200, 500, 2700, 3, 'Mandarin Immersion for ELC!', 'Rolled back', '2018-11-19 15:27:24', '2018-12-17 15:27:37'),
(136, 179, 136, NULL, 2200, 500, 2700, 3, 'Mandarin Immersion for ELC!', 'Rolled back', '2018-11-19 15:27:24', '2018-12-17 15:27:37'),
(137, 179, 140, NULL, 2200, 500, 2700, 3, 'Mandarin Immersion for ELC!', 'Rolled back', '2018-11-19 15:27:24', '2018-12-17 15:27:37'),
(138, 179, 145, NULL, 2200, 500, 2700, 3, 'Mandarin Immersion for ELC!', 'Rolled back', '2018-11-19 15:27:24', '2018-12-17 15:27:37'),
(139, 179, 152, NULL, 2200, 500, 2700, 3, 'Mandarin Immersion for ELC!', 'Rolled back', '2018-11-19 15:27:24', '2018-12-17 15:27:37'),
(142, NULL, NULL, 50, 6900, 0, 6900, 1, 'KV UES 11/9', '', '2018-11-19 20:18:48', '2018-11-19 20:19:29'),
(143, NULL, NULL, 50, 6900, 0, 6900, 1, 'City Treehouse 11/10', '', '2018-11-19 20:19:13', '2018-11-19 20:19:37'),
(144, NULL, NULL, 49, 4600, 0, 4600, 1, 'AHH 11/16', '', '2018-11-20 15:34:37', '2018-11-20 15:34:50'),
(145, NULL, NULL, 45, 5000, 0, 5000, 1, 'AHH 11/16', '', '2018-11-20 15:35:49', '2018-11-20 15:36:25'),
(146, NULL, NULL, 45, 6875, 0, 6875, 1, 'LEAD 11/19', '', '2018-11-20 15:43:04', '2018-11-26 18:41:53'),
(147, NULL, NULL, 69, 7000, 0, 7000, 1, 'MANDARIN IMMERSION FOR ELC! ', '', '2018-11-21 17:27:26', '2018-11-26 16:20:32'),
(148, 185, 157, NULL, 10800, 3000, 13800, 3, 'PJ Party @ UWS KV!', 'Rolled back', '2018-11-26 18:34:21', '2018-12-07 13:32:29'),
(149, NULL, NULL, 45, 6875, 0, 6875, 1, 'LEAD 11/26', '', '2018-11-26 18:42:10', '2018-11-26 18:42:23'),
(150, NULL, NULL, 38, 6325, 0, 6325, 1, 'LEAD 11/26', '', '2018-11-26 18:42:52', '2018-11-26 18:43:29'),
(151, NULL, NULL, 45, 5000, 0, 5000, 1, '11/30 AHH', '', '2018-11-26 18:47:07', '2018-12-06 13:50:49'),
(152, NULL, NULL, 49, 4600, 0, 4600, 1, '11/30 AHH', '', '2018-11-26 18:47:26', '2018-12-07 17:20:16'),
(153, 192, 145, NULL, 3600, 300, 3900, 3, 'Mandarin Immersion for Avenues ELC', 'Rolled back', '2018-11-26 19:36:49', '2018-12-03 17:04:58'),
(154, 192, 112, NULL, 3600, 300, 3900, 3, 'Mandarin Immersion for Avenues ELC', 'Rolled back', '2018-11-26 19:52:54', '2018-12-03 17:04:58'),
(155, 192, 136, NULL, 3200, 300, 3500, 3, 'Mandarin Immersion for Avenues ELC', 'Rolled back', '2018-11-26 19:56:39', '2018-12-03 17:04:58'),
(156, 192, 135, NULL, 2400, 300, 2700, 3, 'Mandarin Immersion for Avenues ELC', 'Rolled back', '2018-11-26 21:06:35', '2018-12-03 17:04:58'),
(157, 192, 143, NULL, 2400, 300, 2700, 3, 'Mandarin Immersion for Avenues ELC', 'Rolled back', '2018-11-26 22:24:57', '2018-12-03 17:04:58'),
(158, 192, 149, NULL, 2200, 300, 2500, 3, 'Mandarin Immersion for Avenues ELC', 'Rolled back', '2018-11-27 00:17:11', '2018-12-03 17:04:58'),
(159, NULL, NULL, 28, 6250, 0, 6250, 1, '10/17 20 Pine Event (2.5hrs x $25/hr) ', '', '2018-11-27 21:04:25', '2018-11-27 21:04:38'),
(160, 185, 167, NULL, 7200, 3000, 10200, 3, 'PJ Party @ UWS KV!', 'Rolled back', '2018-11-29 22:04:47', '2018-12-07 13:32:29'),
(161, 185, 165, NULL, 6600, 3000, 9600, 3, 'PJ Party @ UWS KV!', 'Rolled back', '2018-11-30 00:24:40', '2018-12-07 13:32:29'),
(162, 192, 112, NULL, 2200, 300, 2500, 3, 'Mandarin Immersion for Avenues ELC', 'Rolled back', '2018-12-03 17:04:58', '2018-12-17 15:31:44'),
(163, 192, 135, NULL, 2200, 300, 2500, 3, 'Mandarin Immersion for Avenues ELC', 'Rolled back', '2018-12-03 17:04:58', '2018-12-17 15:31:44'),
(164, 192, 136, NULL, 2200, 300, 2500, 3, 'Mandarin Immersion for Avenues ELC', 'Rolled back', '2018-12-03 17:04:58', '2018-12-17 15:31:44'),
(165, 192, 143, NULL, 2200, 300, 2500, 3, 'Mandarin Immersion for Avenues ELC', 'Rolled back', '2018-12-03 17:04:58', '2018-12-17 15:31:44'),
(166, 192, 145, NULL, 2200, 300, 2500, 3, 'Mandarin Immersion for Avenues ELC', 'Rolled back', '2018-12-03 17:04:58', '2018-12-17 15:31:44'),
(167, 192, 149, NULL, 2200, 300, 2500, 3, 'Mandarin Immersion for Avenues ELC', 'Rolled back', '2018-12-03 17:04:58', '2018-12-17 15:31:44'),
(169, NULL, NULL, 69, 7000, 0, 7000, 1, 'Sunday, December 2nd, Mandarin Playdate ELC', '', '2018-12-03 17:14:27', '2018-12-17 15:31:19'),
(170, 204, 113, NULL, 10800, 3000, 13800, 3, 'City Treehouse PJ Party!', 'Rolled back', '2018-12-04 17:08:32', '2018-12-18 20:42:17'),
(171, NULL, NULL, 70, 4600, 0, 4600, 1, 'Mandarin Immersion, December 2nd 2018, Support', '', '2018-12-04 20:53:55', '2018-12-17 15:36:48'),
(172, 203, 181, NULL, 10800, 3000, 13800, 3, 'KV UnSq PJ Party!', 'Rolled back', '2018-12-06 18:20:59', '2018-12-10 18:11:03'),
(173, 199, 181, NULL, 10800, 5000, 15800, 3, 'Open Play @ KV Gold!', 'Rolled back', '2018-12-06 18:54:41', '2018-12-10 23:21:45'),
(174, 185, 157, NULL, 5775, 3000, 8775, 1, 'PJ Party @ UWS KV!', 'Completed.', '2018-12-07 13:32:29', '2018-12-07 13:32:29'),
(175, 185, 165, NULL, 5775, 3000, 8775, 1, 'PJ Party @ UWS KV!', 'Completed.', '2018-12-07 13:32:29', '2018-12-07 13:32:29'),
(176, 185, 167, NULL, 5775, 3000, 8775, 1, 'PJ Party @ UWS KV!', 'Completed.', '2018-12-07 13:32:29', '2018-12-07 13:32:29'),
(178, NULL, NULL, 40, 9600, 0, 9600, 1, '11/30 PJ Party @ UWS KV', '', '2018-12-07 13:54:56', '2018-12-07 13:55:11'),
(179, 199, 184, NULL, 4800, 2500, 7300, 3, 'Open Play @ KV Gold!', 'Rolled back', '2018-12-07 14:55:55', '2018-12-10 23:21:45'),
(180, 202, 117, NULL, 5400, 1500, 6900, 3, 'KV UES PJ Party!', 'Rolled back', '2018-12-07 17:02:47', '2018-12-18 21:24:03'),
(181, 203, 120, NULL, 7200, 3000, 10200, 3, 'KV UnSq PJ Party!', 'Rolled back', '2018-12-07 18:26:47', '2018-12-10 18:11:03'),
(182, 203, 186, NULL, 3600, 1500, 5100, 3, 'KV UnSq PJ Party!', 'Rolled back', '2018-12-07 22:18:57', '2018-12-10 18:11:03'),
(183, 203, 188, NULL, 3300, 1500, 4800, 3, 'KV UnSq PJ Party!', 'Rolled back', '2018-12-07 22:36:20', '2018-12-10 18:11:03'),
(184, 203, 187, NULL, 3000, 1500, 4500, 3, 'KV UnSq PJ Party!', 'Rolled back', '2018-12-07 22:40:35', '2018-12-10 18:11:03'),
(185, 204, 185, NULL, 7200, 3000, 10200, 3, 'City Treehouse PJ Party!', 'Rolled back', '2018-12-07 23:00:52', '2018-12-18 20:42:16'),
(186, 204, 189, NULL, 3600, 1500, 5100, 3, 'City Treehouse PJ Party!', 'Rolled back', '2018-12-08 17:34:37', '2018-12-18 20:42:16'),
(187, 202, 129, NULL, 5400, 1500, 6900, 3, 'KV UES PJ Party!', 'Rolled back', '2018-12-09 13:53:17', '2018-12-18 21:24:03'),
(188, 205, 145, NULL, 3600, 300, 3900, 1, 'Mandarin Immersion for Avenues ELC', 'Reservation. Completed.', '2018-12-09 15:50:06', '2018-12-09 15:50:06'),
(189, NULL, NULL, 34, 24000, 0, 24000, 1, 'CSC 11/4, 11/18, 12/2', '', '2018-12-10 17:51:08', '2018-12-10 17:52:54'),
(190, 203, 120, NULL, 5250, 3000, 8250, 1, 'KV UnSq PJ Party!', 'Completed.', '2018-12-10 18:11:03', '2018-12-10 18:11:03'),
(191, 203, 181, NULL, 5250, 3000, 8250, 1, 'KV UnSq PJ Party!', 'Completed.', '2018-12-10 18:11:03', '2018-12-10 18:11:03'),
(192, 203, 186, NULL, 3000, 1500, 4500, 1, 'KV UnSq PJ Party!', 'Completed.', '2018-12-10 18:11:03', '2018-12-10 18:11:03'),
(193, 203, 187, NULL, 3000, 1500, 4500, 1, 'KV UnSq PJ Party!', 'Completed.', '2018-12-10 18:11:03', '2018-12-10 18:11:03'),
(194, 203, 188, NULL, 3000, 1500, 4500, 1, 'KV UnSq PJ Party!', 'Completed.', '2018-12-10 18:11:03', '2018-12-10 18:11:03'),
(196, 205, 136, NULL, 3600, 300, 3900, 1, 'Mandarin Immersion for Avenues ELC', 'Reservation. Completed.', '2018-12-10 21:42:58', '2018-12-10 21:42:58'),
(197, NULL, NULL, 27, 19000, 0, 19000, 1, '10/29 Halloween Party + Setup', '', '2018-12-10 22:04:39', '2018-12-10 22:04:55'),
(198, NULL, NULL, 40, 9600, 0, 9600, 1, '12/8 City Treehouse PJ', '', '2018-12-10 22:44:11', '2018-12-10 22:44:22'),
(199, NULL, NULL, 50, 6900, 0, 6900, 1, '12/7 KV UnSq PJ ', '', '2018-12-10 23:02:43', '2018-12-10 23:03:02'),
(200, NULL, NULL, 50, 6900, 0, 6900, 1, '12/8 City Treehouse PJ', '', '2018-12-10 23:02:54', '2018-12-10 23:03:07'),
(201, NULL, NULL, 50, 6900, 0, 6900, 1, '11/30 PJ Party @ UWS KV', '', '2018-12-10 23:04:30', '2018-12-10 23:04:41'),
(202, 199, 181, NULL, 8400, 5000, 13400, 3, 'Open Play @ KV Gold!', 'Rolled back', '2018-12-10 23:21:45', '2018-12-11 16:30:26'),
(203, 199, 184, NULL, 4800, 2500, 7300, 3, 'Open Play @ KV Gold!', 'Rolled back', '2018-12-10 23:21:45', '2018-12-11 16:30:26'),
(205, NULL, NULL, 28, 9000, 0, 9000, 1, '12/7 Open Play @ KV Gold!', '', '2018-12-10 23:23:26', '2018-12-10 23:23:34'),
(206, NULL, NULL, 52, 10200, 0, 10200, 1, 'KV UnSq 12/7', '', '2018-12-11 15:25:35', '2018-12-11 15:26:28'),
(207, 205, 143, NULL, 3200, 300, 3500, 1, 'Mandarin Immersion for Avenues ELC', 'Reservation. Completed.', '2018-12-11 16:12:19', '2018-12-11 16:12:19'),
(208, 199, 181, NULL, 8400, 5000, 13400, 1, 'Open Play @ KV Gold!', 'Completed.', '2018-12-11 16:30:26', '2018-12-11 16:30:26'),
(209, 199, 184, NULL, 4800, 2500, 7300, 1, 'Open Play @ KV Gold!', 'Completed.', '2018-12-11 16:30:26', '2018-12-11 16:30:26'),
(212, NULL, 20, NULL, 0, 0, 0, 1, '[Charge] Pulling Credits TEST - 12/12', 'Pulling Credits TEST - 12/12 Completed.', '2018-12-12 21:21:08', '2018-12-12 21:21:08'),
(213, NULL, 20, NULL, 0, 0, 0, 1, '[Charge] Pulling Credits TEST 2 - 12/12', 'Pulling Credits TEST 2 - 12/12 Completed.', '2018-12-12 21:22:53', '2018-12-12 21:22:53'),
(215, 208, 108, NULL, 500, 0, 500, 1, '[Cancellation] Mickey Museum Tour!', 'Cancellation fee. Completed.', '2018-12-12 23:23:53', '2018-12-12 23:23:53'),
(216, 154, NULL, 56, 0, 0, 0, 0, 'Support in CMA Imagination Nation', 'Support in CMA Imagination Nation', '2018-12-13 16:32:19', NULL),
(217, 211, 20, NULL, 14400, 0, 14400, 3, 'Test Generate Support', 'Rolled back', '2018-12-13 16:44:37', '2018-12-13 17:24:41'),
(218, 211, 22, NULL, 6600, 0, 6600, 3, 'Test Generate Support', 'Rolled back', '2018-12-13 16:57:38', '2018-12-13 17:24:41'),
(219, 211, 20, NULL, 12375, 0, 12375, 1, 'Test Generate Support', 'Completed.', '2018-12-13 17:24:41', '2018-12-13 17:24:41'),
(220, 211, 22, NULL, 5775, 0, 5775, 1, 'Test Generate Support', 'Completed.', '2018-12-13 17:24:41', '2018-12-13 17:24:41'),
(221, 211, NULL, 16, 9600, 0, 0, 0, 'Test Generate Support', '', '2018-12-13 17:24:41', NULL),
(222, 211, NULL, 56, 6900, 0, 0, 0, 'Support in Test Generate Support', 'Support in Test Generate Support', '2018-12-13 17:24:45', NULL),
(223, NULL, NULL, 45, 5000, 0, 5000, 1, '12/7 AHH', '', '2018-12-13 18:40:51', '2018-12-13 18:41:00'),
(224, NULL, NULL, 49, 4600, 0, 4600, 1, '12/7 AHH', '', '2018-12-13 18:41:17', '2018-12-13 18:41:24'),
(225, 212, 22, NULL, 7200, 0, 7200, 1, 'Midday CMA!', 'Reservation. Completed.', '2018-12-13 21:51:45', '2018-12-13 21:51:45'),
(226, 212, 20, NULL, 7200, 0, 7200, 1, 'Midday CMA!', 'Reservation. Completed.', '2018-12-13 21:54:12', '2018-12-13 21:54:12'),
(228, 202, 22, NULL, 500, 0, 500, 3, '[Cancellation] KV UES PJ Party!', 'Rolled back', '2018-12-13 22:39:17', '2018-12-18 21:24:03'),
(229, NULL, 108, NULL, 1000, 0, 1000, 1, '[Charge] Deduction Test', 'Deduction Test Completed.', '2018-12-14 05:56:59', '2018-12-14 05:56:59'),
(230, NULL, 20, NULL, 500, 0, 500, 1, '[Charge] Testing Testing', 'Testing Testing Completed.', '2018-12-14 18:05:11', '2018-12-14 18:05:11'),
(234, 200, 20, NULL, 500, 0, 500, 1, '[Cancellation] \"Eve\" Eve CMOM Tour! ', 'Cancellation fee. Completed.', '2018-12-14 20:32:21', '2018-12-14 20:32:21'),
(235, NULL, NULL, 45, 5000, 0, 5000, 1, 'AHH 12/14', '', '2018-12-17 15:22:33', '2018-12-17 15:22:42'),
(236, NULL, NULL, 49, 4600, 0, 4600, 1, 'AHH 12/14', '', '2018-12-17 15:23:01', '2018-12-17 15:23:06'),
(237, 179, 112, NULL, 2200, 500, 2700, 1, 'Mandarin Immersion for ELC!', 'Completed.', '2018-12-17 15:27:37', '2018-12-17 15:27:37'),
(238, 179, 135, NULL, 2200, 500, 2700, 1, 'Mandarin Immersion for ELC!', 'Completed.', '2018-12-17 15:27:37', '2018-12-17 15:27:37'),
(239, 179, 136, NULL, 2200, 500, 2700, 1, 'Mandarin Immersion for ELC!', 'Completed.', '2018-12-17 15:27:37', '2018-12-17 15:27:37'),
(240, 179, 140, NULL, 2200, 500, 2700, 1, 'Mandarin Immersion for ELC!', 'Completed.', '2018-12-17 15:27:37', '2018-12-17 15:27:37'),
(241, 179, 145, NULL, 2200, 500, 2700, 1, 'Mandarin Immersion for ELC!', 'Completed.', '2018-12-17 15:27:37', '2018-12-17 15:27:37'),
(242, 179, 152, NULL, 2200, 500, 2700, 1, 'Mandarin Immersion for ELC!', 'Completed.', '2018-12-17 15:27:37', '2018-12-17 15:27:37'),
(243, 179, NULL, 69, 6400, 3000, 0, 0, 'Mandarin Immersion for ELC!', '', '2018-12-17 15:27:37', NULL),
(244, 179, NULL, 56, 4600, 0, 0, 0, 'Support in Mandarin Immersion for ELC!', 'Support in Mandarin Immersion for ELC!', '2018-12-17 15:28:15', NULL),
(246, 192, 112, NULL, 2200, 300, 2500, 1, 'Mandarin Immersion for Avenues ELC', 'Completed.', '2018-12-17 15:31:44', '2018-12-17 15:31:44'),
(247, 192, 135, NULL, 2200, 300, 2500, 1, 'Mandarin Immersion for Avenues ELC', 'Completed.', '2018-12-17 15:31:44', '2018-12-17 15:31:44'),
(248, 192, 136, NULL, 2200, 300, 2500, 1, 'Mandarin Immersion for Avenues ELC', 'Completed.', '2018-12-17 15:31:44', '2018-12-17 15:31:44'),
(249, 192, 143, NULL, 2200, 300, 2500, 1, 'Mandarin Immersion for Avenues ELC', 'Completed.', '2018-12-17 15:31:44', '2018-12-17 15:31:44'),
(250, 192, 145, NULL, 2200, 300, 2500, 1, 'Mandarin Immersion for Avenues ELC', 'Completed.', '2018-12-17 15:31:44', '2018-12-17 15:31:44'),
(251, 192, 149, NULL, 2200, 300, 2500, 1, 'Mandarin Immersion for Avenues ELC', 'Completed.', '2018-12-17 15:31:44', '2018-12-17 15:31:44'),
(252, 192, NULL, 69, 6400, 1800, 0, 0, 'Mandarin Immersion for Avenues ELC', '', '2018-12-17 15:31:44', NULL),
(253, 192, NULL, 70, 4600, 0, 4600, 1, 'Support in Mandarin Immersion for Avenues ELC', 'Support in Mandarin Immersion for Avenues ELC', '2018-12-17 15:31:46', '2018-12-17 15:36:43'),
(254, 201, 185, NULL, 10800, 3000, 13800, 3, 'KV Park Slope PJ!', 'Rolled back', '2018-12-17 16:25:45', '2018-12-28 17:48:59'),
(256, 207, 20, NULL, 500, 0, 500, 1, '[Cancellation] Movie @ Great Room!', 'Cancellation fee. Completed.', '2018-12-17 16:53:41', '2018-12-17 16:53:41'),
(257, 215, 205, NULL, 3600, 300, 3900, 3, 'Mandarin Immersion at 20 Pine St', 'Rolled back', '2018-12-17 19:10:53', '2018-12-28 17:55:49'),
(258, 201, 168, NULL, 7200, 3000, 10200, 3, 'KV Park Slope PJ!', 'Rolled back', '2018-12-18 19:36:57', '2018-12-28 17:48:59'),
(259, 204, 113, NULL, 6300, 3000, 9300, 3, 'City Treehouse PJ Party!', 'Rolled back', '2018-12-18 20:42:17', '2018-12-19 22:12:27'),
(260, 204, 185, NULL, 6300, 3000, 9300, 3, 'City Treehouse PJ Party!', 'Rolled back', '2018-12-18 20:42:17', '2018-12-19 22:12:27'),
(261, 204, 189, NULL, 3600, 1500, 5100, 3, 'City Treehouse PJ Party!', 'Rolled back', '2018-12-18 20:42:17', '2018-12-19 22:12:27'),
(263, 202, 117, NULL, 5400, 1500, 6900, 1, 'KV UES PJ Party!', 'Completed.', '2018-12-18 21:24:03', '2018-12-18 21:24:03'),
(264, 202, 129, NULL, 5400, 1500, 6900, 1, 'KV UES PJ Party!', 'Completed.', '2018-12-18 21:24:03', '2018-12-18 21:24:03'),
(265, 202, NULL, 50, 7500, 3000, 0, 0, 'KV UES PJ Party!', '', '2018-12-18 21:24:03', NULL),
(266, 215, 210, NULL, 3600, 300, 3900, 3, 'Mandarin Immersion at 20 Pine St', 'Rolled back', '2018-12-19 02:57:20', '2018-12-28 17:55:49'),
(268, 217, 20, NULL, 14400, 0, 14400, 1, 'Nicole and Zoe Test Playdate', 'Reservation. Completed.', '2018-12-19 22:01:49', '2018-12-19 22:01:49'),
(269, 204, 113, NULL, 6300, 3000, 9300, 1, 'City Treehouse PJ Party!', 'Completed.', '2018-12-19 22:12:27', '2018-12-19 22:12:27'),
(270, 204, 185, NULL, 6300, 3000, 9300, 1, 'City Treehouse PJ Party!', 'Completed.', '2018-12-19 22:12:27', '2018-12-19 22:12:27'),
(271, 204, 189, NULL, 3600, 1500, 5100, 1, 'City Treehouse PJ Party!', 'Completed.', '2018-12-19 22:12:27', '2018-12-19 22:12:27'),
(272, 204, NULL, 40, 9600, 7500, 0, 0, 'City Treehouse PJ Party!', '', '2018-12-19 22:12:27', NULL),
(273, 208, 20, NULL, 500, 0, 500, 1, '[Cancellation] Mickey Museum Tour!', 'Cancellation fee. Completed.', '2018-12-19 22:12:36', '2018-12-19 22:12:36'),
(274, 217, 107, NULL, 12000, 0, 12000, 1, 'Nicole and Zoe Test Playdate', 'Reservation. Completed.', '2018-12-19 23:08:29', '2018-12-19 23:08:29'),
(275, 206, 27, NULL, 14400, 1400, 15800, 3, 'Science and Fun!', 'Rolled back', '2018-12-20 17:27:23', '2018-12-28 17:54:34'),
(276, 220, 20, NULL, 22500, 4000, 26500, 1, 'CSL Party Play PJ', 'Reservation. Completed.', '2018-12-21 16:29:05', '2018-12-21 16:29:05'),
(277, 215, 201, NULL, 3200, 300, 3500, 3, 'Mandarin Immersion at 20 Pine St', 'Rolled back', '2018-12-25 19:38:07', '2018-12-28 17:55:49'),
(278, 215, 182, NULL, 2400, 300, 2700, 3, 'Mandarin Immersion at 20 Pine St', 'Rolled back', '2018-12-27 01:10:23', '2018-12-28 17:55:49'),
(279, 215, 199, NULL, 2400, 300, 2700, 3, 'Mandarin Immersion at 20 Pine St', 'Rolled back', '2018-12-27 06:21:11', '2018-12-28 17:55:49'),
(280, NULL, NULL, 45, 5000, 0, 5000, 1, 'AHH 12/21', '', '2018-12-27 19:54:02', '2018-12-27 19:54:12'),
(281, NULL, NULL, 37, 4600, 0, 4600, 1, 'AHH 12/21', '', '2018-12-27 19:54:31', '2018-12-27 19:54:38'),
(282, 201, NULL, 40, 0, 0, 0, 0, 'Support in KV Park Slope PJ!', 'Support in KV Park Slope PJ!', '2018-12-28 17:48:57', NULL),
(283, 201, 168, NULL, 6300, 3000, 9300, 1, 'KV Park Slope PJ!', 'Completed.', '2018-12-28 17:48:59', '2018-12-28 17:48:59'),
(284, 201, 185, NULL, 6300, 3000, 9300, 1, 'KV Park Slope PJ!', 'Completed.', '2018-12-28 17:48:59', '2018-12-28 17:48:59'),
(285, 201, NULL, 42, 9000, 6000, 0, 0, 'KV Park Slope PJ!', '', '2018-12-28 17:48:59', NULL),
(286, NULL, NULL, 42, 7500, 0, 7500, 1, '12/21 KV Park Slope PJ', '', '2018-12-28 17:51:50', '2018-12-28 17:54:06'),
(287, NULL, NULL, 40, 6900, 0, 6900, 1, '12/21 KV Park Slope PJ', '', '2018-12-28 17:53:30', '2018-12-28 17:53:48'),
(288, 206, 27, NULL, 12600, 1400, 14000, 1, 'Science and Fun!', 'Completed.', '2018-12-28 17:54:34', '2018-12-28 17:54:34'),
(289, 206, NULL, 27, 10000, 1400, 11400, 1, 'Science and Fun!', '', '2018-12-28 17:54:34', '2018-12-28 17:54:51'),
(290, 215, 182, NULL, 2400, 300, 2700, 1, 'Mandarin Immersion at 20 Pine St', 'Completed.', '2018-12-28 17:55:49', '2018-12-28 17:55:49'),
(291, 215, 199, NULL, 2400, 300, 2700, 1, 'Mandarin Immersion at 20 Pine St', 'Completed.', '2018-12-28 17:55:49', '2018-12-28 17:55:49'),
(292, 215, 201, NULL, 2400, 300, 2700, 1, 'Mandarin Immersion at 20 Pine St', 'Completed.', '2018-12-28 17:55:49', '2018-12-28 17:55:49'),
(293, 215, 205, NULL, 2400, 300, 2700, 1, 'Mandarin Immersion at 20 Pine St', 'Completed.', '2018-12-28 17:55:49', '2018-12-28 17:55:49'),
(294, 215, 210, NULL, 2400, 300, 2700, 1, 'Mandarin Immersion at 20 Pine St', 'Completed.', '2018-12-28 17:55:49', '2018-12-28 17:55:49'),
(295, 215, NULL, 69, 6400, 1500, 7900, 1, 'Mandarin Immersion at 20 Pine St', '', '2018-12-28 17:55:49', '2018-12-28 17:56:41'),
(297, NULL, NULL, 28, 1660, 0, 1660, 1, '12/26 SFF Playgroup ($25/hr x 6hrs= $150- $133.40 in unspent activity budget ($195) pre-sent via venmo= $16.60 owed on playdate)', '', '2018-12-28 18:16:09', '2018-12-28 18:16:16'),
(299, NULL, NULL, 51, 6900, 0, 6900, 1, 'KV UES 10/12', '', '2018-12-29 15:47:04', '2019-01-03 02:51:48'),
(300, 226, 145, NULL, 3600, 0, 3600, 3, '1/6 Mandarin Immersion For Avenues ELC', 'Rolled back', '2019-01-02 16:31:43', '2019-01-08 06:34:50'),
(301, NULL, NULL, 70, 39740, 0, 39740, 1, '12/31 NYE (7hrsx $50/hr = $350 + supply reimbursement of $47.40= $397.40)', '', '2019-01-02 16:48:20', '2019-01-02 16:50:47'),
(302, 224, 113, NULL, 9450, 3000, 12450, 3, 'PJ @ KV UnSq!', 'Rolled back', '2019-01-02 21:51:41', '2019-01-07 22:40:04'),
(303, 226, 112, NULL, 3600, 0, 3600, 3, '1/6 Mandarin Immersion For Avenues ELC', 'Rolled back', '2019-01-02 23:04:46', '2019-01-08 06:34:50'),
(304, 226, 135, NULL, 3200, 0, 3200, 3, '1/6 Mandarin Immersion For Avenues ELC', 'Rolled back', '2019-01-03 02:49:03', '2019-01-08 06:34:50'),
(305, NULL, NULL, 50, 7500, 0, 7500, 1, 'KV UES 12/14', '', '2019-01-03 16:27:00', '2019-01-03 16:27:08'),
(306, 224, 181, NULL, 6300, 3000, 9300, 3, 'PJ @ KV UnSq!', 'Rolled back', '2019-01-03 17:05:31', '2019-01-07 22:40:04'),
(308, NULL, NULL, 50, 1000, 0, 1000, 1, 'PJ Supplies (KV UES 12/14)', '', '2019-01-03 18:42:07', '2019-01-03 18:42:14'),
(310, 228, 219, NULL, 5400, 1500, 6900, 3, 'PJ @ KV UES!', 'Rolled back', '2019-01-04 02:06:01', '2019-01-12 03:33:03'),
(311, 224, 120, NULL, 5775, 3000, 8775, 3, 'PJ @ KV UnSq!', 'Rolled back', '2019-01-04 02:47:57', '2019-01-07 22:40:04'),
(312, 224, 221, NULL, 5250, 3000, 8250, 3, 'PJ @ KV UnSq!', 'Rolled back', '2019-01-04 22:27:58', '2019-01-07 22:40:04'),
(314, 236, 20, NULL, 13200, 0, 13200, 1, 'Minimum Kids TEST', 'Reservation. Completed.', '2019-01-07 18:01:09', '2019-01-07 18:01:09'),
(315, 228, 128, NULL, 3600, 1500, 5100, 3, 'PJ @ KV UES!', 'Rolled back', '2019-01-07 18:02:54', '2019-01-12 03:33:03'),
(316, 224, 113, NULL, 5250, 3000, 8250, 1, 'PJ @ KV UnSq!', 'Completed.', '2019-01-07 22:40:04', '2019-01-07 22:40:04'),
(317, 224, 120, NULL, 5250, 3000, 8250, 1, 'PJ @ KV UnSq!', 'Completed.', '2019-01-07 22:40:04', '2019-01-07 22:40:04'),
(318, 224, 181, NULL, 5250, 3000, 8250, 1, 'PJ @ KV UnSq!', 'Completed.', '2019-01-07 22:40:04', '2019-01-07 22:40:04'),
(319, 224, 221, NULL, 5250, 3000, 8250, 1, 'PJ @ KV UnSq!', 'Completed.', '2019-01-07 22:40:04', '2019-01-07 22:40:04'),
(320, 224, NULL, 45, 10200, 12000, 0, 0, 'PJ @ KV UnSq!', '', '2019-01-07 22:40:04', NULL),
(321, 224, NULL, 71, 6900, 0, 6900, 1, 'Support in PJ @ KV UnSq!', 'Support in PJ @ KV UnSq!', '2019-01-07 22:40:09', '2019-01-08 20:49:36'),
(322, NULL, NULL, 45, 10200, 0, 10200, 1, 'KV UnSq 1/4', '', '2019-01-07 22:43:59', '2019-01-07 22:44:07'),
(323, 228, 130, NULL, 3600, 1500, 5100, 3, 'PJ @ KV UES!', 'Rolled back', '2019-01-08 02:10:08', '2019-01-12 03:33:03'),
(324, 228, 129, NULL, 3300, 1500, 4800, 3, 'PJ @ KV UES!', 'Rolled back', '2019-01-08 03:09:13', '2019-01-12 03:33:03'),
(325, 226, 112, NULL, 3200, 0, 3200, 1, '1/6 Mandarin Immersion For Avenues ELC', 'Completed.', '2019-01-08 06:34:50', '2019-01-08 06:34:50'),
(326, 226, 135, NULL, 3200, 0, 3200, 1, '1/6 Mandarin Immersion For Avenues ELC', 'Completed.', '2019-01-08 06:34:50', '2019-01-08 06:34:50'),
(327, 226, 145, NULL, 3200, 0, 3200, 1, '1/6 Mandarin Immersion For Avenues ELC', 'Completed.', '2019-01-08 06:34:50', '2019-01-08 06:34:50'),
(328, 226, NULL, 69, 6000, 0, 6000, 1, '1/6 Mandarin Immersion For Avenues ELC', '', '2019-01-08 06:34:50', '2019-01-10 22:10:45'),
(329, 228, 132, NULL, 3000, 1500, 4500, 3, 'PJ @ KV UES!', 'Rolled back', '2019-01-08 14:39:18', '2019-01-12 03:33:03'),
(330, 228, 117, NULL, 3000, 1500, 4500, 3, 'PJ @ KV UES!', 'Rolled back', '2019-01-08 15:40:56', '2019-01-12 03:33:03'),
(331, 228, 22, NULL, 500, 0, 500, 3, '[Cancellation] PJ @ KV UES!', 'Rolled back', '2019-01-08 16:17:37', '2019-01-12 03:33:03'),
(332, 235, 112, NULL, 3600, 300, 3900, 1, 'Mandarin Immersion for Avenues ELC', 'Reservation. Completed.', '2019-01-08 17:45:29', '2019-01-08 17:45:29'),
(333, 211, NULL, 56, 6900, 0, 0, 0, 'Support in Test Generate Support', 'Support in Test Generate Support', '2019-01-09 06:19:37', NULL),
(334, 192, NULL, 70, 4600, 0, 4600, 1, 'Support in Mandarin Immersion for Avenues ELC', 'Support in Mandarin Immersion for Avenues ELC', '2019-01-09 06:26:57', '2019-01-10 22:22:29'),
(335, 179, NULL, 56, 4600, 0, 0, 0, 'Support in Mandarin Immersion for ELC!', 'Support in Mandarin Immersion for ELC!', '2019-01-09 06:38:22', NULL),
(336, 185, NULL, 50, 6900, 0, 0, 0, 'Support in PJ Party @ UWS KV!', 'Support in PJ Party @ UWS KV!', '2019-01-09 06:40:37', NULL),
(337, 212, NULL, 16, 4600, 0, 0, 0, 'Support in Midday CMA!', 'Support in Midday CMA!', '2019-01-09 06:48:28', NULL),
(338, 201, NULL, 40, 0, 0, 0, 0, 'Support in KV Park Slope PJ!', 'Support in KV Park Slope PJ!', '2019-01-09 07:03:14', NULL),
(339, NULL, NULL, 42, 19089, 0, 19089, 1, 'Seaport Playdate 12/27 ($32/hr x 5 hrs + reimbursement of $30.89)', '', '2019-01-10 19:10:06', '2019-01-10 19:10:25'),
(340, NULL, NULL, 42, 6325, 0, 6325, 1, '11/5 LEAD Support', '', '2019-01-10 19:13:41', '2019-01-10 19:13:50'),
(341, 224, NULL, 71, 6900, 0, 0, 0, 'Support in PJ @ KV UnSq!', 'Support in PJ @ KV UnSq!', '2019-01-11 05:26:38', NULL),
(342, NULL, NULL, 45, 5000, 0, 5000, 1, 'AHH 1/11', '', '2019-01-11 18:45:42', '2019-01-11 18:45:55'),
(343, NULL, NULL, 45, 986, 0, 986, 1, 'AHH 1/11 CAR REIMBURSEMENT', '', '2019-01-11 18:46:18', '2019-01-11 18:46:27'),
(344, 229, 113, NULL, 9450, 3000, 12450, 1, 'PJ @ City T.H!', 'Reservation. Completed.', '2019-01-11 19:43:36', '2019-01-11 19:43:36'),
(345, 228, 222, NULL, 3000, 1500, 4500, 3, 'PJ @ KV UES!', 'Rolled back', '2019-01-11 21:23:30', '2019-01-12 03:33:03'),
(346, 228, 117, NULL, 3000, 1500, 4500, 1, 'PJ @ KV UES!', 'Completed.', '2019-01-12 03:33:03', '2019-01-12 03:33:03'),
(347, 228, 128, NULL, 3000, 1500, 4500, 1, 'PJ @ KV UES!', 'Completed.', '2019-01-12 03:33:03', '2019-01-12 03:33:03'),
(348, 228, 129, NULL, 3000, 1500, 4500, 1, 'PJ @ KV UES!', 'Completed.', '2019-01-12 03:33:03', '2019-01-12 03:33:03'),
(349, 228, 130, NULL, 3000, 1500, 4500, 1, 'PJ @ KV UES!', 'Completed.', '2019-01-12 03:33:03', '2019-01-12 03:33:03'),
(350, 228, 132, NULL, 3000, 1500, 4500, 1, 'PJ @ KV UES!', 'Completed.', '2019-01-12 03:33:03', '2019-01-12 03:33:03'),
(351, 228, 219, NULL, 3000, 1500, 4500, 1, 'PJ @ KV UES!', 'Completed.', '2019-01-12 03:33:03', '2019-01-12 03:33:03'),
(352, 228, 222, NULL, 3000, 1500, 4500, 1, 'PJ @ KV UES!', 'Completed.', '2019-01-12 03:33:03', '2019-01-12 03:33:03'),
(353, 228, NULL, 42, 10200, 10500, 0, 0, 'PJ @ KV UES!', '', '2019-01-12 03:33:03', NULL),
(354, NULL, NULL, 42, 10200, 0, 0, 0, 'KV UES PJ 1/11', '', '2019-01-12 03:44:16', NULL),
(355, NULL, NULL, 52, 6900, 0, 6900, 1, 'KV UES PJ 1/11', '', '2019-01-12 03:46:36', '2019-01-12 03:46:43'),
(356, NULL, NULL, 28, 10200, 0, 10200, 1, '20 Pine St PJ 1/11', '', '2019-01-12 03:52:18', '2019-01-12 03:52:25'),
(357, NULL, NULL, 45, 6900, 0, 6900, 1, '20 Pine St PJ 1/11', '', '2019-01-12 03:52:45', '2019-01-12 03:52:53'),
(358, NULL, NULL, 40, 6900, 0, 6900, 1, '20 Pine St PJ 1/11', '', '2019-01-12 03:53:07', '2019-01-12 03:53:30'),
(359, 229, 185, NULL, 6300, 3000, 9300, 1, 'PJ @ City T.H!', 'Reservation. Completed.', '2019-01-12 17:43:58', '2019-01-12 17:43:58');

-- --------------------------------------------------------

--
-- Estructura de tabla para la tabla `pd_playdates`
--

DROP TABLE IF EXISTS `pd_playdates`;
CREATE TABLE `pd_playdates` (
  `id_playdate` int(10) UNSIGNED NOT NULL,
  `name` varchar(45) NOT NULL,
  `loc_address` varchar(255) DEFAULT NULL,
  `loc_city` varchar(255) DEFAULT NULL,
  `loc_state` varchar(255) DEFAULT NULL,
  `loc_id_zipcode` int(10) UNSIGNED DEFAULT NULL,
  `date` date NOT NULL,
  `time_init` int(10) UNSIGNED DEFAULT NULL,
  `time_end` int(10) UNSIGNED DEFAULT NULL,
  `age_init` int(10) UNSIGNED DEFAULT NULL,
  `age_end` int(10) UNSIGNED DEFAULT NULL,
  `description` varchar(755) DEFAULT NULL,
  `picture` varchar(255) DEFAULT NULL,
  `num_children` int(10) UNSIGNED DEFAULT '3',
  `invite_parents` varchar(255) DEFAULT NULL,
  `privacy_type` int(10) UNSIGNED DEFAULT '1' COMMENT '1=public, 2=private, 3=group',
  `privacy_group_id` int(10) UNSIGNED DEFAULT NULL,
  `open_spots` int(10) UNSIGNED DEFAULT '3',
  `id_specialist` int(10) UNSIGNED DEFAULT NULL,
  `idate` datetime NOT NULL,
  `udate` datetime DEFAULT NULL,
  `status` int(10) UNSIGNED NOT NULL DEFAULT '0' COMMENT '0=request, 1=published, 2=finished, 3=declined',
  `slug` varchar(255) NOT NULL,
  `id_parent` int(10) UNSIGNED DEFAULT NULL,
  `id_request` int(10) UNSIGNED DEFAULT NULL COMMENT 'request origen del playdate',
  `type` int(10) UNSIGNED DEFAULT NULL COMMENT 'type of care',
  `num_supporters` int(10) UNSIGNED DEFAULT '0',
  `pickup_address` varchar(255) DEFAULT NULL,
  `pickup_walk` int(10) UNSIGNED DEFAULT NULL,
  `pickup_train` int(10) UNSIGNED DEFAULT NULL,
  `pickup_car` int(10) UNSIGNED DEFAULT NULL,
  `pickup_taxi` int(10) UNSIGNED DEFAULT NULL,
  `dropoff_address` varchar(255) DEFAULT NULL,
  `dropoff_walk` int(10) UNSIGNED DEFAULT NULL,
  `dropoff_train` int(10) UNSIGNED DEFAULT NULL,
  `dropoff_car` int(10) UNSIGNED DEFAULT NULL,
  `dropoff_taxi` int(10) UNSIGNED DEFAULT NULL,
  `act1_id` int(10) UNSIGNED DEFAULT NULL,
  `act1_note` text,
  `act1_time` varchar(12) DEFAULT NULL,
  `act2_id` int(10) UNSIGNED DEFAULT NULL,
  `act2_note` text,
  `act2_time` varchar(12) DEFAULT NULL,
  `act3_id` int(10) UNSIGNED DEFAULT NULL,
  `act3_note` text,
  `act3_time` varchar(12) DEFAULT NULL,
  `act4_id` int(10) UNSIGNED DEFAULT NULL,
  `act4_note` text,
  `act4_time` varchar(12) DEFAULT NULL,
  `add1_id` int(10) UNSIGNED DEFAULT NULL,
  `add1_price` int(10) UNSIGNED DEFAULT NULL,
  `add2_id` int(10) UNSIGNED DEFAULT NULL,
  `add2_price` int(10) UNSIGNED DEFAULT NULL,
  `add3_id` int(10) UNSIGNED DEFAULT NULL,
  `add3_price` int(10) UNSIGNED DEFAULT NULL,
  `add4_id` int(10) UNSIGNED DEFAULT NULL,
  `add4_price` int(10) UNSIGNED DEFAULT NULL,
  `id_neighborhood` int(10) UNSIGNED DEFAULT NULL,
  `featured` int(10) UNSIGNED NOT NULL DEFAULT '0',
  `min_kids` int(10) UNSIGNED NOT NULL DEFAULT '1'
) ENGINE=InnoDB DEFAULT CHARSET=latin1;

--
-- Volcado de datos para la tabla `pd_playdates`
--

INSERT INTO `pd_playdates` (`id_playdate`, `name`, `loc_address`, `loc_city`, `loc_state`, `loc_id_zipcode`, `date`, `time_init`, `time_end`, `age_init`, `age_end`, `description`, `picture`, `num_children`, `invite_parents`, `privacy_type`, `privacy_group_id`, `open_spots`, `id_specialist`, `idate`, `udate`, `status`, `slug`, `id_parent`, `id_request`, `type`, `num_supporters`, `pickup_address`, `pickup_walk`, `pickup_train`, `pickup_car`, `pickup_taxi`, `dropoff_address`, `dropoff_walk`, `dropoff_train`, `dropoff_car`, `dropoff_taxi`, `act1_id`, `act1_note`, `act1_time`, `act2_id`, `act2_note`, `act2_time`, `act3_id`, `act3_note`, `act3_time`, `act4_id`, `act4_note`, `act4_time`, `add1_id`, `add1_price`, `add2_id`, `add2_price`, `add3_id`, `add3_price`, `add4_id`, `add4_price`, `id_neighborhood`, `featured`, `min_kids`) VALUES
(95, 'Intrepid Museum Explorers!', 'Pier 86, West 46th Street', 'New York', 'NY', NULL, '2018-10-06', 11, 18, 4, 6, 'In this jam-packed day, we\'ll view all permanent and visiting exhibits at The Intrepid Museum, participate in workshops like \" Diving into Density\" and \"Blast Off! Launching the Space Shuttle\", and have our very own space-themed crafting sessions throughout the day. We\'ll also enjoy a yummy launch onboard at the Aviator Grill!', '/catalog/nyc-attractions/joseph-rosales-344794-unsplash.jpg', 8, '', 1, NULL, 8, 37, '2018-10-03 15:49:34', '2018-10-12 20:25:47', 4, '', NULL, NULL, 4, 0, NULL, NULL, NULL, NULL, NULL, NULL, NULL, NULL, NULL, NULL, NULL, 'We\'ll explore the Intrepid and participate in a few fun workshops along the way.', '11', 6, 'We\'ll take a break and enjoy a yummy lunch at the Aviator Grill!', '13', NULL, 'We\'ll continue to explore the museum and participate in some space-themed craft sessions and more workshops along the way!', '14', 10, 'Parents will pick-up and Specialists will give you end-of-the-day highlights!', '18', 2, 24, NULL, NULL, NULL, NULL, NULL, NULL, NULL, 0, 1),
(96, 'Daytime Play at CMA!', 'Children\'s Museum Of The Arts, 103 Charlton Street', 'New York', 'NY', NULL, '2018-10-08', 10, 13, 3, 6, 'In this morning mashup playdate consisting of a class, museum exploration, and facilitated open play, we\'ll participate in The Children\'s Museum Of the Arts WEE Arts Drop-In Studio Class, explore the museum, enjoy a yummy packed lunch, and end the day by walking over to James J Walker Park for some facilitated open playtime just before pickup!', '/catalog/creative/pexels-photo-207665.jpg', 12, '', 1, NULL, 12, 42, '2018-10-03 16:18:21', NULL, 1, '', NULL, NULL, 7, NULL, NULL, NULL, NULL, NULL, NULL, NULL, NULL, NULL, NULL, NULL, NULL, 'We\'ll start our visit off with CMA’s WEE Arts Studio Drop-in Class!', '10', NULL, 'Next, we\'ll explore the museum in it\'s entirety and participate in activities that encourage self-expression, socialization, and creative thinking. ', '11', 6, 'We\'ll take a break from all the fun and eat our healthy and delicious PACKED LUNCHES.', '12', 2, 'We\'ll go to James J Walker Park to enjoy an open play! Sitters will be around to check on the children to ensure safety and play along with them.', '13', 2, 36, NULL, NULL, NULL, NULL, NULL, NULL, NULL, 0, 1),
(97, 'The Sweetest Chef Around!', 'Washington Market Playground', 'New York', 'NY', NULL, '2018-10-09', 9, 12, 4, 8, 'After drop-off, we\'ll begin our day with facilitated open play at Washington Market Playground Then, for lunch, we\'ll walk over to the Whole Foods in Tribeca to participate in the \"Sweetest Chef Around\" cooking workshop where we\'ll learn more about our food and make our very own delicious and healthy lunch from scratch! To end the day, we\'ll head over to the Barnes & Noble next door to open our imaginations for storytime and wait for pickup.', '/catalog/play/hisu-lee-47495-unsplash.jpg', 12, '', 1, NULL, 12, 34, '2018-10-03 16:42:59', NULL, 1, '', NULL, NULL, 7, NULL, NULL, NULL, NULL, NULL, NULL, NULL, NULL, NULL, NULL, NULL, 2, 'We\'ll enjoy some morning open play  at Washington Market Playground!', '9', NULL, 'We\'ll walk over to Whole Foods Tribeca to participate in our Sweetest Chef Around workshop and make our own healthy lunches.', '10', 8, 'Going next door, to Barnes & Noble, we\'ll have storytime before pickup!', '11', NULL, NULL, NULL, 4, 20, NULL, NULL, NULL, NULL, NULL, NULL, NULL, 0, 1),
(100, 'Kidville Union Square PJ Party', 'Kidville Union Square, 67 E 11th St.', 'New York', 'NY', NULL, '2018-10-05', 18, 21, 3, 8, 'We\'re back again for another pajama party at Kidville Union Square! Put on your PJs and get ready for a blast of a night filled with whole-wheat pizza, dessert, crafts, a movie, a story, a dance party, and of course social and enriching open play and care! ', '/catalog/care-evening/unspecified-93.jpg', 24, '', 1, NULL, 24, 42, '2018-10-03 18:23:30', NULL, 1, '', NULL, NULL, 5, NULL, NULL, NULL, NULL, NULL, NULL, NULL, NULL, NULL, NULL, NULL, 2, 'We\'ll have supervised open play in the amazing playspace, and follow it up with a dance party just before dinner!', '18', 6, 'We\'ll all take a break from the fun and enjoy a whole wheat pizza meal and dessert!', '19', NULL, 'We\'ll wind down the night with crafts, a story, and a movie.', '20', 10, 'It\'s time for pickup (and bedtime!)', '21', NULL, NULL, NULL, NULL, NULL, NULL, NULL, NULL, NULL, 0, 1),
(101, 'Kidville UES PJ Party', 'Kidville Upper East Side, 163 E 84th St.', 'New York', 'NY', NULL, '2018-10-12', 18, 21, 3, 8, 'We\'re back again for another pajama party at Kidville Upper East Side! Put on your PJs and get ready for a blast of a night filled with whole-wheat pizza, dessert, crafts, a movie, a story, a dance party, and of course social and enriching open play and care!\r\n\r\n', '/catalog/care-evening/allen-taylor-486829-unsplash.jpg', 24, '', 1, NULL, 24, 37, '2018-10-03 18:38:09', '2018-12-29 15:43:01', 4, '', NULL, NULL, 5, 0, NULL, NULL, NULL, NULL, NULL, NULL, NULL, NULL, NULL, NULL, 2, 'We\'ll have supervised open play in the amazing playspace, and follow it up with a dance party just before dinner!', '18', 6, 'We\'ll all take a break from the fun and enjoy a whole wheat pizza meal and dessert!', '19', NULL, 'We\'ll wind down the night with crafts, a story, and a movie.', '20', 10, 'It\'s time for pickup (and bedtime!)', '21', NULL, NULL, NULL, NULL, NULL, NULL, NULL, NULL, NULL, 0, 1),
(102, '20 Pine PJ Party!', 'Kidville Park Slope, 808 Union Street', 'New York', 'NY', NULL, '2018-10-19', 18, 21, 3, 8, 'We\'re excited to begin our PJ Party series here at 20 Pine! Put on your PJs and get ready for a blast of a night filled with whole-wheat pizza, dessert, crafts, a movie, a story, a dance party, and of course social and enriching open play and care!', '/catalog/care-evening/antonio-dicaterina-738197-unsplash.jpg', 24, '', 1, NULL, 24, 51, '2018-10-03 19:35:02', NULL, 1, '', NULL, NULL, 5, NULL, NULL, NULL, NULL, NULL, NULL, NULL, NULL, NULL, NULL, NULL, 2, 'We\'ll have supervised open play in the amazing playspace, and follow it up with a dance party just before dinner!', '18', 6, 'We\'ll all take a break from the fun and enjoy a whole wheat pizza meal and dessert!', '19', NULL, 'We\'ll wind down the night with crafts, a story, and a movie.', '20', 10, 'It\'s time for pickup (and bedtime!)', '21', NULL, NULL, NULL, NULL, NULL, NULL, NULL, NULL, NULL, 0, 1),
(103, 'City Treehouse PJ Party', 'City Treehouse, 129 W 20th Street', 'New York', 'NY', NULL, '2018-10-13', 18, 21, 3, 8, 'We\'re back again for another pajama party at City Treehouse! Put on your PJs and get ready for a blast of a night filled with whole-wheat pizza, dessert, crafts, a movie, a story, a dance party, and of course social and enriching open play and care!\r\n\r\n', '/catalog/play/markus-spiske-135763-unsplash.jpg', 24, '', 1, NULL, 24, 34, '2018-10-03 20:00:07', '2018-10-12 20:26:59', 4, '', NULL, NULL, 5, 0, NULL, NULL, NULL, NULL, NULL, NULL, NULL, NULL, NULL, NULL, 2, 'We\'ll have supervised open play in the amazing playspace, and follow it up with a dance party just before dinner!', '18', 6, 'We\'ll all take a break from the fun and enjoy a whole wheat pizza meal and dessert!', '19', NULL, 'We\'ll wind down the night with crafts, a story, and a movie.', '20', 10, 'It\'s time for pickup (and bedtime!)', '21', NULL, NULL, NULL, NULL, NULL, NULL, NULL, NULL, NULL, 0, 1),
(104, 'A Day At AMNH!', 'American Museum Of Natural History', 'New York', 'NY', NULL, '2018-10-20', 11, 15, 4, 8, 'We\'ll take a trip to AMNH on this beautiful fall day! We\'ll start out by the big blue whale, and end in the planetarium. Afterward, we\'ll eat lunch and then head out to the nearby park for some fun and enriching facilitated open play time! Parents, please be sure to pack your child a lunch for this \"field trip\" to AMNH. ', '/catalog/nyc-museums/alex-holyoake-440965-unsplash.jpg', 8, '', 1, NULL, 8, 37, '2018-10-03 20:58:42', NULL, 1, '', NULL, NULL, 4, NULL, NULL, NULL, NULL, NULL, NULL, NULL, NULL, NULL, NULL, NULL, NULL, 'We\'ll explore the museum!', '11', 6, 'We\'ll take a quick break for a delicious and healthy packed lunch.', '12', NULL, 'We\'ll check out the space show in the planetarium, and learn all about our universe.', '13', NULL, 'We\'ll take a walk over to the nearby park for some facilitated playtime before pickup.', '14', 2, 15, 4, 5, NULL, NULL, NULL, NULL, NULL, 0, 1),
(109, 'Fun at the Park!', 'Adventure Playground', 'New York City', 'New York', NULL, '2018-10-20', 9, 10, 6, 10, 'Children will play on the playground at Adventure Playground and participate and specially run games and activities.', '/catalog/sports-recreation/neonbrand-423333-unsplash.jpg', 1, '', 1, NULL, 1, 40, '2018-10-12 23:14:25', NULL, 1, '', NULL, NULL, NULL, NULL, NULL, NULL, NULL, NULL, NULL, NULL, NULL, NULL, NULL, NULL, NULL, NULL, NULL, NULL, NULL, NULL, NULL, NULL, NULL, NULL, NULL, NULL, 2, 12, 3, 7, NULL, NULL, NULL, NULL, NULL, 0, 1),
(110, 'Museum of Natural History', '200 Central Park West', 'New York', 'NY', NULL, '2018-10-20', 12, 16, 4, 8, '', '/catalog/nyc-museums/alex-holyoake-440965-unsplash.jpg', 10, '', 1, NULL, 10, 37, '2018-10-15 19:33:56', NULL, 1, '', NULL, NULL, 4, NULL, NULL, 15, NULL, NULL, NULL, NULL, 15, NULL, NULL, NULL, NULL, 'Arrival and Dinosaur scavenger Hunt', '12', NULL, 'Hall of Biodiversity and Ocean Craft', '13', NULL, 'Snack', '14', NULL, 'Pickup', '16', 2, 17, 4, 10, 3, 20, NULL, NULL, NULL, 0, 1),
(133, 'UWS Kidville PJ Party!', 'Kidville UWS, 205 W 88th St', 'New York', 'NY', NULL, '2018-10-26', 18, 21, 2, 7, 'Hey Parents! Here’s the agenda for the evening so that you know what we’ll be up to during our pajama party. We keep the evening fun, playful and action-packed for the kids, but also focus on enhancing leadership skills and character building behaviors in everything that we do. We, at PAL by Project Playdate, are shaping the next generation of leaders and change-makers! For them, this will be a social, active and enriching childcare experience. And for you, a well-deserved night off!                                                                            ', '/catalog/care-evening/unspecified-93.jpg', 24, '', 1, NULL, 24, 56, '2018-10-24 17:51:19', NULL, 1, '', NULL, NULL, 5, NULL, NULL, NULL, NULL, NULL, NULL, NULL, NULL, NULL, NULL, NULL, 2, 'We\'ll say goodbye to our grown-up and begin with some supervised open play in the space. We\'ll take a break from the play to have our whole-wheat pizza dinner.', '18', 3, 'We\'ll get creative during this arts and crafts session to stimulate our minds and imaginations! We\'ll stick, we\'ll color and we\'ll create our very own masterpiece to take home.', '19', 2, 'After arts and crafts, we\'ll enjoy more open play time, and a dance party!', '20', 10, 'We end our night and say goodbye. Grown-ups will pickup and hear the highlights of the night. Until next time!', '21', NULL, NULL, NULL, NULL, NULL, NULL, NULL, NULL, NULL, 0, 1),
(142, 'Music & Play at KV!', '380 Court Street', 'Brooklyn', 'NY', NULL, '2018-11-10', 14, 17, 2, 5, 'Group Size is Usually 6+ ---- Total price for: Group size of 7+ = $40 ---- Group size of 6 = $43 ---- Group size of 4-5 = $52 ---- Group size of 3 = $58 ---- Group size of 2 =$64 ---- INCLUDES $10 Admission ---- 25% off second child per family ---- Fridays Open Play at Kidville now have a drop off option! Every Friday this month from 2pm-5pm, find our friends from PAL who will lead a three hour day playdate full of music, play and loads of fun!', '/catalog/sports-recreation/sabri-tuzcu-190600-unsplash.jpg', 12, '', 3, 31, 12, 16, '2018-10-26 17:12:03', NULL, 1, '', NULL, NULL, 2, NULL, NULL, NULL, NULL, NULL, NULL, NULL, NULL, NULL, NULL, NULL, 2, 'We\'ll enjoy Open Play in the beautiful Kidville gym! PAL Specialists will supervise and ensure safety on all equipment.', '14', 3, 'We\'ll take a break from all the action and enjoy a group music circle. Our Lead is a Music Educator and will mesmerize the kids with a series of fun and interactive songs! If a snack is packed, we\'ll head out to the lobby to enjoy snack time after music', '15', 8, 'We\'ll get back to the gym to get all the wiggles out. After another 30 minutes of Open Play, we\'ll wind down with a story before pick up time.', '16', 10, 'We\'ll make sure parents or caregivers are authorized for pick up. We\'ll share all the fun things we got to do at Kidville today!', '17', 2, 10, NULL, NULL, NULL, NULL, NULL, NULL, NULL, 0, 1),
(143, 'Drop Off Music and Play at KV Carroll Gardens', '380 Court Street', 'Brooklyn', 'NY', NULL, '2018-11-02', 14, 17, 2, 5, 'Group Size is Usually 6+ ---- Total price for: Group size of 7+ = $40 ---- Group size of 6 = $43 ---- Group size of 4-5 = $52 ---- Group size of 3 = $58 ---- Group size of 2 =$64 ---- INCLUDES $10 Admission ---- 25% off second child per family ---- Fridays Open Play at Kidville now have a drop off option! Every Friday this month from 2pm-5pm, find our friends from PAL who will lead a three hour day playdate full of music, play and loads of fun!', '/catalog/play/charlein-gracia-682270-unsplash.jpg', 12, '', 3, 31, 12, 16, '2018-10-26 17:19:04', NULL, 1, '', NULL, NULL, 2, NULL, NULL, NULL, NULL, NULL, NULL, NULL, NULL, NULL, NULL, NULL, 2, 'We\'ll enjoy Open Play in the beautiful Kidville gym! PAL Specialists will supervise and ensure safety on all equipment.', '14', 3, 'We\'ll take a break from all the action and enjoy a group music circle. Our Lead is a Music Educator and will mesmerize the kids with a series of fun and interactive songs! If a snack is packed, we\'ll head out to the lobby to enjoy snack time after music', '15', 8, 'We\'ll get back to the gym to get all the wiggles out. After another 30 minutes of Open Play, we\'ll wind down with a story before pick up time.', '16', 10, 'We\'ll make sure parents or caregivers are authorized for pick up. We\'ll share all the fun things we got to do at Kidville today!', '17', 2, 10, NULL, NULL, NULL, NULL, NULL, NULL, NULL, 0, 1),
(144, 'Drop Off Music and Play at KV Carroll Gardens', '380 Court Street', 'Brooklyn', 'NY', NULL, '2018-11-16', 14, 17, 2, 5, 'Group Size is Usually 6+ ---- Total price for: Group size of 7+ = $40 ---- Group size of 6 = $43 ---- Group size of 4-5 = $52 ---- Group size of 3 = $58 ---- Group size of 2 =$64 ---- INCLUDES $10 Admission ---- 25% off second child per family ---- Fridays Open Play at Kidville now have a drop off option! Every Friday this month from 2pm-5pm, find our friends from PAL who will lead a three hour day playdate full of music, play and loads of fun!', '/catalog/play/markus-spiske-135763-unsplash.jpg', 12, '', 3, 31, 12, 16, '2018-10-26 17:23:06', NULL, 1, '', NULL, NULL, 2, NULL, NULL, NULL, NULL, NULL, NULL, NULL, NULL, NULL, NULL, NULL, 2, 'We\'ll enjoy Open Play in the beautiful Kidville gym! PAL Specialists will supervise and ensure safety on all equipment', '14', 3, 'We\'ll take a break from all the action and enjoy a group music circle. Our Lead is a Music Educator and will mesmerize the kids with a series of fun and interactive songs! If a snack is packed, we\'ll head out to the lobby to enjoy snack time after music', '15', 8, 'We\'ll get back to the gym to get all the wiggles out. After another 30 minutes of Open Play, we\'ll wind down with a story before pick up time.', '16', 10, 'We\'ll make sure parents or caregivers are authorized for pick up. We\'ll share all the fun things we got to do at Kidville today!', '17', 2, 10, NULL, NULL, NULL, NULL, NULL, NULL, NULL, 0, 1),
(145, 'Drop Off Music and Play at KV Carroll Gardens', '380 Court Street', 'Brooklyn', 'NY', NULL, '2018-11-23', 14, 17, 2, 5, 'Group Size is Usually 6+ ---- Total price for: Group size of 7+ = $40 ---- Group size of 6 = $43 ---- Group size of 4-5 = $52 ---- Group size of 3 = $58 ---- Group size of 2 =$64 ---- INCLUDES $10 Admission ---- 25% off second child per family ---- Fridays Open Play at Kidville now have a drop off option! Every Friday this month from 2pm-5pm, find our friends from PAL who will lead a three hour day playdate full of music, play and loads of fun!', '/catalog/play/markus-spiske-381725-unsplash.jpg', 12, '', 3, 31, 12, 16, '2018-10-26 17:29:31', NULL, 1, '', NULL, NULL, 2, NULL, NULL, NULL, NULL, NULL, NULL, NULL, NULL, NULL, NULL, NULL, 2, 'We\'ll enjoy Open Play in the beautiful Kidville gym! PAL Specialists will supervise and ensure safety on all equipment.', '14', 3, 'We\'ll take a break from all the action and enjoy a group music circle. Our Lead is a Music Educator and will mesmerize the kids with a series of fun and interactive songs! If a snack is packed, we\'ll head out to the lobby to enjoy snack time after music', '15', 8, 'We\'ll get back to the gym to get all the wiggles out. After another 30 minutes of Open Play, we\'ll wind down with a story before pick up time.', '16', 10, 'We\'ll make sure parents or caregivers are authorized for pick up. We\'ll share all the fun things we got to do at Kidville today!', '17', 2, 10, NULL, NULL, NULL, NULL, NULL, NULL, NULL, 0, 1),
(146, 'Drop Off Music and Play at KV Carroll Gardens', '380 Court Street', 'Brooklyn', 'NY', NULL, '2018-11-30', 14, 17, 2, 5, 'Group Size is Usually 6+ ---- Total price for: Group size of 7+ = $40 ---- Group size of 6 = $43 ---- Group size of 4-5 = $52 ---- Group size of 3 = $58 ---- Group size of 2 =$64 ---- INCLUDES $10 Admission ---- 25% off second child per family ---- Fridays Open Play at Kidville now have a drop off option! Every Friday this month from 2pm-5pm, find our friends from PAL who will lead a three hour day playdate full of music, play and loads of fun!', '/catalog/play/markus-spiske-135763-unsplash.jpg', 12, '', 3, 31, 12, 16, '2018-10-26 17:33:02', NULL, 1, '', NULL, NULL, 2, NULL, NULL, NULL, NULL, NULL, NULL, NULL, NULL, NULL, NULL, NULL, 2, 'We\'ll enjoy Open Play in the beautiful Kidville gym! PAL Specialists will supervise and ensure safety on all equipment.', '14', 3, 'We\'ll take a break from all the action and enjoy a group music circle. Our Lead is a Music Educator and will mesmerize the kids with a series of fun and interactive songs! If a snack is packed, we\'ll head out to the lobby to enjoy snack time after music', '15', 8, 'We\'ll get back to the gym to get all the wiggles out. After another 30 minutes of Open Play, we\'ll wind down with a story before pick up time.', '16', 10, 'We\'ll make sure parents or caregivers are authorized for pick up. We\'ll share all the fun things we got to do at Kidville today!', '17', 2, 10, NULL, NULL, NULL, NULL, NULL, NULL, NULL, 0, 1),
(153, 'KV Union Square Pajama Party', '67 E 11th Street', 'New York', 'NY', NULL, '2018-11-02', 18, 21, 2, 6, 'COSTUMES WELCOME! ---- Pajama Party Size is Usually 7+ ----\r\nTotal price for: \r\nGroup size of 7+ = $45 ----\r\nGroup size of 6 = $48 ----\r\nGroup size of 4-5 = $57 ----\r\nGroup size of 3 = $63 ----\r\nGroup size of 2 =$69 ----\r\nINCLUDES \r\n$10 Admission AND $5 Craft and Food ----\r\n25% off second child per family ----\r\nJoin us for three hour drop off pajama party at Kidville Upper West Side, Includes free play, dinner, arts and crafts, story time, dance time, movie time, leadership building curriculum and so much more!\r\n', '/catalog/care-evening/allen-taylor-486829-unsplash.jpg', 24, '', 1, NULL, 24, 56, '2018-10-29 15:44:49', '2019-01-02 21:41:38', 4, '', NULL, NULL, 5, 1, NULL, NULL, NULL, NULL, NULL, NULL, NULL, NULL, NULL, NULL, 1, 'After check in, we\'ll enjoy Open Play in the beautiful Kidville gym! PAL Specialists will supervise and ensure safety on all equipment.', '18', 6, 'We\'ll take a break from all the action and enjoy a meal together. After meal time we’ll set up for an arts and crafts session. We’ll stick, we’ll color, we’ll practice our fine motor skills and celebrate our imaginations! ', '19', 2, 'We\'ll get back to the gym to get all the wiggles out. After another 20 minutes of Open Play, we\'ll wind down with dessert, story time, and about 30 minutes of a featured film.', '20', 10, 'We\'ll make sure parents or caregivers are authorized for pick up. We\'ll share all the fun things we got to do at Kidville today!', '21', 2, 10, 3, 5, NULL, NULL, NULL, NULL, NULL, 1, 1),
(154, 'CMA Imagination Nation', '103 Charlton Street', 'New York', 'NY', NULL, '2018-12-03', 12, 15, 4, 6, 'Total price for  ---- Group size of 7+ = $43  ----  Group size of 6 = $46  ----  Group size of 4-5 = $49  ----  Group size of 3 = $61  ----  Group size of 2 =$67  ----  INCLUDES $13 Admission  ----  25% off second child per family  ----  Join us for three hour drop off, Imagination Nation Playdate at the Children\'s Museum of Arts in Soho West. Includes free exploration of the museum, story time, leadership building curriculum, tons of arts and crafts and so much more! Please send your little one to the museum with a packed lunch!\r\n', '/catalog/creative/pexels-photo-220320.jpg', 8, '', 1, NULL, 8, 16, '2018-10-29 19:38:26', NULL, 1, '', NULL, NULL, 3, NULL, NULL, NULL, NULL, NULL, NULL, NULL, NULL, NULL, NULL, NULL, 1, 'We will meet in the lobby of the museum where the kids will put on their name tags and meet their PAL Specialist. We will confirm Parent contacts and once everyone has arrived, get right to exploring', '12', 3, 'Miss Nicole will run a special music and movement lesson to get the little ones engaged and expanding their imaginations.', '13', 6, 'We\'ll break for lunch and then get right back to the hand-on arts and crafts areas throughout the museum. Specialists will carry around markers to quote exactly what your little artists are creating for each masterpiece.', '14', 10, 'We will meet again in the lobby of the museum for pick up. The kids will get to take home everything they made throughout the day!', '15', 2, 13, NULL, NULL, NULL, NULL, NULL, NULL, NULL, 0, 1),
(155, 'Drop Off Music and Play at KV Carroll Gardens', '380 Court Street', 'Brooklyn', 'New York', NULL, '2018-11-02', 14, 16, 2, 5, 'Group Size is Usually 6+ ---- Total price for: Group size of 7+ = $40 ---- Group size of 6 = $43 ---- Group size of 4-5 = $52 ---- Group size of 3 = $58 ---- Group size of 2 =$64 ---- INCLUDES $10 Admission ---- 25% off second child per family ---- Fridays Open Play at Kidville now have a drop off option! Every Friday this month from 2pm-5pm, find our friends from PAL who will lead an exclusive playdate full of music, play and loads of fun!', '/catalog/play/hisu-lee-47495-unsplash.jpg', 12, '', 3, 31, 12, 16, '2018-10-29 20:15:15', NULL, 1, '', NULL, NULL, 2, NULL, NULL, NULL, NULL, NULL, NULL, NULL, NULL, NULL, NULL, NULL, 1, 'We\'ll enjoy Open Play in the beautiful Kidville gym! PAL Specialists will supervise and ensure safety on all equipment.', '14', 3, 'We\'ll take a break from all the action and enjoy a group music circle. Our Lead is a Music Educator and will mesmerize the kids with a series of fun and interactive songs! If a snack is packed, we\'ll head out to the lobby to enjoy snack time after music', '15', 8, 'We\'ll get back to the gym to get all the wiggles out. After another 30 minutes of Open Play, we\'ll wind down with a story before pick up time.', '15', 10, 'We\'ll make sure parents or caregivers are authorized for pick up. We\'ll share all the fun things we got to do at Kidville today!', '16', 2, 10, NULL, NULL, NULL, NULL, NULL, NULL, NULL, 0, 1),
(156, 'C.P Zoo + Cool Mess!', '64th Street & 5th Avenue', 'Manhattan', 'New York', NULL, '2018-11-10', 11, 15, 8, 11, '| Hey Parents! Don’t be alarmed by that price in the upper right corner. Note that this INCLUDES hourly care, admissions and any other add-ons (with the exception of Supervised Travel). The more kids that sign up, the price per child drops! So, invite your friends. Life is always better with a PAL! |                                                                                              Join me for a fun afternoon of exploring the Central Park Zoo and ending the day with ice cream! We\'ll start with the seal feeding at 11:30 and make our way through as much of the zoo as we can before we head over to Cool Mess to create our own   ice cream as a group!  Disclaimer for children with allergies from Cool Mess: The base for the ice cream experien', '/catalog/nyc-museums/pexels-photo-58599.jpg', 6, '', 1, NULL, 6, 34, '2018-10-31 04:53:13', NULL, 1, '', NULL, NULL, 4, NULL, NULL, NULL, NULL, NULL, NULL, NULL, NULL, NULL, NULL, NULL, 1, 'We will meet at entrance to the park!', '11', 3, 'Explore the Zoo + enjoy our packed lunch!', '12', 9, 'We will head over to Cool Mess for Ice cream!', '14', 5, 'Make our own ice  cream!', '14', 2, 19, 4, 12, NULL, NULL, NULL, NULL, NULL, 1, 1),
(157, 'Bklyn Children\'s Museum', '145 Brooklyn Avenue', 'Brooklyn', 'New York', NULL, '2018-11-23', 10, 13, 3, 5, '|  Hey Parents! Don’t be alarmed by that price in the upper right corner. Note that this INCLUDES hourly care, admissions and any other add-ons (with the exception of Supervised Travel). The more kids that sign up, the price per child drops! So, invite your friends. Life is always better with a PAL! |                                                                    Join us for a fun morning at exploring the world\'s first children\'s museum!', '/catalog/academic/ben-white-128604-unsplash.jpg', 6, '', 1, NULL, 6, 34, '2018-10-31 05:09:53', NULL, 1, '', NULL, NULL, NULL, NULL, NULL, NULL, NULL, NULL, NULL, NULL, NULL, NULL, NULL, NULL, 1, 'We\'ll meet our friends for the day by the welcome desk!', '10', 3, 'We will explore the museum!', '11', 6, 'We\'ll enjoy our packed lunches in the cafeteria ', '12', 10, 'We will meet our parents by the welcome desk!', '13', NULL, NULL, NULL, NULL, NULL, NULL, NULL, NULL, NULL, 1, 1),
(159, 'Francesca\'s Playdate', '112 Prospect Place', 'Brooklyn', 'NY', NULL, '2018-11-03', 13, 16, 2, 4, 'To cover the cost of your LEAD. It was $23 for 2.75 hours. This pay out will be 23X3 hours. So it basically evens out! Of course this is a mock playdate but please take the opportunity to practice submitting your interest to the job request. After confirming it I will be able to release payment. Thanks Francesca!', '/catalog/care-after-school/santi-vedri-707620-unsplash.jpg', 2, '', 2, NULL, 2, 56, '2018-10-31 21:14:43', '2018-11-05 22:33:35', 4, '', NULL, NULL, 2, 0, NULL, NULL, NULL, NULL, NULL, NULL, NULL, NULL, NULL, NULL, NULL, NULL, NULL, NULL, NULL, NULL, NULL, NULL, NULL, NULL, NULL, NULL, NULL, NULL, NULL, NULL, NULL, NULL, NULL, NULL, NULL, 0, 1),
(160, 'Wedding', '', '', '', NULL, '2018-11-03', 18, 21, NULL, NULL, '', '/catalog/care-evening/allen-taylor-486829-unsplash.jpg', 2, '', 2, NULL, 2, 43, '2018-10-31 21:39:33', '2018-11-02 16:20:58', 4, '', 20, 109, 5, 0, NULL, NULL, NULL, NULL, NULL, NULL, NULL, NULL, NULL, NULL, NULL, NULL, NULL, NULL, NULL, NULL, NULL, NULL, NULL, NULL, NULL, NULL, NULL, 28, NULL, NULL, NULL, NULL, NULL, NULL, NULL, 0, 1),
(161, 'Le District Color and Play', '', '', '', NULL, '2018-11-03', 10, 13, NULL, NULL, '', '/catalog/care-weekend/jenn-evelyn-ann-112980-unsplash.jpg', 1, '', 2, NULL, 1, 51, '2018-11-01 17:09:19', '2018-11-05 22:28:19', 4, '', 20, 110, 4, 0, NULL, NULL, NULL, NULL, NULL, NULL, NULL, NULL, NULL, NULL, NULL, NULL, NULL, NULL, NULL, NULL, NULL, NULL, NULL, NULL, NULL, NULL, NULL, NULL, NULL, NULL, NULL, NULL, NULL, NULL, NULL, 0, 1),
(162, 'KV UES Drop Off Pajama Party', 'Kidville UES, 163 E 84th St', 'New York ', 'New York ', NULL, '2018-11-09', 18, 21, 2, 7, 'Join us for three hour drop off pajama party at Kidville Upper East Side, Includes free play, dinner, arts and crafts, story time, dance time, movie time, leadership building curriculum and so much more! The more kids that sign up, the price per child drops! So, invite your friends. Life is always better with a PAL', '/catalog/care-evening/unspecified-93.jpg', 24, '', 1, NULL, 24, 42, '2018-11-02 19:00:34', '2018-11-08 19:07:41', 4, '', NULL, NULL, 5, 1, NULL, NULL, NULL, NULL, NULL, NULL, NULL, NULL, NULL, NULL, 1, 'After check in, we\'ll enjoy Open Play in the beautiful Kidville gym! PAL Specialists will supervise and ensure safety on all equipment.', '18', 6, '  We\'ll take a break from all the action and enjoy a meal together. After meal time we’ll set up for an arts and crafts session. We’ll stick, we’ll color, we’ll practice our fine motor skills and celebrate our imaginations! ', '19', 2, ' We\'ll get back to the gym to get all the wiggles out. After another 20 minutes of Open Play, we\'ll wind down with dessert, story time, and about 30 minutes of a featured film.', '20', 10, 'We\'ll make sure parents or caregivers are authorized for pick up. We\'ll share all the fun things we got to do at Kidville today!', '21', 3, 5, 2, 10, NULL, NULL, NULL, NULL, NULL, 1, 1),
(164, 'Creative Steps', '', '', '', NULL, '2018-11-12', 18, 20, 3, 9, 'Enjoy a pizza party, dancing, open play and musical chairs at United Settlement!', '/catalog/creative/pexels-photo-207665.jpg', 1, '', 1, NULL, 1, 45, '2018-11-06 00:41:21', NULL, 1, '', NULL, NULL, NULL, NULL, NULL, NULL, NULL, NULL, NULL, NULL, NULL, NULL, NULL, NULL, 1, 'Open play, story time and a pizza party!', '18', NULL, 'We\'ll take a break to dance and play musical chairs, then wind down with story time.', '19', NULL, NULL, NULL, NULL, NULL, NULL, NULL, NULL, NULL, NULL, NULL, NULL, NULL, NULL, NULL, 0, 1),
(165, 'Mock October ', '3083 29th St', 'Long Island City', 'NY', NULL, '2018-11-08', 9, 15, NULL, NULL, '', '/catalog/creative/crayons-coloring-book-coloring-book-159579.jpg', 2, '', 2, NULL, 2, 45, '2018-11-06 00:58:36', '2018-11-06 15:42:00', 4, '', 20, 114, 3, 0, NULL, NULL, NULL, NULL, NULL, NULL, NULL, NULL, NULL, NULL, 3, NULL, '9', 6, NULL, '10', 7, NULL, '14', NULL, NULL, NULL, NULL, 10, NULL, NULL, NULL, NULL, NULL, NULL, NULL, 0, 1),
(166, 'City Treehouse PJ!', '129A W 20th St', 'New York ', 'New YORK ', NULL, '2018-11-10', 18, 21, 2, 7, 'Join us for three hour drop off pajama party at City Treehouse Pajama Party, Includes free play, dinner, arts and crafts, story time, dance time, movie time, leadership building curriculum and so much more! The more kids that sign up, the price per child drops! So, invite your friends. Life is always better with a PAL! \r\n', '/catalog/care-evening/allen-taylor-486829-unsplash.jpg', 24, '', 1, NULL, 24, 42, '2018-11-06 13:32:21', '2018-11-15 22:31:52', 4, '', NULL, NULL, 5, 0, NULL, NULL, NULL, NULL, NULL, NULL, NULL, NULL, NULL, NULL, 1, 'After check in, we\'ll enjoy Open Play in the beautiful City Three play area! PAL Specialists will supervise and ensure safety on all equipment.', '18', 6, 'We\'ll take a break from all the action and enjoy a meal together. After meal time we’ll set up for an arts and crafts session. We’ll stick, we’ll color, we’ll practice our fine motor skills and celebrate our imaginations! ', '19', 2, 'We\'ll get back to the gym to get all the wiggles out. After another 20 minutes of Open Play, we\'ll wind down with dessert, story time, and about 30 minutes of a featured film.', '20', 10, 'We\'ll make sure parents or caregivers are authorized for pick up. We\'ll share all the fun things we got to do at City Treehouse  today!', '21', 2, 10, 3, 5, NULL, NULL, NULL, NULL, NULL, 1, 1),
(172, 'Le District Halloween Event', '', '', '', NULL, '2018-11-08', 9, 12, NULL, NULL, '', '/catalog/care-weekend/pexels-photo-366666.jpg', 1, '', 2, NULL, 1, 37, '2018-11-08 19:11:36', '2018-11-08 20:02:59', 4, '', 20, 112, 4, 0, NULL, NULL, NULL, NULL, NULL, NULL, NULL, NULL, NULL, NULL, NULL, NULL, NULL, NULL, NULL, NULL, NULL, NULL, NULL, NULL, NULL, NULL, NULL, NULL, NULL, NULL, NULL, NULL, NULL, NULL, NULL, 0, 1),
(174, 'Tour of Yankee Stadium', '1 E 161st Street', 'Bronx', 'New York', NULL, '2018-11-18', 10, 13, 3, 9, 'If your child enjoys the game of baseball or wants to learn more about it then this is the perfect event for you. Your child will take a tour of Yankee Stadium and learn the history. They will be able to get up close to historic baseball artifacts, visit exclusive locations, and learn about the various events that take place at the Stadium throughout history. Each tour is led by one an experienced tour guide to make sure your child’s trip to Yankee Stadium is complete.\r\n', '/catalog/outdoor/pexels-photo-459949.jpg', 5, '', 1, NULL, 5, 38, '2018-11-08 21:10:30', NULL, 1, '', NULL, NULL, 4, NULL, 'Your home', 20, 20, 20, 20, 'Your home', 20, 20, 20, 20, 1, ' Please arrive between 10:00-10:30 because we have to purchase tickets at the box office', '10', NULL, 'The tour begins :)', '11', NULL, 'As the tour ends we will take a one minute walk to Johnny Rockets', '12', 10, NULL, '13', 2, 23, 4, 7, NULL, NULL, NULL, NULL, NULL, 1, 1),
(175, 'CU vs. PU Swim Meet', '3030 Broadway', 'New York ', 'New York', NULL, '2018-12-08', 12, 15, 5, 9, 'Does your child enjoy swimming, wants to learn more about swimming, or enjoys watching it? Then this is the perfect event for your child. Swimming is an activity that burns lots of calories, is easy on the joints, supports your weight, builds muscular strength and endurance. Your child will be able to enjoy watching their meet, explore the prestigious school of Columbia University, and maybe spark and interest in the sport.\r\n', '/catalog/care-weekend/pexels-photo-366666.jpg', 5, '', 1, NULL, 5, 38, '2018-11-08 21:22:30', NULL, 1, '', NULL, NULL, 4, NULL, 'Your home', 20, 20, 20, 20, 'Your home', 20, 20, 20, 20, 1, 'We could also buy snack to munch on while watching the meet', '12', NULL, 'Meet Starts :)', '13', 10, NULL, '14', NULL, NULL, NULL, 4, 7, NULL, NULL, NULL, NULL, NULL, NULL, NULL, 0, 1),
(176, 'CU vs NYU Swim Meet', '60 Washington Square 2', 'New York', 'New York', NULL, '2018-11-13', 17, 20, 5, 9, 'Come and let your child be introduced to a new sport.. fencing!!! This a very organized sport involving the use of a sword for attack and defense according to set movements and rules. Although the use of swords dates to prehistoric times and swordplay to ancient civilizations. Your child will be exposed to something very technique. This match will be very unique because men and women will be there. There will nine rounds of men and nine rounds of women.', '/catalog/care-evening/antonio-dicaterina-738197-unsplash.jpg', 5, '', 1, NULL, 5, 38, '2018-11-08 21:38:20', NULL, 1, '', NULL, NULL, 5, NULL, 'Your home', 20, 20, 20, 20, 'Your home', 20, 20, 20, 20, 1, NULL, '17', 5, 'This be provided and light because we will be eating', '18', NULL, 'We will take a two minute walk to Chick-fil-A', '19', 10, NULL, '20', 4, 10, NULL, NULL, NULL, NULL, NULL, NULL, NULL, 0, 1),
(179, 'Mandarin Immersion for ELC!', '212 Warren Street Apt 2L', 'New York', 'NY', NULL, '2018-11-18', 14, 16, 3, 4, 'This fun and playful series of private playdates is to encourage our favorite kiddos at Avenues ELC to learn and speak Mandarin! Each session will include a crafty project and a movement game to keep our tots engaged while celebrating Chinese culture and language.. All conversation and direction will be spoken in Mandarin. Each parent will take turns hosting and our generous host will provide a snack! This playdate will be in the home of Sophie Chheang who so graciously offered to be our first host!', '/catalog/language-culture/asli-yilmaz-350054-unsplash.jpg', 8, '', 2, NULL, 8, 69, '2018-11-09 17:48:55', '2018-12-17 15:27:37', 4, '', NULL, NULL, 4, 1, NULL, NULL, NULL, NULL, NULL, NULL, NULL, NULL, NULL, NULL, 1, 'We\'ll introduce ourselves in Mandarin and get started! We\'ll say bye to mom and dad and get the day started with creative play in Mandarin .', '14', 3, 'Our first activity will combine Chinese culture, crafting and language learning all in one! We\'ll make paper lanterns while learning about family in Mandarin. ', '14', 4, 'This indoor-friendly simple game of \"toss\" will get our bodies moving while we practice our Mandarin vocabulary. Each time we toss the ball, we\'ll greet our friend with a \"hello\" in Mandarin. Afterwards, we\'ll fuel up with a nut-free snack provided by our', '15', 10, 'We\'ll end our session with a story in Mandarin. I\'ll update parents on the great fun we\'ve had today. See you next week!', '16', 3, 5, NULL, NULL, NULL, NULL, NULL, NULL, NULL, 0, 1),
(182, 'PJ @ KV Park Slope!', '808 Union Street', 'Brooklyn', 'NY', NULL, '2018-11-16', 18, 21, 2, 8, 'Pack your pajamas, blankets, socks, and special toy! Join us for a three-hour drop off pajama party at Kidville Park Slope! It includes free play, dinner, arts and crafts, story time, dance time, movie time, leadership building curriculum and so much more! The more kids that sign up, the price per child drops. So, invite your friends. Life is always better with a PAL!', '/catalog/play/markus-spiske-135763-unsplash.jpg', 20, '', 1, NULL, 20, 50, '2018-11-13 20:34:05', NULL, 1, '', NULL, NULL, 5, NULL, NULL, NULL, NULL, NULL, NULL, NULL, NULL, NULL, NULL, NULL, 1, 'Goodbye and Hugs are exchanged as children prepare for a night of fun. Check in, update any important information is definitely encouraged. Children will enjoy supervised free play from.arrival until 645pm. Children will then enjoy some delicious pizza ', '18', 7, 'After our tummies are full we will head back to the gym to burn off some fuel. Children will be encourage to participate in structured games such as hide and seek and red light,green light. We will also have a dance party!', '19', 8, 'Once our creative juices have stopped flowing, we will gather around to hear a story. While listening to the story we will enjoy our dessert. At about 8:30pm, the movie will begin.', '20', 10, NULL, '21', 8, 15, NULL, NULL, NULL, NULL, NULL, NULL, NULL, 1, 1),
(185, 'PJ Party @ UWS KV!', '205 West 88th Street', 'New York', 'NY', NULL, '2018-11-30', 18, 21, 2, 8, 'Pack your pajamas, blankets, socks, and special toy! Join us for a three-hour drop off pajama party at Kidville Upper West Side! It includes free play, dinner, arts and crafts, story time, dance time, movie time, leadership building curriculum and so much more! The more kids that sign up, the price per child drops. So, invite your friends. Life is always better with a PAL!', '/catalog/creative/pexels-photo-220320.jpg', 20, '', 1, NULL, 20, 40, '2018-11-13 23:23:25', '2018-12-07 13:32:29', 4, '', NULL, NULL, 5, 1, NULL, NULL, NULL, NULL, NULL, NULL, NULL, NULL, NULL, NULL, 1, 'Goodbye and hugs are exchanged as children prepare for a night of fun. Check in, update any important information is definitely encouraged. Children will enjoy supervised free play from.arrival until 6:45pm. Children will then enjoy some delicious pizza!', '18', 7, 'With tummies full of pizza we will head back to the gym to burn off some more fuel. Children will be encouraged to participate in structured games such as hide and seek and red light, green light. We will also have a dance party!', '19', 8, 'With all of our energy danced, wiggled and played out, we will gather around to hear a silly story. While listening to the story we will enjoy our dessert. At about 8:30pm, we will grab our stuffed animals and blankets and watch a movie.', '20', 10, NULL, '21', 8, 15, NULL, NULL, NULL, NULL, NULL, NULL, NULL, 1, 1),
(186, 'SPYSCAPE Playdate', '928 8th Avenue', 'New York', 'NY', NULL, '2018-11-24', 12, 16, 7, 11, 'Join us for an immersive and enthralling experience at New York\'s new Spy Museum. Browse cool artifacts and gadgets, discover nail-biting spy stories and enjoy exciting spy challenges like, cracking codes and dodging lasers! Discover your inner spy!', '/catalog/nyc-attractions/joseph-rosales-344794-unsplash.jpg', 6, '', 1, NULL, 6, 49, '2018-11-16 01:18:19', NULL, 1, '', NULL, NULL, 4, NULL, NULL, NULL, NULL, NULL, NULL, NULL, NULL, NULL, NULL, NULL, 1, 'Then straight to Spy Time!', '12', 6, 'Break for Lunch', '13', 11, 'Back to Spy Time!', '14', 10, NULL, '15', 2, 32, NULL, NULL, NULL, NULL, NULL, NULL, NULL, 1, 1),
(187, 'Creative Steps 11/16', 'University Settlement', 'New York', 'NY', NULL, '2018-11-19', 18, 20, NULL, NULL, 'Creative Steps University Settlement Event On 11/16', '/catalog/care-evening/antonio-dicaterina-738197-unsplash.jpg', 1, '', 2, NULL, 1, 22, '2018-11-16 21:31:15', '2018-11-16 21:32:38', 1, '', 20, 119, 5, 3, NULL, NULL, NULL, NULL, NULL, NULL, NULL, NULL, NULL, NULL, NULL, NULL, NULL, NULL, NULL, NULL, NULL, NULL, NULL, NULL, NULL, NULL, NULL, NULL, NULL, NULL, NULL, NULL, NULL, NULL, NULL, 0, 1),
(189, 'Train Show Field Trip', '2900 Southern Boulevard ', 'New York', 'NY 10458-5126 ', NULL, '2018-12-08', 10, 14, 5, 12, 'The Holiday Train Show at the Bronx Botanical Gardens is one of my FAVORITE sites to visit with kids during the Holiday Season. The exhibits are truly extraordinary and celebrate New York\'s most iconic architecture. This Friday, take some time to gift shop for the holidays while we adventure North! The subway ride is a little over an hour from downtown Manhattan, but we\'ll make it fun and it\'s totally worth it! I\'ve set supervised travel from our HQ downtown (near CMA), but can adjust based on the most convenient spot for the group that signs up. ', '/catalog/nyc-attractions/ferdinand-stohr-198748-unsplash.jpg', 5, '', 1, NULL, 5, 56, '2018-11-19 18:10:43', NULL, 1, '', NULL, NULL, NULL, NULL, '69 Charlton Street', NULL, NULL, NULL, NULL, '69 Charlton Street', NULL, NULL, NULL, NULL, 9, 'We\'ll take the one train to the two train and make our way up town to see ALL the trains!  ', '10', 3, 'We\'ll explore incredible Train Show installations. Don’t forget to look up as you explore—NYC bridges come together to create an aerial display of trains soaring overhead!', '11', 6, 'We\'ll take a break from all the action and enjoy a packed lunch on site . We\'ll draw a picture of our favorite train set, take one more round of exploration, then head back home by subway to make our 2pm pick up.', '12', 10, 'We\'ll train it back down to PAL HQ and chat about our favorite parts of the day. Parents will receive text updates from me just in case the arrival time is later than expected. ', '14', 2, 18, 2, 5, NULL, NULL, NULL, NULL, NULL, 0, 1),
(192, 'Mandarin Immersion for Avenues ELC', '535 West 23rd Street', 'New York', 'NY', NULL, '2018-12-02', 14, 16, 3, 4, 'We welcome our friends at Avenues Mandarin ELC for another evening of fun! This week we will be learning about the names of our family members in Mandarin. We will also be going over our Mandarin counting skills as we count how many members are in our family! We will then do a fun arts and crafts project making paper bag family puppets.\r\n\r\n', '/catalog/academic/pexels-photo-256468.jpg', 8, '', 3, 46, 8, 69, '2018-11-26 19:15:51', '2018-12-17 15:31:44', 4, '', NULL, NULL, 4, 1, NULL, NULL, NULL, NULL, NULL, NULL, NULL, NULL, NULL, NULL, 3, 'We will get started with a coloring sheet about family members while reviewing our colors in Mandarin.  Then we will learn the terms for different family members while making paper bag family puppets.', '14', 4, 'We will get our bodies moving by playing a game of hot potato. When the music stops, whoever has the ball will have to talk about their family in Mandarin. We’ll then enjoy a nut-free snack provided by our parent host.  ', '15', 10, 'We’ll end our session with a story in Mandarin while we wait for our parents to come pick us up!', '16', NULL, NULL, NULL, 3, 3, NULL, NULL, NULL, NULL, NULL, NULL, NULL, 0, 1),
(193, 'Brookfield Pl. Nutcracker!', 'Brookfield Place', 'New York', 'NY', NULL, '2018-12-01', 12, 15, 3, 6, '**PLEASE NOTE THAT THIS PLAYDATE WILL RUN AND HAVE A SPECIALIST SCHEDULED ONCE A MINIMUM OF 2 CHILDREN ARE SIGNED UP**  Come join us for lunch at Le District and the New York City Ballet production of The Nutcracker, at Brookfield Place! We\'ll first have a yummy and nutritious lunch at Le District, followed by The Nutcracker Ballet, open play, and a story to end the day.  ', '/catalog/performing-arts/gaelle-marcel-198696-unsplash.jpg', 12, '', 1, NULL, 12, 75, '2018-11-26 21:17:03', NULL, 1, '', NULL, NULL, 4, NULL, NULL, NULL, NULL, NULL, NULL, NULL, NULL, NULL, NULL, NULL, 6, 'We\'ll begin with a yummy and nutritious lunch at Le District!', '12', 11, 'Before the ballet begins we\'ll have a mini coloring session. Then off to the Land of Sweets with the Nutcracker performance!', '13', 2, 'We\'ll follow our performance with some supervised play in Brookfield place. We\'ll then end the day with a snack and story time.', '14', 10, NULL, '15', 4, 12, NULL, NULL, NULL, NULL, NULL, NULL, NULL, 0, 1),
(196, 'BK Drop Off Yoga!', '367 St. Marks Ave', 'Brooklyn', 'NY', NULL, '2018-12-08', 14, 16, 4, 10, 'Yoga is wonderful for children in so many ways; it enhances physical flexibility, it refines balance and coordination, it develops focus and concentration, it boosts self-esteem and confidence, and it strengthens the mind-body connection. Join us for a 1-hour children\'s yoga class at Shambhala Yoga & Dance Center in Brooklyn, taught by certified yoga instructor Magdalene Martinez, MSW. We will follow the class with arts and crafts. *THIS CLASS WILL RUN WITH A MINIMUM OF 8 CHILDREN. ', '/catalog/play/robert-collins-333411-unsplash.jpg', 20, '', 1, NULL, 20, 52, '2018-11-26 22:20:02', NULL, 1, '', NULL, NULL, 4, NULL, NULL, NULL, NULL, NULL, NULL, NULL, NULL, NULL, NULL, NULL, 4, NULL, '14', 11, 'Arts and Crafts', '15', 10, NULL, '16', NULL, NULL, NULL, 7, 20, 3, 5, NULL, NULL, NULL, NULL, NULL, 1, 1),
(198, 'TRI Snacks & Stories', 'Tribeca Whole Foods, 270 Greenwich Street', 'New York', 'New York', NULL, '2018-12-07', 9, 12, 2, 7, 'Kiddos will be dropped off at Whole Foods Tribeca. We will meet in the eating area and begin with super fun art projects. At 9:30 we will begin our  healthy-food-making scavenger hunt! We will travel together through the store and collect our ingredients. Our little super chefs will then create their masterpieces\'.  After eating we will head over to Barnes and Noble at 97 Warren Street for open play and more crafting activities.  For the final half hour we will read stories. ***Supervised walk over available to OPEN PLAY @ KV GOLD ST. We will have a rope and pinnies for the trip!', '/catalog/health-wellness/cooking-baby-only-kitchen.jpg', 8, '', 1, NULL, 8, 28, '2018-11-27 21:56:53', NULL, 1, '', NULL, NULL, 2, NULL, NULL, NULL, NULL, NULL, NULL, NULL, NULL, NULL, NULL, NULL, 1, 'Meet @ Whole Foods Tribeca, Craft activity, Scavenger Hunt for Ingredients', '9', 6, 'Create & Eat our Snacks!', '10', 8, 'Free Play & Story at Barnes & Noble 97 Warren Street.', '11', 10, '@ 97 Warren Street Barnes & Noble ', '12', 4, 5, NULL, NULL, NULL, NULL, NULL, NULL, NULL, 1, 1),
(199, 'Open Play @ KV Gold!', 'Kidville FiDi, 40 Gold St.', 'New York', 'NY', NULL, '2018-12-07', 12, 15, 2, 5, '**PLEASE NOTE THAT THIS PLAYDATE WILL RUN AND HAVE A SPECIALIST SCHEDULED ONCE A MINIMUM OF 2 CHILDREN ARE SIGNED UP** Come join us on Friday for lunch, crafts, games, and play at the Kidville FiDi location! **Parents be advised that you will need to PACK LUNCH & SNACK for your child**\r\n\r\n', '/catalog/play/markus-spiske-135763-unsplash.jpg', 8, '', 1, NULL, 8, 28, '2018-11-27 23:40:53', '2018-12-11 16:30:26', 4, '', NULL, NULL, 2, 0, NULL, NULL, NULL, NULL, NULL, NULL, NULL, NULL, NULL, NULL, 6, 'We\'ll begin with eating our yummy and nutritious PACKED LUNCHES. Then we\'ll burn off all of that fuel with some open play in the famous Kidville gym!', '12', 3, 'We\'ll take a break from the play for an arts and crafts session , as well as organized games and physical education.', '13', 10, NULL, '15', NULL, NULL, NULL, 2, 25, NULL, NULL, NULL, NULL, NULL, NULL, NULL, 1, 1);
INSERT INTO `pd_playdates` (`id_playdate`, `name`, `loc_address`, `loc_city`, `loc_state`, `loc_id_zipcode`, `date`, `time_init`, `time_end`, `age_init`, `age_end`, `description`, `picture`, `num_children`, `invite_parents`, `privacy_type`, `privacy_group_id`, `open_spots`, `id_specialist`, `idate`, `udate`, `status`, `slug`, `id_parent`, `id_request`, `type`, `num_supporters`, `pickup_address`, `pickup_walk`, `pickup_train`, `pickup_car`, `pickup_taxi`, `dropoff_address`, `dropoff_walk`, `dropoff_train`, `dropoff_car`, `dropoff_taxi`, `act1_id`, `act1_note`, `act1_time`, `act2_id`, `act2_note`, `act2_time`, `act3_id`, `act3_note`, `act3_time`, `act4_id`, `act4_note`, `act4_time`, `add1_id`, `add1_price`, `add2_id`, `add2_price`, `add3_id`, `add3_price`, `add4_id`, `add4_price`, `id_neighborhood`, `featured`, `min_kids`) VALUES
(200, '\"Eve\" Eve CMOM Tour! ', '212 West 83rd Street', 'new york', 'New York', NULL, '2018-12-23', 10, 13, 3, 7, 'It\'s the day before the day before Christmas and I KNOW you\'ve got things to do! I love leading tours at the Children\'s Museum of Manhattan. This 5 floor educational and explorative space is full of exhibits that can keep children of all ages engaged for hours. The add-on fee reflects museum admission. I added a few extra dollars to cover the cost of my ticket too! Ideally group size will be at least 4 kids! Remember that the price drops whenever parents sign up so even if you purchase at a higher price, you can expect to have extra credit for future playdates. If you need supervised travel from a downtown location, no problem! Sign up and we\'ll coordinate.', '/catalog/care-weekend/jenn-evelyn-ann-112980-unsplash.jpg', 8, '', 1, NULL, 8, 56, '2018-11-28 17:11:16', NULL, 1, '', NULL, NULL, 4, NULL, NULL, NULL, NULL, NULL, NULL, NULL, NULL, NULL, NULL, NULL, 1, 'We\'ll get our stamps and chat about safety rules. Every child will receive a bright green pinnie. We\'ll start by exploring the first floor.', '10', 2, 'We\'ll explore the Adventures of Dora and Diego AND Playworks. This innovative 4,000 square foot environment includes Alphie—a giant talking dragon who “eats” letters, a deli, a fire truck, MTA bus, sand play, giant lite brite, soft space for crawlers and ', '11', 6, 'We\'ll enjoy our packed lunch at the Barnes and Nobles cafe down the street. Feel free to pack a few extra dollars if you\'d prefer that we purchase lunch on site.', '12', 10, 'After lunch we\'ll head back to the museum to check out the EatSleepPlay EXHIBIT. We\'ll experience interactive ways for families to create a healthier lifestyle together. Learn the essential facts and skills to make simple changes to build a strong and hea', '13', 2, 17, NULL, NULL, NULL, NULL, NULL, NULL, NULL, 1, 1),
(201, 'KV Park Slope PJ!', 'Kidville Park Slope, 808 Union St', 'Brooklyn', 'NY', NULL, '2018-12-21', 18, 21, 2, 7, 'Join us for a three-hour drop off pajama party at Kidville Park Slope that  Includes free play, dinner, arts and crafts, story time, dance time, movie time, leadership building curriculum and so much more! The more children that sign up, the price per child drops! So, invite your friends. Life is always better with a PAL! ', '/catalog/care-evening/unspecified-93.jpg', 12, '', 1, NULL, 12, 42, '2018-12-04 14:25:44', '2018-12-28 17:48:59', 4, '', NULL, NULL, 5, 0, NULL, NULL, NULL, NULL, NULL, NULL, NULL, NULL, NULL, NULL, 1, 'After check in, we\'ll enjoy Open Play in the beautiful Kidville gym! PAL Specialists will supervise and ensure safety on all equipment.', '18', 6, 'We\'ll take a break from all the action and enjoy a meal together. After meal time we’ll set up for an arts and crafts session. We’ll stick, we’ll color, we’ll practice our fine motor skills and celebrate our imaginations! ', '19', 2, ' We\'ll get back to the gym to get all the wiggles out. After another 20 minutes of Open Play, we\'ll wind down with dessert, story time, and about 30 minutes of a feature film.', '20', 10, 'We\'ll make sure parents or caregivers are authorized for pick up. We\'ll share all the fun things we got to do at Kidville today!', '21', 2, 10, 3, 5, NULL, NULL, NULL, NULL, NULL, 0, 1),
(202, 'KV UES PJ Party!', 'Kidville UES, 163 E 84th St.', 'New York', 'NY', NULL, '2018-12-14', 18, 21, 2, 7, 'Join us for a three-hour drop off pajama party at Kidville Upper East Side that Includes free play, dinner, arts and crafts, story time, dance time, movie time, leadership building curriculum and so much more! The more children that sign up, the price per child drops! So, invite your friends. Life is always better with a PAL!', '/catalog/care-evening/allen-taylor-486829-unsplash.jpg', 12, '', 1, NULL, 12, 50, '2018-12-04 14:50:00', '2018-12-18 21:24:03', 4, '', NULL, NULL, 5, 0, NULL, NULL, NULL, NULL, NULL, NULL, NULL, NULL, NULL, NULL, 1, 'After check in, we\'ll enjoy Open Play in the beautiful Kidville gym! PAL Specialists will supervise and ensure safety on all equipment.', '18', 6, 'We\'ll take a break from all the action and enjoy a meal together. After meal time we’ll set up for an arts and crafts session. We’ll stick, we’ll color, we’ll practice our fine motor skills and celebrate our imaginations! ', '19', 2, 'We\'ll get back to the gym to get all the wiggles out. After another 20 minutes of Open Play, we\'ll wind down with dessert, story time, and about 30 minutes of a feature film.', '20', 10, 'We\'ll make sure parents or caregivers are authorized for pick up. We\'ll share all the fun things we got to do at Kidville today!', '21', 2, 10, 3, 5, NULL, NULL, NULL, NULL, NULL, 1, 1),
(203, 'KV UnSq PJ Party!', 'Kidville Union Square,  67 E 11th Street', 'New York', 'NY', NULL, '2018-12-07', 18, 21, 2, 7, 'Join us for a three-hour drop off pajama party at Kidville Union Square that Includes free play, dinner, arts and crafts, story time, dance time, movie time, leadership building curriculum and so much more! The more children that sign up, the price per child drops! So, invite your friends. Life is always better with a PAL!\r\n\r\n', '/catalog/play/markus-spiske-381725-unsplash.jpg', 20, '', 1, NULL, 20, 52, '2018-12-04 15:06:04', '2018-12-10 18:11:03', 4, '', NULL, NULL, 5, 1, NULL, NULL, NULL, NULL, NULL, NULL, NULL, NULL, NULL, NULL, 1, ' After check in, we\'ll enjoy Open Play in the beautiful Kidville gym! PAL Specialists will supervise and ensure safety on all equipment.', '18', 6, 'We\'ll take a break from all the action and enjoy a meal together. After meal time we’ll set up for an arts and crafts session. We’ll stick, we’ll color, we’ll practice our fine motor skills and celebrate our imaginations! ', '19', 2, 'We\'ll get back to the gym to get all the wiggles out. After another 20 minutes of Open Play, we\'ll wind down with dessert, story time, and about 30 minutes of a feature film.', '20', 10, 'We\'ll make sure parents or caregivers are authorized for pick up. We\'ll share all the fun things we got to do at Kidville today!', '21', 2, 10, 3, 5, NULL, NULL, NULL, NULL, NULL, 0, 1),
(204, 'City Treehouse PJ Party!', 'City Treehouse, 129A W 20th St', 'New York', 'NY', NULL, '2018-12-08', 18, 21, 2, 7, 'Join us for a three-hour drop off pajama party at City Treehouse that Includes free play, dinner, arts and crafts, story time, dance time, movie time, leadership building curriculum and so much more! The more children that sign up, the price per child drops! So, invite your friends. Life is always better with a PAL!', '/catalog/play/markus-spiske-197281.jpg', 20, '', 1, NULL, 20, 40, '2018-12-04 15:12:05', '2018-12-19 22:12:27', 4, '', NULL, NULL, 5, 1, NULL, NULL, NULL, NULL, NULL, NULL, NULL, NULL, NULL, NULL, 1, 'After check in, we\'ll enjoy Open Play in the beautiful city treehouse playspace! PAL Specialists will supervise and ensure safety on all equipment.', '18', 6, 'We\'ll take a break from all the action and enjoy a meal together. After meal time we’ll set up for an arts and crafts session. We’ll stick, we’ll color, we’ll practice our fine motor skills and celebrate our imaginations!', '19', 2, 'We\'ll get back to the playspace to get all the wiggles out. After another 20 minutes of Open Play, we\'ll wind down with dessert, story time, and about 30 minutes of a feature film.', '20', 10, 'We\'ll make sure parents or caregivers are authorized for pick up. We\'ll share all the fun things we got to do at Kidville today!', '21', 2, 10, 3, 5, NULL, NULL, NULL, NULL, NULL, 0, 1),
(205, 'Mandarin Immersion for Avenues ELC', '1 West End Ave Apt 18F', 'NEW YORK', 'NY', NULL, '2018-12-16', 14, 16, 3, 4, 'This fun and playful series of private playdates is to encourage our favorite kiddos at Avenues ELC to learn and speak Mandarin! Each session will include a crafty project and a movement game to keep our tots engaged while celebrating Chinese culture and language. This week we will be learning about shape, size, and direction. We will then do a fun arts and crafts project.', '/catalog/academic/pexels-photo-256468.jpg', 8, '', 3, 46, 8, 70, '2018-12-06 03:01:34', NULL, 1, '', NULL, NULL, 4, NULL, NULL, NULL, NULL, NULL, NULL, NULL, NULL, NULL, NULL, NULL, 3, 'We will draw different shapes in different sizes. Then we will give them eyes, noses, and mouths. ', '14', 4, 'We will get our bodies moving by playing a game of “follow the direction” while practice our Mandarin. We’ll then enjoy a nut-free snack provided by our parent host.', '15', 10, 'We’ll end our session with a story in Mandarin while we wait for our parents to come pick us up!', '16', NULL, NULL, NULL, 3, 3, NULL, NULL, NULL, NULL, NULL, NULL, NULL, 0, 1),
(206, 'Science and Fun!', '562 West End Ave, 9C', 'New York', 'NY', NULL, '2018-12-23', 16, 20, 5, 7, 'We will have so much fun in this evening of play, laughs, and even a science experiment! We\'ll begin with some structured play in the form of STEM-based brain teasers (and maybe even make our own surprise terrarium jar!). We\'ll then read a story about volcanoes and their history on Earth as well as how they function. Afterward, we\'ll take a break for some delicious and nutritious dinner! Post-dinner, we\'ll begin making our very own volcanoes! We\'ll build ours out of kids\' clay, paper tubes,  and mess-free markers and washable pen paint to keep the mess to a minimum. After we\'ve created our volcanoes, we\'ll talk about how we can make them erupt just like the real thing! Using vinegar, dish soap, and even some food coloring for fun, we\'ll make our', '/catalog/academic/pexels-photo-248152.jpg', 2, '', 2, NULL, 2, 27, '2018-12-10 20:51:53', '2018-12-28 17:54:34', 4, '', NULL, NULL, 5, 0, NULL, NULL, NULL, NULL, NULL, NULL, NULL, NULL, NULL, NULL, 2, 'We\'ll begin with STEM-based brain teasers and a terrarium jar craft!', '16', 6, 'We\'ll take a break to enjoy our dinner.', '17', 3, 'After reading and learning about volcanoes, we\'ll make our very own!', '18', 11, 'It\'s time to end the night, and have sweet dreams of our volcano adventures!', '20', 3, 7, NULL, NULL, NULL, NULL, NULL, NULL, NULL, 0, 1),
(207, 'Movie @ Great Room!', 'The Great Room, 194 Columbia St.', 'Brooklyn', 'NY', NULL, '2019-02-01', 18, 21, 5, 10, 'We\'ll greet our movie squad and get to know each other with some casual crafting and open play. We\'ll play a few rounds of Heads Up to break the ice and prepare for an evening of food, cinema, and a whole lot of SILLY! We\'ll then fuel up before go-time! A true rock star lives on pizza and makes sure to eat a little something before any major performance. Afterward, we\'ll get out the wiggles with our little ones by playing a few fun music-based group games like musical chairs and freeze dance! The big kids club will enjoy a selection of board games to stimulate the mind before wind-down. It\'s movie time! We\'ll play a classic that is both ageless and timeless. ', '/catalog/nyc-theater/felix-mooneeram-222805-unsplash.jpg', 12, '', 1, NULL, 12, 27, '2018-12-10 21:10:45', '2019-01-12 17:48:47', 1, '', NULL, NULL, 8, NULL, NULL, NULL, NULL, NULL, NULL, NULL, NULL, NULL, NULL, NULL, NULL, 'We\'ll begin our night with crafts and a game of Heads Up!', '18', 6, 'We\'ll take a break from the fun to enjoy a delicious pizza meal.', '19', NULL, 'We\'ll end our night with a dance party, game time, and a movie!', '20', 10, 'Our night is over, and at pickup, we\'ll fill in the grown-ups on all the fun we had!', '21', 2, 12, 4, 3, NULL, NULL, NULL, NULL, NULL, 1, 1),
(208, 'Mickey Museum Tour!', '60 10th Avenue', 'New York', 'NY ', NULL, '2019-01-02', 10, 13, 3, 10, 'Mickey: The True Original Exhibition celebrates 90 years of Mickey Mouse’s influence on art and pop culture. Opening in November 2018, this immersive experience is inspired by Mickey’s status as a ‘true original’ and his consistent impact on the arts and creativity in all its forms. We\'ll have the chance to explore the 16,000 square-foot exhibition featuring both historic and contemporary work from renowned artists.', '/catalog/care-after-school/santi-vedri-707620-unsplash.jpg', 10, '', 1, NULL, 10, 56, '2018-12-11 15:41:11', '2018-12-17 15:38:11', 1, '', NULL, NULL, 2, NULL, NULL, NULL, NULL, NULL, NULL, NULL, NULL, NULL, NULL, NULL, 1, 'We\'ll review safety rules then start exploring the magic of Mickey! ', '10', 3, 'We\'ll take a break from all the action and enjoy a Mickey themed crafting session. We\'ll become pros at drawing and creating our very own MIckeys to take home!', '11', 6, 'After we do some more exploring we\'ll surely have worked up an appetite! We\'ll enjoy a packed lunch on site or walk over to the local Bareburger. Parents will need to pack extra cash for lunch if it is not packed. ', '12', 8, 'We\'ll wind down with a Disney themed story time and reflection on our Mickey tour. What was your favorite part?', '13', 2, 38, NULL, NULL, NULL, NULL, NULL, NULL, NULL, 0, 1),
(210, 'Tribeca Perf. Arts Show ', '199 Chambers St', 'New York', 'NY ', NULL, '2018-12-15', 11, 13, 4, 9, 'A musical revue of beloved contemporary children’s books! Dragons Love Tacos by Adam Rubin, illustrated by Daniel Salmieri. Dragons love all sorts of tacos — except spicy ones! When a boy throws his new dragon friends a spicy salsa taco party, red-hot trouble ensues.', '/catalog/nyc-theater/manos-gkikas-422953-unsplash.jpg', 10, '', 1, NULL, 10, 52, '2018-12-12 18:33:56', NULL, 1, '', NULL, NULL, 4, NULL, NULL, NULL, NULL, NULL, NULL, NULL, NULL, NULL, NULL, NULL, 1, 'Drop Off should begin around 10:45am', '11', 8, 'The show begins promptly at 11:00am', '11', 10, NULL, '13', NULL, NULL, NULL, 2, 33, NULL, NULL, NULL, NULL, NULL, NULL, NULL, 1, 1),
(211, 'Test Generate Support', '175 Varick Street', 'New York', 'NY', NULL, '2018-12-16', 18, 21, 1, 8, 'Test', '/catalog/care-evening/unspecified-93.jpg', 6, '', 2, NULL, 6, 16, '2018-12-13 16:40:30', '2018-12-14 09:00:52', 4, '', NULL, NULL, 5, 1, NULL, NULL, NULL, NULL, NULL, NULL, NULL, NULL, NULL, NULL, 1, 'Test', '18', 2, 'Test', '19', 6, 'Test', '20', 10, 'Test', '21', NULL, NULL, NULL, NULL, NULL, NULL, NULL, NULL, NULL, 0, 1),
(212, 'Midday CMA!', 'Children\'s Museum Of Arts', 'New York', 'NY', NULL, '2018-12-03', 11, 13, 2, 7, 'Come have a little bit of midday play at CMA! This trip to the Children\'s Museum of Manhattan is the perfect break for kiddos off of school for the day and for parents to have some me-time. ', '/catalog/creative/pexels-photo-220320.jpg', 5, '', 1, NULL, 5, 55, '2018-12-13 21:51:10', NULL, 1, '', NULL, NULL, 2, NULL, NULL, NULL, NULL, NULL, NULL, NULL, NULL, NULL, NULL, NULL, 1, NULL, '11', 6, NULL, '12', 10, NULL, '13', NULL, NULL, NULL, NULL, NULL, NULL, NULL, NULL, NULL, NULL, NULL, NULL, 0, 1),
(215, 'Mandarin Immersion at 20 Pine St', '20 Pine Street', 'New York', 'NY', NULL, '2018-12-27', 9, 11, 3, 4, 'Join our specialist Meiling for a session on Mandarin session full of culture, crafts, and creativity! We will be talking about colors, numbers, and the Chinese paper lantern.  As the children arrive, we will have a rainbow coloring sheet for them to do, where they can practice saying the colors in Chinese and counting the rainbows in Chinese. Then Meiling will go over with the children how to make their own paper lanterns using construction paper, scissors, and glue. The children will be able to decorate their lanterns and hang it up in their homes! Afterward, we’ll do a physical activity of “Passing the Ball”, where we will pass the ball to each other and say something related to what we’ve learned today in Mandarin. ', '/catalog/creative/pexels-photo-207665.jpg', 8, '', 2, 46, 8, 69, '2018-12-16 19:58:13', '2018-12-28 17:55:49', 4, '', NULL, NULL, 2, 1, NULL, NULL, NULL, NULL, NULL, NULL, NULL, NULL, NULL, NULL, 1, 'We will introduce ourselves in Mandarin and get started! We’ll color the rainbow and start practicing our Mandarin colors. ', '9:30', 3, 'Our first activity combines Chinese culture, crafting, and language learning all in one! We’ll make paper lanterns while learning about colors and numbers in Mandarin. ', '10', 4, 'This indoor friendly game of “pass the ball” will get our bodies moving while we practice our Mandarin vocabulary. ', '11', 8, 'We’ll fuel up with a nut-free snack provided by the parents, and read a story in Mandarin to end the session. ', '11:30', 3, 3, NULL, NULL, NULL, NULL, NULL, NULL, NULL, 0, 1),
(217, 'Nicole and Zoe Test Playdate', '112 Prospect Place', 'New York', 'NY', NULL, '2018-12-30', 9, 12, 2, 5, 'We will wrap all of Park Slope in holiday wrapping paper.', '/catalog/creative/pexels-photo-207665.jpg', 6, '', 3, 51, 6, 16, '2018-12-17 19:10:24', '2018-12-19 22:21:59', 1, '', NULL, NULL, 4, NULL, NULL, NULL, NULL, NULL, NULL, NULL, NULL, NULL, NULL, NULL, NULL, NULL, '9', NULL, NULL, '10', NULL, NULL, '11', NULL, NULL, '12', NULL, NULL, NULL, NULL, NULL, NULL, NULL, NULL, NULL, 0, 1),
(219, 'TEST', '232 E 67th St', 'New York', 'NY', NULL, '2018-12-27', 10, 11, 7, 9, 'We will have so much fun in this evening of play, laughs, and even a science experiment! We\'ll begin with some structured play in the form of STEM-based board games and brain teasers to get our minds warmed up. We\'ll then read a story about volcanoes and their history on Earth as well as how they function. Afterward, we\'ll take a break for some delicious and nutritious dinner! Post-dinner, we\'ll begin making our very own volcanoes! We\'ll build ours out of kids\' clay, paper tubes,  and mess-free markers and washable pen paint to keep the mess to a minimum. After we\'ve created our volcanoes, we\'ll talk about how we can make them erupt just like a real one! Using vinegar, dish soap, and even some food coloring for fun, we\'ll make our volcanoes erup', '/catalog/care-weekend/pexels-photo-366666.jpg', 1, '', 2, NULL, 1, 55, '2018-12-17 20:55:19', NULL, 1, '', NULL, NULL, 4, NULL, NULL, NULL, NULL, NULL, NULL, NULL, NULL, NULL, NULL, NULL, NULL, NULL, NULL, NULL, NULL, NULL, NULL, NULL, NULL, NULL, NULL, NULL, NULL, NULL, NULL, NULL, NULL, NULL, NULL, NULL, NULL, 0, 1),
(220, 'CSL Party Play PJ', '175 Varick St', 'New York', 'New York', NULL, '2018-12-31', 10, 15, 2, 8, 'PJ TEST PARTY', '/catalog/play/charlein-gracia-682270-unsplash.jpg', 12, '', 2, NULL, 12, 55, '2018-12-21 16:17:58', NULL, 1, '', NULL, NULL, 4, NULL, NULL, NULL, NULL, NULL, NULL, NULL, NULL, NULL, NULL, NULL, 2, NULL, '10', 5, NULL, '10:30', 3, NULL, '13', 10, NULL, '15', 2, 10, NULL, NULL, NULL, NULL, NULL, NULL, NULL, 0, 8),
(224, 'PJ @ KV UnSq!', '67 E 11th St', 'New York', 'NY', NULL, '2019-01-04', 18, 21, 2, 7, 'Join us for a three-hour drop off pajama party at Kidville Union Square that Includes free play, dinner, arts and crafts, story time, dance time, movie time, leadership building curriculum and so much more! The more children that sign up, the price per child drops! So, invite your friends. Life is always better with a PAL!\r\n', '/catalog/nyc-theater/felix-mooneeram-222805-unsplash.jpg', 24, '', 1, NULL, 24, 45, '2019-01-02 01:32:11', '2019-01-07 22:40:04', 4, '', NULL, NULL, 5, 1, NULL, NULL, NULL, NULL, NULL, NULL, NULL, NULL, NULL, NULL, 1, 'After check in, we\'ll enjoy Open Play in the beautiful Kidville gym! PAL Specialists will supervise and ensure safety on all equipment.', '18', 6, 'We\'ll take a break from all the action and enjoy a meal together. After mealtime, we’ll set up for an arts and crafts session. We’ll stick, we’ll color, we’ll practice our fine motor skills and celebrate our imaginations! ', '19', 2, 'We\'ll get back to the gym to get all the wiggles out. After another 20 minutes of Open Play, we\'ll wind down with dessert, story time, and about 30 minutes of a feature film.', '19:30', 10, 'We\'ll wind down with a movie. We\'ll make sure parents or caregivers are authorized for pick up. We\'ll share all the fun things we got to do at Kidville today!', '20:30', 2, 10, 4, 5, NULL, NULL, NULL, NULL, NULL, 1, 8),
(225, 'PJ @ KV Park Slope!', '808 Union Street', 'Brooklyn', 'NY', NULL, '2019-01-18', 18, 21, 2, 7, 'Join us for a fun three-hour drop off pajama party that Includes free play, dinner, arts and crafts, story time, dance time, movie time, leadership building curriculum and so much more! The more children that sign up, the price per child drops! So, invite your friends. Life is always better with a PAL!', '/catalog/creative/pexels-photo-730807.jpg', 24, '', 1, NULL, 24, 51, '2019-01-02 02:14:18', '2019-01-02 17:26:39', 1, '', NULL, NULL, 4, NULL, NULL, NULL, NULL, NULL, NULL, NULL, NULL, NULL, NULL, NULL, 1, 'We\'ll get to know each other a little and then jump right into facilitated open play time, with PAL specialists ready to assist. The kids will get to jump, run, dance, bounce, hop, and so much more in a safe environment. ', '18', 6, 'Did someone say PIZZA?! Don\'t worry, we have tons of napkins on standby and right after, we\'ll unleash our imaginations and creativity during arts and crafts time.  Can\'t wait to see the masterpieces they\'ll create!', '19', 2, 'We\'ll play some more and then it\'s MOVIE TIME + SNACK = MAGIC. The kids can bring their snuggle buddy animals, blanket, pillow, and snuggies and wind down for the evening. ', '20', 10, 'While you were away... we had a blast and we\'ll be sure to catch the parents up to speed and ensure that everyone is packed up, checked out, and ready to hit the road with the authorized parents/caregivers. See ya later alligators!', '21', 2, 10, 4, 5, NULL, NULL, NULL, NULL, NULL, 1, 8),
(226, '1/6 Mandarin Immersion For Avenues ELC', '183 State St. APT 5 ', 'Brooklyn', 'NY', NULL, '2019-01-06', 14, 16, 2, 7, 'As we return from the holidays, we’re excited to announce another Mandarin Immersion playdate! This week we will be learning about the parts of our body using Mandarin. We’ll begin the session as usual, with a coloring sheet and a quick vocabulary lesson on the parts of our body. Then we’ll work on a giant piece of art: body tracing! The children will trace their bodies (or freehand them if the paper isn’t large enough) and they’ll decorate them to look like themselves. Afterward, we’ll place labels on our drawings to complete the project! For movement, we’ll dance to the classic “Head Shoulders Knees and Toes”, but in Mandarin. After refueling with a snack from our host parent, we’ll end the session with a storybook read by Meiling.\r\n\r\n', '/catalog/language-culture/asli-yilmaz-350054-unsplash.jpg', 8, '', 3, 46, 8, 69, '2019-01-02 16:25:39', '2019-01-08 06:34:50', 4, '', NULL, NULL, 4, 0, NULL, NULL, NULL, NULL, NULL, NULL, NULL, NULL, NULL, NULL, 3, 'We\'ll get started with a coloring sheet and introduce the vocabulary words for the session.', '14', NULL, 'We\'ll do a body tracing activity and label the different parts of our body.', '14:30', 7, 'We\'ll play a variation of Heads, Shoulders Knees and Toes', '15', 8, 'We\'ll end the session with a story book.', '15:30', NULL, NULL, NULL, NULL, NULL, NULL, NULL, NULL, NULL, 0, 2),
(227, 'Stinky Cheese @ TPAC!', 'BMCC Tribeca Performing Arts Center, 199 Chambers St ', 'New York', 'NY', NULL, '2019-02-03', 10, 13, 4, 10, 'Ready for a fun Sunday at your local Tribeca theater? Let\'s go see The Stinky Cheese Man! Poor Jack. He’s got to use his wits to save himself from the terrible Giant, but a host of familiar fairytale characters keep messing up his plans—and then there’s that annoying Stinky Cheese Man! The Stinky Cheese Man and Other Fairly Stupid Tales deconstructs the tradition of the fairy tale. Characters slide in and out of tales; Cinderella rebuffs Rumpelstiltskin, and Goldilocks meets the Three Elephants. Nothing is quite the same as you remember it. \r\n\r\n', '/catalog/nyc-theater/kilyan-sockalingum-478724-unsplash.jpg', 8, '', 1, NULL, 8, 55, '2019-01-02 18:15:50', NULL, 1, '', NULL, NULL, 4, NULL, NULL, NULL, NULL, NULL, NULL, NULL, NULL, NULL, NULL, NULL, 1, 'We\'ll meet at Whole Foods Tribeca to begin our morning with a yummy and delicious snack & story!', '10', 9, 'Once all of our friends have arrived and our tummies are full, we\'ll take a short ride over to the Tribeca Performing arts Center to get ready for our show.', '10:30', 11, 'Lights and action! Our show, The Stinky Cheese Man begins!', '11', 2, 'If it\'s not too chilly, we\'ll take a short walk after the show to WM playground to run out our jitters and wait for parents to pickup!', '12:30', 2, 30, 4, 5, NULL, NULL, NULL, NULL, NULL, 1, 1),
(228, 'PJ @ KV UES!', 'Kidville UES, 163 E 84th St.', 'New York', 'NY', NULL, '2019-01-11', 18, 21, 2, 7, 'Join us for a three-hour drop off pajama party at Kidville Upper East Side that Includes free play, dinner, arts and crafts, story time, dance time, movie time, leadership building curriculum and so much more! The more children that sign up, the price per child drops! So, invite your friends. Life is always better with a PAL!', '/catalog/care-evening/unspecified-93.jpg', 24, '', 1, NULL, 24, 42, '2019-01-02 18:26:20', '2019-01-12 03:33:03', 4, '', NULL, NULL, 5, 1, NULL, NULL, NULL, NULL, NULL, NULL, NULL, NULL, NULL, NULL, 1, 'After check in, we\'ll enjoy Open Play in the beautiful Kidville gym! PAL Specialists will supervise and ensure safety on all equipment.', '18', 6, 'We\'ll take a break from all the action and enjoy a meal together. After mealtime, we’ll set up for an arts and crafts session. We’ll stick, we’ll color, we’ll practice our fine motor skills and celebrate our imaginations! ', '19', 2, 'We\'ll get back to the gym to get all the wiggles out. After another 20 minutes of Open Play, we\'ll wind down with dessert, story time, and about 30 minutes of a feature film.', '20', 10, 'We\'ll make sure parents or caregivers are authorized for pick up. We\'ll share all the fun things we got to do at Kidville today!', '21', 2, 10, 4, 5, NULL, NULL, NULL, NULL, NULL, 1, 8),
(229, 'PJ @ City T.H!', 'City Treehouse, 129A W 20th St', 'New York', 'NY', NULL, '2019-01-12', 18, 21, 2, 7, 'Join us for a three-hour drop off pajama party at City Treehouse that Includes free play, dinner, arts and crafts, story time, dance time, movie time, leadership building curriculum and so much more! The more children that sign up, the price per child drops! So, invite your friends. Life is always better with a PAL!\r\n', '/catalog/play/markus-spiske-135763-unsplash.jpg', 24, '', 1, NULL, 24, 40, '2019-01-02 18:32:14', '2019-01-12 18:30:39', 1, '', NULL, NULL, 5, NULL, NULL, NULL, NULL, NULL, NULL, NULL, NULL, NULL, NULL, NULL, 1, 'After check in, we\'ll enjoy Open Play in the beautiful playspace! PAL Specialists will supervise and ensure safety on all equipment.', '18', 6, 'We\'ll take a break from all the action and enjoy a meal together. After mealtime, we’ll set up for an arts and crafts session. We’ll stick, we’ll color, we’ll practice our fine motor skills and celebrate our imaginations! ', '19', 2, 'We\'ll get back to the gym to get all the wiggles out. After another 20 minutes of Open Play, we\'ll wind down with dessert, story time, and about 30 minutes of a feature film.', '20', 10, 'We\'ll make sure parents or caregivers are authorized for pick up. We\'ll share all the fun things we got to do at City Treehouse today!', '21', 2, 10, 4, 5, NULL, NULL, NULL, NULL, NULL, 0, 8),
(230, 'PJ @ KV UWS!', 'Kidville Upper West Side, 205 W 88th St.', 'New York', 'NY', NULL, '2019-01-25', 18, 21, 2, 7, 'Join us for a three-hour drop off pajama party at Kidville UWS that Includes free play, dinner, arts and crafts, story time, dance time, movie time, leadership building curriculum and so much more! The more children that sign up, the price per child drops! So, invite your friends. Life is always better with a PAL!\r\n', '/catalog/care-evening/allen-taylor-486829-unsplash.jpg', 24, '', 1, NULL, 24, 40, '2019-01-02 18:36:23', NULL, 1, '', NULL, NULL, 5, NULL, NULL, NULL, NULL, NULL, NULL, NULL, NULL, NULL, NULL, NULL, 1, 'After check in, we\'ll enjoy Open Play in the beautiful Kidville gym! PAL Specialists will supervise and ensure safety on all equipment.', '18', 6, 'We\'ll take a break from all the action and enjoy a meal together. After mealtime, we’ll set up for an arts and crafts session. We’ll stick, we’ll color, we’ll practice our fine motor skills and celebrate our imaginations! ', '19', 2, 'We\'ll get back to the gym to get all the wiggles out. After another 20 minutes of Open Play, we\'ll wind down with dessert, story time, and about 30 minutes of a feature film.', '20', 10, 'We\'ll make sure parents or caregivers are authorized for pick up. We\'ll share all the fun things we got to do at Kidville today!', '21', 2, 10, 4, 5, NULL, NULL, NULL, NULL, NULL, 0, 8),
(231, 'Skate @ Brookfield Pl!', 'The Rink at Brookfield Place, 250 Vesey St.', 'New York', 'NY', NULL, '2019-01-12', 10, 12, 4, 8, 'Come join us for a morning skate session and yummy Le District lunch! We\'ll begin our morning with an ice skating session at The Rink at Brookfield Place, then afterward we\'ll warm back up in Le District for a yummy and nutritious lunch to refuel us, and end the session with a story and craft. ', '/catalog/care-weekend/jenn-evelyn-ann-112980-unsplash.jpg', 6, '', 1, NULL, 6, 42, '2019-01-02 19:31:07', NULL, 1, '', NULL, NULL, 4, NULL, NULL, NULL, NULL, NULL, NULL, NULL, NULL, NULL, NULL, NULL, 2, 'We\'ll begin our morning with an ice skating session at The Rink at Brookfield Place.', '10', 6, 'After our skate, we\'ll warm back up in Le District for a yummy and nutritious lunch to refuel us!', '11', 10, 'Before pickup, we\'ll enjoy a story and craft time!', '12', NULL, NULL, NULL, 2, 15, 5, 5, 4, 15, NULL, NULL, NULL, 1, 2),
(232, 'After-School Skate!', 'The Rink at Brookfield Place, 250 Vesey St.', 'New York', 'NY', NULL, '2019-01-10', 15, 17, 3, 7, 'Come join us for an after-school skate session and yummy pizza dinner! We\'ll begin our afternoon with an ice skating session at The Rink at Brookfield Place, then afterward we\'ll warm back up in Brookfield Place for a yummy pizza dinner to refuel us, and end the session with a story and craft. ', '/catalog/play/robert-collins-333411-unsplash.jpg', 6, '', 1, NULL, 6, 27, '2019-01-02 20:45:08', NULL, 1, '', NULL, NULL, 2, NULL, NULL, NULL, NULL, NULL, NULL, NULL, NULL, NULL, NULL, NULL, 2, 'We\'ll begin our afternoon with an ice skating session at The Rink at Brookfield Place.', '15', 6, 'After our skate, we\'ll warm back up in Brookfield Place for a yummy pizza dinner to refuel us!', '16', 8, 'Before pickup, we\'ll enjoy a story and craft time!', '16:30', 10, 'It\'s pickup! We\'ll tell our parents about all the fun we had today!', '17', 2, 15, 5, 5, 4, 7, NULL, NULL, NULL, 1, 2),
(233, 'CMA After-School!', 'Children\'s Museum Of The Arts, 103 Charlton St.', 'New York', 'NY', NULL, '2019-01-17', 16, 18, 3, 7, 'Join us for two-hour drop-off, afterschool playdate at the Children\'s Museum of Arts in Soho West. Includes free exploration of the museum, story time, leadership building curriculum, tons of arts and crafts and so much more!\r\n', '/catalog/creative/pexels-photo-207665.jpg', 12, '', 1, NULL, 12, 27, '2019-01-02 20:55:57', NULL, 1, '', NULL, NULL, 2, NULL, NULL, NULL, NULL, NULL, NULL, NULL, NULL, NULL, NULL, NULL, 11, 'We\'ll hit the ground running and explore CMA on arrival!', '16', 5, 'We\'ll take a break from our museum tour for a snack and short game session with our friends.', '17', 8, 'We\'ll wind down before pickup with a story to tickle our imaginations pink!', '17:30', 10, 'Our parents will pickup, and we\'ll tell them about our awesome time at CMA!', '18', 2, 5, 4, 5, NULL, NULL, NULL, NULL, NULL, 0, 4),
(234, 'MLK Skate & Movie Day!', 'The Rink at Brookfield Place, 250 Vesey St.', 'New York', 'NY', NULL, '2019-01-21', 9, 14, 4, 9, 'Come join us for a morning skate session, yummy Le District lunch, and afternoon movie! We\'ll begin our morning with an ice skating session at The Rink at Brookfield Place, then afterward we\'ll warm back up in Le District for a yummy and nutritious lunch to refuel us, and end the session with a kid-friendly movie at The Regal Cinema next door!', '/catalog/care-after-school/leo-rivas-30808-unsplash.jpg', 12, '', 1, NULL, 12, 27, '2019-01-02 21:06:23', NULL, 1, '', NULL, NULL, 2, NULL, NULL, NULL, NULL, NULL, NULL, NULL, NULL, NULL, NULL, NULL, 2, 'We\'ll begin our morning with a skate session at The Rink, followed by some time to warm up afterward in Le District for crafts, stories, and games!', '9', 6, 'We\'ll enjoy a delicious and nutritious lunch at Le District!', '11', 11, 'We\'ll enjoy a movie and popcorn at the movie theatre!', '12', 10, 'What a day! We\'ll surely fall asleep on the ride home once parents pickup and we tell all about our fun day.', '14', 2, 29, 4, 15, 5, 5, NULL, NULL, NULL, 0, 2),
(235, 'Mandarin Immersion for Avenues ELC', '97 Warren Street', 'New York', 'New York', NULL, '2019-01-13', 14, 16, 3, 4, 'This fun and playful series of private playdates is to encourage our favorite kiddos at Avenues ELC to learn and speak Mandarin! Each session will include a crafty project and a movement game to keep our tots engaged while celebrating Chinese culture and language. This week we will be learning about nature. We will then do a fun arts and crafts project.', '/catalog/play/markus-spiske-135763-unsplash.jpg', 8, '', 3, 46, 8, 70, '2019-01-06 22:24:20', '2019-01-08 17:22:36', 1, '', NULL, NULL, 4, NULL, NULL, NULL, NULL, NULL, NULL, NULL, NULL, NULL, NULL, NULL, 3, 'We will look at paintings of mountain, sky, water, sun, etc, and then write Chinese characters on the paintings and coloring sheet.', '14', 4, 'We will get our bodies moving by playing a game of hot potato. When the music stops, whoever has the ball will have to talk about things in nature in Mandarin. We’ll then enjoy a nut-free snack provided by our parent host.', '15', 10, 'We’ll end our session with the story of the giant Pangu in Mandarin while we wait for our parents to come pick us up!', '16', NULL, NULL, NULL, 3, 3, NULL, NULL, NULL, NULL, NULL, NULL, NULL, 0, 1),
(236, 'Minimum Kids TEST', 'Central Park', 'New York', 'NY', NULL, '2019-01-08', 9, 12, 3, 5, '', '/catalog/play/charlein-gracia-682270-unsplash.jpg', 12, '', 2, NULL, 12, 16, '2019-01-07 16:32:39', '2019-01-07 18:11:01', 2, '', NULL, NULL, 6, NULL, NULL, NULL, NULL, NULL, NULL, NULL, NULL, NULL, NULL, NULL, 1, NULL, '9', 2, NULL, '10', 5, NULL, '11', 10, NULL, '12', NULL, NULL, NULL, NULL, NULL, NULL, NULL, NULL, NULL, 0, 4);

-- --------------------------------------------------------

--
-- Estructura de tabla para la tabla `pd_playdate_comments`
--

DROP TABLE IF EXISTS `pd_playdate_comments`;
CREATE TABLE `pd_playdate_comments` (
  `id_comment` int(10) UNSIGNED NOT NULL,
  `id_parent` int(10) UNSIGNED DEFAULT NULL,
  `comment` text NOT NULL,
  `idate` datetime NOT NULL,
  `udate` datetime DEFAULT NULL,
  `id_specialist` int(10) UNSIGNED DEFAULT NULL,
  `id_playdate` int(10) UNSIGNED DEFAULT NULL
) ENGINE=InnoDB DEFAULT CHARSET=utf8;

--
-- Volcado de datos para la tabla `pd_playdate_comments`
--

INSERT INTO `pd_playdate_comments` (`id_comment`, `id_parent`, `comment`, `idate`, `udate`, `id_specialist`, `id_playdate`) VALUES
(28, NULL, 'Can\'t wait to see you all there!', '2018-10-03 20:59:11', NULL, 37, 104),
(37, 20, 'Hi Liz, the total that was generated is less than what we owe. I am trying to figure out why but in the meantime,  once this payment is processed I will send you another playdate with whatever the balance is. Better to get more playdates on your profile anyway! Thanks for bearing with us! ', '2018-11-01 17:31:16', NULL, NULL, 160),
(38, NULL, 'Hi Parents! So excited to meet you and your little ones this Sunday. By the end of the playdate let\'s make sure to have another host lined up so that we can open the session for the following weekend. If anyone is interested in hosting, just drop a line here. See you soon! Amanda', '2018-11-15 17:13:59', NULL, 56, 179),
(40, NULL, 'Magdalene M. is a Dominican-American yoga teacher who currently lives in Brooklyn, NY. She is  certified through the Niroga Institute and Asana Alphabet to teach children, youth and adults.  The Brooklynite is committed to teaching inner city kids and has experience leading workshops at Girls Inc NYC, Brooklyn Friends School and the Coalition for Hispanic Families. She also writes yoga stories to help her students understand the practice of yoga.\r\n\r\nCheck out her Instagram page @goonieyoga', '2018-11-26 22:27:59', NULL, 52, 196),
(41, NULL, 'Hello parents! I am here to chat if you have any questions or concerns. Very much looking forward to this playdate! ', '2018-12-06 18:34:02', NULL, 52, 203),
(42, NULL, 'Hello parents! I am here to chat if you have any questions or concerns. Very much looking forward to this playdate! ', '2018-12-06 18:34:42', NULL, 52, 203),
(43, NULL, 'Hello parents! I am here to chat if you have any questions or concerns. Very much looking forward to this playdate! ', '2018-12-06 18:34:52', NULL, 52, 203),
(44, 20, 'Hey Parents! TEST COMMENT', '2018-12-19 22:33:34', NULL, NULL, 217),
(45, 20, 'Hey Specialist! My child is the best! TEST COMMENT', '2018-12-19 22:37:32', NULL, NULL, 217),
(46, NULL, 'Hey parents! Just a reminder to sign up for this week’s play date if you haven’t already! Happy holidays, and see you all soon! ', '2018-12-24 05:42:29', NULL, 69, 215),
(47, NULL, 'Hey parents! Just a reminder that the play date is 9:30AM, not 9AM! See you all tomorrow! ', '2018-12-27 03:27:52', NULL, 69, 215);

-- --------------------------------------------------------

--
-- Estructura de tabla para la tabla `pd_playdate_interests`
--

DROP TABLE IF EXISTS `pd_playdate_interests`;
CREATE TABLE `pd_playdate_interests` (
  `id_playdate` int(10) UNSIGNED NOT NULL,
  `id_interest` int(10) UNSIGNED NOT NULL,
  `idate` datetime NOT NULL
) ENGINE=InnoDB DEFAULT CHARSET=latin1;

--
-- Volcado de datos para la tabla `pd_playdate_interests`
--

INSERT INTO `pd_playdate_interests` (`id_playdate`, `id_interest`, `idate`) VALUES
(95, 10, '2018-10-03 15:49:34'),
(95, 11, '2018-10-03 15:49:34'),
(96, 2, '2018-10-03 16:18:21'),
(96, 3, '2018-10-03 16:18:21'),
(96, 6, '2018-10-03 16:18:21'),
(96, 10, '2018-10-03 16:18:21'),
(97, 3, '2018-10-03 16:42:59'),
(97, 6, '2018-10-03 16:42:59'),
(97, 7, '2018-10-03 16:42:59'),
(97, 9, '2018-10-03 16:42:59'),
(100, 6, '2018-10-03 18:23:30'),
(101, 6, '2018-10-03 18:38:09'),
(102, 6, '2018-10-03 19:35:02'),
(103, 6, '2018-10-03 20:00:07'),
(104, 1, '2018-10-03 20:58:42'),
(104, 10, '2018-10-03 20:58:42'),
(109, 6, '2018-10-12 23:14:25'),
(109, 7, '2018-10-12 23:14:25'),
(109, 8, '2018-10-12 23:14:25'),
(109, 9, '2018-10-12 23:14:25'),
(110, 1, '2018-10-15 19:33:56'),
(110, 10, '2018-10-15 19:33:56'),
(110, 11, '2018-10-15 19:33:56'),
(133, 6, '2018-10-24 17:51:19'),
(142, 4, '2018-10-26 17:12:03'),
(142, 6, '2018-10-26 17:12:03'),
(142, 7, '2018-10-26 17:12:03'),
(143, 4, '2018-10-26 17:19:04'),
(143, 6, '2018-10-26 17:19:04'),
(143, 7, '2018-10-26 17:19:04'),
(144, 4, '2018-10-26 17:23:06'),
(144, 6, '2018-10-26 17:23:06'),
(144, 7, '2018-10-26 17:23:06'),
(145, 4, '2018-10-26 17:29:31'),
(145, 6, '2018-10-26 17:29:31'),
(145, 7, '2018-10-26 17:29:32'),
(146, 4, '2018-10-26 17:33:02'),
(146, 6, '2018-10-26 17:33:02'),
(146, 7, '2018-10-26 17:33:02'),
(153, 6, '2018-10-29 15:44:49'),
(153, 7, '2018-10-29 15:44:49'),
(154, 1, '2018-10-29 19:38:26'),
(154, 3, '2018-10-29 19:38:26'),
(154, 6, '2018-10-29 19:38:26'),
(154, 10, '2018-10-29 19:38:26'),
(155, 1, '2018-10-29 20:15:15'),
(155, 4, '2018-10-29 20:15:15'),
(155, 6, '2018-10-29 20:15:15'),
(155, 7, '2018-10-29 20:15:15'),
(156, 3, '2018-10-31 04:53:13'),
(156, 10, '2018-10-31 04:53:13'),
(162, 6, '2018-11-02 19:00:34'),
(164, 3, '2018-11-06 00:41:21'),
(164, 6, '2018-11-06 00:41:21'),
(165, 3, '2018-11-06 00:58:36'),
(165, 6, '2018-11-06 00:58:36'),
(166, 6, '2018-11-06 13:32:21'),
(172, 3, '2018-11-08 19:11:36'),
(174, 7, '2018-11-08 21:10:30'),
(174, 9, '2018-11-08 21:10:30'),
(174, 11, '2018-11-08 21:10:30'),
(175, 7, '2018-11-08 21:22:30'),
(175, 8, '2018-11-08 21:22:30'),
(176, 7, '2018-11-08 21:38:20'),
(176, 8, '2018-11-08 21:38:20'),
(179, 1, '2018-11-09 17:48:55'),
(179, 5, '2018-11-09 17:48:55'),
(179, 6, '2018-11-09 17:48:55'),
(182, 3, '2018-11-13 20:34:05'),
(182, 6, '2018-11-13 20:34:05'),
(185, 3, '2018-11-13 23:23:25'),
(185, 6, '2018-11-13 23:23:25'),
(185, 7, '2018-11-13 23:23:25'),
(186, 11, '2018-11-16 01:18:19'),
(187, 6, '2018-11-16 21:31:15'),
(189, 11, '2018-11-19 18:10:43'),
(192, 1, '2018-11-26 19:15:51'),
(192, 5, '2018-11-26 19:15:51'),
(192, 6, '2018-11-26 19:15:51'),
(193, 3, '2018-11-26 21:17:03'),
(193, 4, '2018-11-26 21:17:03'),
(196, 6, '2018-11-26 22:20:02'),
(196, 7, '2018-11-26 22:20:02'),
(196, 8, '2018-11-26 22:20:02'),
(198, 3, '2018-11-27 21:56:53'),
(198, 6, '2018-11-27 21:56:53'),
(198, 8, '2018-11-27 21:56:53'),
(199, 3, '2018-11-27 23:40:53'),
(199, 6, '2018-11-27 23:40:53'),
(200, 6, '2018-11-28 17:11:16'),
(201, 3, '2018-12-04 14:25:44'),
(201, 6, '2018-12-04 14:25:44'),
(202, 3, '2018-12-04 14:50:00'),
(202, 6, '2018-12-04 14:50:00'),
(203, 3, '2018-12-04 15:06:04'),
(203, 6, '2018-12-04 15:06:04'),
(204, 3, '2018-12-04 15:12:05'),
(204, 6, '2018-12-04 15:12:05'),
(205, 1, '2018-12-06 03:01:34'),
(205, 5, '2018-12-06 03:01:34'),
(205, 6, '2018-12-06 03:01:34'),
(206, 1, '2018-12-10 20:51:53'),
(206, 3, '2018-12-10 20:51:53'),
(206, 6, '2018-12-10 20:51:53'),
(207, 3, '2018-12-10 21:10:45'),
(207, 6, '2018-12-10 21:10:45'),
(207, 12, '2018-12-10 21:10:45'),
(208, 10, '2018-12-11 15:41:11'),
(210, 3, '2018-12-12 18:33:57'),
(210, 4, '2018-12-12 18:33:57'),
(210, 12, '2018-12-12 18:33:57'),
(211, 6, '2018-12-13 16:40:30'),
(212, 3, '2018-12-13 21:51:10'),
(212, 6, '2018-12-13 21:51:10'),
(215, 1, '2018-12-16 19:58:13'),
(215, 3, '2018-12-16 19:58:13'),
(215, 5, '2018-12-16 19:58:13'),
(217, 3, '2018-12-17 19:10:24'),
(220, 6, '2018-12-21 16:17:58'),
(225, 3, '2019-01-02 02:14:18'),
(225, 6, '2019-01-02 02:14:18'),
(226, 1, '2019-01-02 16:25:39'),
(226, 5, '2019-01-02 16:25:39'),
(227, 4, '2019-01-02 18:15:50'),
(227, 12, '2019-01-02 18:15:50'),
(228, 6, '2019-01-02 18:26:20'),
(229, 6, '2019-01-02 18:32:14'),
(230, 6, '2019-01-02 18:36:23'),
(231, 6, '2019-01-02 19:31:07'),
(231, 7, '2019-01-02 19:31:07'),
(231, 11, '2019-01-02 19:31:07'),
(232, 6, '2019-01-02 20:45:08'),
(232, 7, '2019-01-02 20:45:08'),
(232, 11, '2019-01-02 20:45:08'),
(233, 3, '2019-01-02 20:55:57'),
(233, 6, '2019-01-02 20:55:57'),
(233, 10, '2019-01-02 20:55:57'),
(234, 6, '2019-01-02 21:06:23'),
(234, 7, '2019-01-02 21:06:23'),
(234, 11, '2019-01-02 21:06:23'),
(235, 1, '2019-01-06 22:24:20'),
(235, 5, '2019-01-06 22:24:20'),
(235, 6, '2019-01-06 22:24:20'),
(236, 6, '2019-01-07 16:32:39');

-- --------------------------------------------------------

--
-- Estructura de tabla para la tabla `pd_playdate_neighborhoods`
--

DROP TABLE IF EXISTS `pd_playdate_neighborhoods`;
CREATE TABLE `pd_playdate_neighborhoods` (
  `id_playdate` int(10) UNSIGNED NOT NULL,
  `id_neighborhood` int(10) UNSIGNED NOT NULL,
  `idate` datetime NOT NULL
) ENGINE=InnoDB DEFAULT CHARSET=utf8;

--
-- Volcado de datos para la tabla `pd_playdate_neighborhoods`
--

INSERT INTO `pd_playdate_neighborhoods` (`id_playdate`, `id_neighborhood`, `idate`) VALUES
(100, 68, '2018-10-03 18:23:30'),
(101, 33, '2018-10-03 18:38:09'),
(102, 72, '2018-10-03 19:35:02'),
(103, 204, '2018-10-03 20:00:07'),
(104, 34, '2018-10-03 20:58:42'),
(109, 34, '2018-10-12 23:14:25'),
(110, 34, '2018-10-15 19:33:56'),
(133, 34, '2018-10-24 17:51:19'),
(142, 81, '2018-10-26 17:12:03'),
(143, 81, '2018-10-26 17:19:04'),
(144, 81, '2018-10-26 17:23:06'),
(145, 81, '2018-10-26 17:29:32'),
(146, 81, '2018-10-26 17:33:02'),
(153, 68, '2018-10-29 15:44:49'),
(154, 202, '2018-10-29 19:38:26'),
(155, 81, '2018-10-29 20:15:15'),
(156, 33, '2018-10-31 04:53:13'),
(162, 33, '2018-11-02 19:00:34'),
(175, 214, '2018-11-08 21:22:30'),
(176, 201, '2018-11-08 21:38:20'),
(179, 60, '2018-11-09 17:48:55'),
(182, 72, '2018-11-13 20:34:05'),
(185, 34, '2018-11-13 23:23:25'),
(189, 34, '2018-11-19 18:10:43'),
(192, 204, '2018-11-26 19:15:51'),
(193, 60, '2018-11-26 21:17:03'),
(196, 75, '2018-11-26 22:20:02'),
(198, 66, '2018-11-27 21:56:53'),
(199, 67, '2018-11-27 23:40:53'),
(200, 34, '2018-11-28 17:11:16'),
(201, 72, '2018-12-04 14:25:44'),
(202, 33, '2018-12-04 14:50:00'),
(203, 68, '2018-12-04 15:06:04'),
(204, 204, '2018-12-04 15:12:05'),
(206, 34, '2018-12-10 20:51:53'),
(207, 76, '2018-12-10 21:10:45'),
(208, 204, '2018-12-11 15:41:11'),
(210, 66, '2018-12-12 18:33:57'),
(211, 202, '2018-12-13 16:40:30'),
(212, 202, '2018-12-13 21:51:10'),
(217, 72, '2018-12-17 19:10:24'),
(226, 82, '2019-01-02 16:25:39'),
(227, 66, '2019-01-02 18:15:50'),
(228, 33, '2019-01-02 18:26:20'),
(229, 204, '2019-01-02 18:32:14'),
(230, 34, '2019-01-02 18:36:23'),
(231, 60, '2019-01-02 19:31:07'),
(232, 60, '2019-01-02 20:45:08'),
(233, 202, '2019-01-02 20:55:57'),
(234, 60, '2019-01-02 21:06:23'),
(236, 70, '2019-01-07 16:32:39');

-- --------------------------------------------------------

--
-- Estructura de tabla para la tabla `pd_playdate_parent_reservation`
--

DROP TABLE IF EXISTS `pd_playdate_parent_reservation`;
CREATE TABLE `pd_playdate_parent_reservation` (
  `id_reservation` int(10) UNSIGNED NOT NULL,
  `id_playdate` int(10) UNSIGNED NOT NULL,
  `id_parent` int(10) UNSIGNED NOT NULL,
  `num_spots` int(10) UNSIGNED NOT NULL DEFAULT '1',
  `status` int(10) UNSIGNED NOT NULL DEFAULT '0' COMMENT '0=reserved, 1=cancelled',
  `idate` datetime NOT NULL,
  `udate` datetime DEFAULT NULL
) ENGINE=InnoDB DEFAULT CHARSET=utf8;

--
-- Volcado de datos para la tabla `pd_playdate_parent_reservation`
--

INSERT INTO `pd_playdate_parent_reservation` (`id_reservation`, `id_playdate`, `id_parent`, `num_spots`, `status`, `idate`, `udate`) VALUES
(62, 104, 22, 1, 0, '2018-10-03 21:02:31', NULL),
(72, 102, 7, 1, 0, '2018-10-19 12:51:24', NULL),
(93, 153, 113, 1, 0, '2018-10-30 21:49:59', NULL),
(94, 153, 117, 1, 0, '2018-10-31 14:28:17', NULL),
(95, 160, 20, 1, 0, '2018-10-31 21:39:33', NULL),
(96, 161, 20, 1, 0, '2018-11-01 17:09:19', NULL),
(97, 153, 121, 1, 0, '2018-11-01 19:25:48', NULL),
(98, 153, 122, 1, 0, '2018-11-02 00:52:50', NULL),
(102, 153, 124, 1, 0, '2018-11-02 15:33:28', NULL),
(103, 162, 117, 1, 0, '2018-11-05 16:59:07', NULL),
(104, 165, 20, 1, 0, '2018-11-06 00:58:36', NULL),
(105, 162, 128, 1, 0, '2018-11-06 19:46:32', NULL),
(106, 166, 113, 1, 0, '2018-11-06 20:04:40', NULL),
(107, 162, 129, 1, 0, '2018-11-06 20:54:33', NULL),
(108, 162, 22, 1, 0, '2018-11-06 20:56:27', NULL),
(109, 162, 130, 1, 0, '2018-11-06 23:18:53', NULL),
(111, 172, 20, 1, 0, '2018-11-08 19:11:36', NULL),
(114, 179, 136, 1, 0, '2018-11-12 16:10:15', NULL),
(115, 179, 135, 1, 0, '2018-11-12 17:53:25', NULL),
(116, 179, 140, 1, 0, '2018-11-13 03:55:11', NULL),
(118, 179, 112, 1, 0, '2018-11-13 20:25:55', NULL),
(119, 179, 145, 1, 0, '2018-11-15 17:20:31', NULL),
(120, 182, 20, 1, 0, '2018-11-15 17:45:25', NULL),
(121, 187, 20, 1, 0, '2018-11-16 21:31:15', NULL),
(122, 179, 152, 1, 0, '2018-11-16 23:22:08', NULL),
(123, 185, 157, 1, 0, '2018-11-26 18:34:21', NULL),
(124, 192, 145, 1, 0, '2018-11-26 19:36:49', NULL),
(125, 192, 112, 1, 0, '2018-11-26 19:52:54', NULL),
(126, 192, 136, 1, 0, '2018-11-26 19:56:39', NULL),
(127, 192, 135, 1, 0, '2018-11-26 21:06:35', NULL),
(128, 192, 143, 1, 0, '2018-11-26 22:24:57', NULL),
(129, 192, 149, 1, 0, '2018-11-27 00:17:11', NULL),
(130, 185, 167, 1, 0, '2018-11-29 22:04:47', NULL),
(131, 185, 165, 1, 0, '2018-11-30 00:24:40', NULL),
(132, 204, 113, 1, 0, '2018-12-04 17:08:32', NULL),
(133, 203, 181, 1, 0, '2018-12-06 18:20:59', NULL),
(134, 199, 181, 1, 0, '2018-12-06 18:54:41', NULL),
(135, 199, 184, 1, 0, '2018-12-07 14:55:55', NULL),
(136, 202, 117, 1, 0, '2018-12-07 17:02:47', NULL),
(137, 203, 120, 1, 0, '2018-12-07 18:26:47', NULL),
(138, 203, 186, 1, 0, '2018-12-07 22:18:57', NULL),
(139, 203, 188, 1, 0, '2018-12-07 22:36:20', NULL),
(140, 203, 187, 1, 0, '2018-12-07 22:40:35', NULL),
(141, 204, 185, 1, 0, '2018-12-07 23:00:52', NULL),
(142, 204, 189, 1, 0, '2018-12-08 17:34:37', NULL),
(143, 202, 129, 1, 0, '2018-12-09 13:53:17', NULL),
(144, 205, 145, 1, 0, '2018-12-09 15:50:06', NULL),
(145, 205, 136, 1, 0, '2018-12-10 21:42:58', NULL),
(146, 205, 143, 1, 0, '2018-12-11 16:12:19', NULL),
(148, 211, 20, 1, 0, '2018-12-13 16:44:37', NULL),
(149, 211, 22, 1, 0, '2018-12-13 16:57:38', NULL),
(150, 212, 22, 1, 0, '2018-12-13 21:51:45', NULL),
(151, 212, 20, 1, 0, '2018-12-13 21:54:12', NULL),
(152, 202, 22, 1, 1, '2018-12-13 22:36:34', '2018-12-13 22:39:17'),
(154, 200, 20, 1, 1, '2018-12-14 20:30:02', '2018-12-19 21:25:46'),
(155, 201, 185, 1, 0, '2018-12-17 16:25:45', NULL),
(157, 207, 20, 1, 1, '2018-12-17 16:53:05', '2018-12-17 16:53:41'),
(159, 215, 205, 1, 0, '2018-12-17 19:10:53', NULL),
(160, 201, 168, 1, 0, '2018-12-18 19:36:57', NULL),
(161, 215, 210, 1, 0, '2018-12-19 02:57:20', NULL),
(164, 208, 20, 1, 1, '2018-12-19 21:26:46', '2018-12-19 22:12:36'),
(165, 217, 20, 1, 0, '2018-12-19 22:01:49', NULL),
(166, 217, 107, 1, 0, '2018-12-19 23:08:29', NULL),
(167, 206, 27, 1, 0, '2018-12-20 17:27:23', NULL),
(168, 220, 20, 1, 0, '2018-12-21 16:29:05', NULL),
(169, 215, 201, 1, 0, '2018-12-25 19:38:07', NULL),
(170, 215, 182, 1, 0, '2018-12-27 01:10:23', NULL),
(171, 215, 199, 1, 0, '2018-12-27 06:21:11', NULL),
(172, 226, 145, 1, 0, '2019-01-02 16:31:43', NULL),
(173, 224, 113, 1, 0, '2019-01-02 21:51:41', NULL),
(174, 226, 112, 1, 0, '2019-01-02 23:04:46', NULL),
(175, 226, 135, 1, 0, '2019-01-03 02:49:03', NULL),
(176, 224, 181, 1, 0, '2019-01-03 17:05:31', NULL),
(177, 228, 219, 1, 0, '2019-01-04 02:05:36', NULL),
(178, 224, 120, 1, 0, '2019-01-04 02:47:57', NULL),
(179, 224, 221, 1, 0, '2019-01-04 22:27:58', NULL),
(180, 228, 22, 1, 1, '2019-01-07 02:45:51', '2019-01-08 16:17:37'),
(181, 236, 20, 1, 0, '2019-01-07 18:01:08', NULL),
(182, 228, 128, 1, 0, '2019-01-07 18:02:54', NULL),
(183, 228, 130, 1, 0, '2019-01-08 02:10:08', NULL),
(184, 228, 129, 1, 0, '2019-01-08 03:09:13', NULL),
(185, 228, 132, 1, 0, '2019-01-08 14:39:18', NULL),
(186, 228, 117, 1, 0, '2019-01-08 15:40:56', NULL),
(187, 235, 112, 1, 0, '2019-01-08 17:45:29', NULL),
(188, 229, 113, 1, 0, '2019-01-11 19:43:36', NULL),
(189, 228, 222, 1, 0, '2019-01-11 21:23:30', NULL),
(190, 229, 185, 1, 0, '2019-01-12 17:43:58', NULL);

-- --------------------------------------------------------

--
-- Estructura de tabla para la tabla `pd_playdate_requests`
--

DROP TABLE IF EXISTS `pd_playdate_requests`;
CREATE TABLE `pd_playdate_requests` (
  `id_request` int(10) UNSIGNED NOT NULL,
  `id_parent` int(10) UNSIGNED NOT NULL,
  `type` int(10) UNSIGNED DEFAULT NULL,
  `location` varchar(255) DEFAULT NULL,
  `travel_pickup` varchar(255) DEFAULT NULL,
  `travel_dropoff` varchar(255) DEFAULT NULL,
  `date` date DEFAULT NULL,
  `time_init` int(10) UNSIGNED DEFAULT NULL,
  `time_end` int(10) UNSIGNED DEFAULT NULL,
  `budget_init` int(10) UNSIGNED DEFAULT NULL,
  `budget_end` int(10) UNSIGNED DEFAULT NULL,
  `extra_kids` int(10) UNSIGNED DEFAULT NULL,
  `info` text,
  `num_supporters` int(10) UNSIGNED DEFAULT NULL,
  `public_job_board` int(10) UNSIGNED DEFAULT '0' COMMENT '0=no, 1=yes',
  `status` int(10) UNSIGNED NOT NULL DEFAULT '0' COMMENT '0=open, 1=closed',
  `idate` datetime NOT NULL,
  `udate` datetime DEFAULT NULL,
  `id_group` int(10) UNSIGNED DEFAULT NULL COMMENT 'invited to a group'
) ENGINE=InnoDB DEFAULT CHARSET=utf8;

--
-- Volcado de datos para la tabla `pd_playdate_requests`
--

INSERT INTO `pd_playdate_requests` (`id_request`, `id_parent`, `type`, `location`, `travel_pickup`, `travel_dropoff`, `date`, `time_init`, `time_end`, `budget_init`, `budget_end`, `extra_kids`, `info`, `num_supporters`, `public_job_board`, `status`, `idate`, `udate`, `id_group`) VALUES
(66, 15, 2, '', '', '', '2018-09-21', 14, 17, 0, 0, NULL, 'David likes to paint and draw, perhaps something where he can use colors.', 0, 1, 0, '2018-09-03 11:31:49', NULL, NULL),
(69, 22, 2, NULL, NULL, NULL, '2018-09-11', 15, 18, 20, 30, NULL, 'Angelica loves arts and crafts! It looks like it will be rainy. Can we do something indoors?', 1, 1, 0, '2018-09-10 15:42:00', '2018-09-10 16:42:37', NULL),
(73, 22, 4, '', '112 Prospect Place', '112 Prospect Place', '2018-09-15', 10, 13, 10, 15, NULL, 'Angelica and her cousin Avory will be together for a playdate. Would love to have someone take them to Prospect Park for a \"Explorers\" themed activity. The $10-15 is for lunch.', 0, 1, 1, '2018-09-14 18:27:50', NULL, NULL),
(74, 15, 5, NULL, 'Union Square, NYC', NULL, '2018-09-28', 19, 20, NULL, NULL, NULL, 'Please pick up my kid and two friends in Union Square and take them to our home in Clinton Hill. I will be there upo arrival. We would like a playdate where they can dance.', 0, 0, 0, '2018-09-14 19:26:27', '2018-09-14 19:26:56', NULL),
(84, 15, 4, '', '', 'Barclay Center, Brooklyn', '2018-09-30', 12, 15, 10, 20, NULL, 'David likes to dance', 1, 1, 0, '2018-09-17 16:53:51', NULL, 2),
(91, 108, 4, '', '601 W 26th St apt 2R, New York, NY 10001', '', '2018-10-20', 11, 13, 0, 0, NULL, 'Please open 4 more spots to the groups. I would also like to make sure we can do something outdoors. ', 1, 1, 0, '2018-10-16 21:18:43', NULL, 8),
(93, 108, 4, '', '165 N 7th Brooklyn', '', '2018-10-27', 11, 16, 0, 0, NULL, 'I would like this playdate to be for 4 children. All about play.', 1, 0, 1, '2018-10-18 17:53:29', NULL, NULL),
(94, 108, 2, '', '601 W 26th St New York, NY 11385', '', '2018-10-19', 14, 16, 10, 20, NULL, 'Please create a playdate for 4 children 3-4 where they can play. ', 1, 1, 1, '2018-10-18 23:42:38', NULL, 41),
(95, 7, 2, '', 'test', 'test', '2018-10-25', 9, 13, 10, 100, NULL, 'Test request', 0, 0, 1, '2018-10-19 14:15:23', NULL, NULL),
(96, 20, 7, NULL, NULL, NULL, '2018-10-23', 9, 12, NULL, NULL, NULL, 'My 4 kids and maybe some friends from Art Club need a Specialist so that we can go to brunch on Tuesday morning. We want our kids to have the best day ever! No need for an itinerary - I love all of these Specialists!', 0, 0, 0, '2018-10-19 15:59:46', '2018-11-05 22:54:08', NULL),
(97, 20, 2, '', '', '', '2018-11-02', 14, 17, 15, 15, NULL, '', 0, 0, 1, '2018-10-19 17:27:39', NULL, 31),
(98, 110, 2, NULL, NULL, NULL, '2018-10-21', 14, 17, NULL, NULL, NULL, 'Need a last minute hire for a Kidville party! There is already a team and will be 20 kids. ', 0, 1, 1, '2018-10-19 17:29:17', '2018-10-19 17:29:54', NULL),
(99, 20, 5, NULL, NULL, NULL, '2018-10-24', 18, 21, NULL, NULL, NULL, 'Looking for evening care for my 2 kiddos and my friends from Art Club. Ideally, the kids would do something artistic while the Parents discuss our Art Club events for the rest of 2018. Please open up to 5 more kids. Thanks!', 0, 1, 1, '2018-10-22 20:08:37', '2018-10-22 20:08:52', NULL),
(100, 20, 2, '', '', '', '2018-10-24', 14, 17, 5, 10, NULL, 'A bunch of us Parents from Kidville Carroll Gardens would like to plan after-school care for our little ones. We know they have open play from 2-5pm. Could you plan a playdate that caters fo 3 year olds? Maybe a sports theme? Please open up to no more than 6 other kids. Max - 8 kids. Thank you!', 1, 0, 1, '2018-10-22 20:23:47', NULL, 31),
(101, 108, 6, '', '', '', '2018-10-29', 18, 20, NULL, NULL, NULL, 'Our kids love the arts.', 0, 0, 1, '2018-10-23 03:58:08', NULL, 41),
(102, 108, 4, '', 'Union Square', '', '2018-10-27', 11, 12, NULL, NULL, NULL, 'Can we combine some art and outdoors?', 0, 1, 1, '2018-10-23 18:42:05', NULL, 41),
(103, 7, 2, '', 'test', 'etste', '2018-10-31', 10, 20, NULL, NULL, NULL, '', 0, 0, 0, '2018-10-24 14:36:17', NULL, NULL),
(104, 108, 4, NULL, '601 W 26th St', 'Union Square', '2018-10-27', 11, 18, 10, 10, NULL, 'Alice loves art. Please pick up at our place in Chelsea and then go to the playground. We can pick her up at Union Square. Please let us know if you have any ideas for...', 0, 1, 1, '2018-10-24 20:59:10', '2018-10-25 19:48:02', NULL),
(105, 20, 2, '', 'Buckley Country Day School', '110 Greenwich Street, NY, NY', '2018-10-31', 15, 18, NULL, NULL, NULL, 'We\'d love to have a PAL Specialist pick the kids up from school and take them trick-or-treating in nearby apartment buildings. They will already be in their costumes from school and will just need a NON-CANDY little snack. Thanks!', 1, 1, 0, '2018-10-25 15:42:43', NULL, 45),
(106, 7, 2, '', '', '', '2018-10-31', 9, 11, NULL, NULL, NULL, 'Test request', 2, 0, 0, '2018-10-25 19:19:27', NULL, NULL),
(107, 108, 2, '', '165 E 66th St', '', '2018-10-26', 15, 17, NULL, NULL, NULL, 'Please make this playdate great.', 0, 0, 0, '2018-10-25 23:44:25', NULL, 41),
(108, 7, 2, '', 'aaa', 'bbb', '2018-10-31', 9, 10, 50, 60, NULL, 'test request', 0, 0, 1, '2018-10-26 11:34:53', NULL, NULL),
(109, 20, 5, 'Greenpoint', '', '', '2018-11-03', 18, 21, NULL, NULL, NULL, 'This is to cover Liz\'s wedding hours at the Greenpoint Loft', 0, 0, 1, '2018-10-31 20:36:02', NULL, NULL),
(110, 20, 4, 'Battery Park City', '', '', '2018-11-03', 10, 13, NULL, NULL, NULL, 'To cover the cost of your Le District Event. It was $18 an hour for 5 hours. This pay out will be 31.50 for 3 hours. So it basically evens out! Of course this is a mock playdate but please take the opportunity to practice submitting to the job request. After confirming it I will be able to release payment. Thanks Susan!', 0, 0, 1, '2018-10-31 20:46:13', NULL, NULL),
(111, 20, 4, NULL, NULL, NULL, '2018-11-08', 13, 19, NULL, NULL, NULL, 'To cover the cost of your Le District Event.s It was $18 for 10 hours total. This pay out will be 25 for 6 hours.  There is a $30 balance so place include $15 (its a per child rate) as an add-on. Of course this is a mock playdate but please take the opportunity to practice submitting to the job request. It will help to populate your profile. After confirming it I will be able to release payment. Thanks Lili!\r\n', 0, 0, 0, '2018-10-31 21:05:46', '2018-11-05 22:53:40', NULL),
(112, 20, 4, NULL, NULL, NULL, '2018-11-08', 9, 12, NULL, NULL, NULL, 'To cover the cost of your Le District Event. It was $18 an hour for 5 hours. This pay out will be 31.50 for 3 hours. So it basically evens out! Of course this is a mock playdate but please take the opportunity to practice submitting to the job request. After confirming it I will be able to release payment. Thanks Dara!-- ', 0, 0, 1, '2018-10-31 21:09:26', '2018-11-05 22:52:10', NULL),
(113, 20, 3, '', '', '', '2018-11-03', 11, 14, NULL, NULL, NULL, 'To cover the cost of your LEAD Event. It was $23 an hour for 2.75 hours.  This pay out will be 23 for 3 hours. So it basically evens out! Of course this is a mock playdate but please take the opportunity to practice submitting to the job request. After confirming it I will be able to release payment. Thanks Francesa!', 1, 0, 0, '2018-10-31 21:18:34', NULL, NULL),
(114, 20, 2, 'West Village', '', '', '2018-11-08', 9, 15, 10, NULL, NULL, 'Hi Lynn, Here is your mock booking to cover the remaining hours. Please add $10 to your submission so that it will equal exactly $210. The rate for a Lead facilitating a playdate with 2 kids is $25, so I made this request for 8 hours. You will have to submit a playdate to me to confirm this booking. Please do so - its good practice and it will build your profile! Once you\'ve submitted I can release pay. Thanks Lynn!', 0, 0, 1, '2018-11-05 22:46:42', NULL, NULL),
(115, 20, 2, '', '', '', '2018-11-08', 9, 14, 15, NULL, NULL, 'Hi Alexa, Here is your mock booking to covers the Halloween Party - $190 total. The rate for a Lead facilitating a playdate with 2 kids is $32, so I made this request for 5 hours. Please add $15  (its a per child rate) to your submission so that it will equal exactly $190. You will have to submit a playdate to me to confirm this booking.  Please also try to hire Francesca as your support. This will get her paid as well and we are testing the support hire flow. You should be able to do so by sending her a request after I\'ve confirmed the booking. It\'s all good practice and it will build your profile too! Once you\'ve submitted I can release pay. Thanks Alexa!', 1, 0, 1, '2018-11-05 23:03:17', NULL, NULL),
(116, 20, 2, '', '', '', '2018-11-08', 12, 14, 6, NULL, NULL, 'Hi Allegra, Here is your mock booking to covers the 20 Pine Party - $62.50 total. The rate for a Lead facilitating a playdate with 2 kids is $25, so I made this request for 2 hours. Please add $6.25  (its a per child rate) to your submission so that it will equal exactly $62.50. You will have to submit a playdate to me to confirm this booking. It\'s all good practice and it will build your profile too! Once you\'ve submitted I can release pay. Thanks Allegra!', 0, 0, 0, '2018-11-05 23:07:45', NULL, NULL),
(117, 7, 2, '', 'TEst', 'test', '2018-11-30', 9, 11, 10, 50, NULL, 'Test request', 0, 0, 0, '2018-11-09 11:17:52', NULL, NULL),
(118, 106, 8, 'Union Square', '', '', '2018-12-09', 12, 15, NULL, NULL, NULL, 'Hi,We\'re looking for a Superhero birthday party for Xavier and Antoine\'s 4th bday.  We have a space at Zeckendorf Towers on 1 Irving from 1230 to 300.  We\'d love to have an appearance by Batman/Spiderman and have some games for the kids.  Let me know what you think!  ', 0, 0, 0, '2018-11-14 03:04:53', NULL, NULL),
(119, 20, 5, 'University Settlement', '', '', '2018-11-19', 18, 20, NULL, NULL, NULL, 'Creative Steps University Settlement Event On 11/16', 3, 0, 1, '2018-11-16 21:28:54', NULL, NULL),
(121, 20, 2, '', '', '', '2018-12-16', 9, 12, NULL, NULL, NULL, 'TEST DO NOT REPLY', 0, 1, 0, '2018-12-13 22:00:43', NULL, NULL),
(122, 107, 3, NULL, NULL, NULL, '2018-12-31', 10, 12, NULL, NULL, NULL, 'blah blah blah', 0, 0, 0, '2018-12-19 20:55:10', '2018-12-19 20:58:19', NULL);

-- --------------------------------------------------------

--
-- Estructura de tabla para la tabla `pd_playdate_supporters`
--

DROP TABLE IF EXISTS `pd_playdate_supporters`;
CREATE TABLE `pd_playdate_supporters` (
  `id_playdate` int(10) UNSIGNED NOT NULL,
  `id_specialist` int(10) UNSIGNED NOT NULL,
  `status` int(10) UNSIGNED NOT NULL DEFAULT '0' COMMENT '0=requested, 1=acepted, 2=declined',
  `idate` varchar(45) NOT NULL
) ENGINE=InnoDB DEFAULT CHARSET=utf8;

--
-- Volcado de datos para la tabla `pd_playdate_supporters`
--

INSERT INTO `pd_playdate_supporters` (`id_playdate`, `id_specialist`, `status`, `idate`) VALUES
(102, 51, 0, '2018-10-09 18:06:13'),
(104, 37, 0, '2018-10-09 18:07:19'),
(109, 28, 1, '2018-10-12 23:14:25'),
(144, 56, 0, '2018-11-16 23:31:54'),
(153, 49, 0, '2018-10-29 21:13:04'),
(154, 16, 0, '2018-10-31 17:46:03'),
(154, 56, 1, '2018-10-29 19:38:26'),
(156, 52, 0, '2018-11-03 19:22:11'),
(157, 34, 0, '2018-10-31 17:41:52'),
(157, 49, 0, '2018-11-08 16:31:33'),
(157, 50, 0, '2018-11-10 00:49:06'),
(162, 40, 0, '2018-11-04 20:29:49'),
(162, 50, 1, '2018-11-02 19:00:34'),
(162, 51, 1, '2018-11-02 19:00:34'),
(162, 52, 0, '2018-11-05 23:02:59'),
(166, 40, 0, '2018-11-08 04:23:37'),
(166, 50, 0, '2018-11-10 01:35:22'),
(166, 51, 1, '2018-11-06 13:32:21'),
(175, 66, 0, '2018-11-09 17:34:16'),
(179, 56, 1, '2018-11-09 17:48:55'),
(182, 42, 1, '2018-11-13 20:34:05'),
(185, 28, 0, '2018-11-27 21:06:22'),
(185, 49, 0, '2018-11-16 01:21:17'),
(185, 50, 1, '2018-11-14 04:52:09'),
(189, 50, 0, '2018-11-19 20:43:35'),
(192, 70, 1, '2018-11-26 19:15:51'),
(193, 49, 0, '2018-11-28 18:41:56'),
(196, 49, 0, '2018-11-28 18:39:58'),
(201, 40, 1, '2018-12-05 08:00:03'),
(202, 40, 0, '2018-12-05 08:00:27'),
(202, 49, 0, '2018-12-05 16:43:46'),
(203, 40, 0, '2018-12-05 08:01:06'),
(204, 49, 0, '2018-12-05 16:43:25'),
(205, 69, 1, '2018-12-06 03:01:34'),
(208, 57, 0, '2018-12-18 13:53:42'),
(211, 56, 1, '2018-12-13 16:40:30'),
(212, 16, 1, '2018-12-13 21:55:43'),
(217, 55, 0, '2018-12-17 19:24:31'),
(224, 71, 1, '2019-01-03 18:50:33'),
(233, 28, 0, '2019-01-05 20:49:46'),
(234, 28, 0, '2019-01-05 20:49:06'),
(235, 69, 0, '2019-01-07 00:02:15');

-- --------------------------------------------------------

--
-- Estructura de tabla para la tabla `pd_playdate_typecares`
--

DROP TABLE IF EXISTS `pd_playdate_typecares`;
CREATE TABLE `pd_playdate_typecares` (
  `id_playdate` int(10) UNSIGNED NOT NULL,
  `id_typecare` int(10) UNSIGNED NOT NULL,
  `ifecha` datetime NOT NULL
) ENGINE=InnoDB DEFAULT CHARSET=latin1;

-- --------------------------------------------------------

--
-- Estructura de tabla para la tabla `pd_playdate_updates`
--

DROP TABLE IF EXISTS `pd_playdate_updates`;
CREATE TABLE `pd_playdate_updates` (
  `id_update` int(10) UNSIGNED NOT NULL,
  `id_playdate` int(10) UNSIGNED NOT NULL,
  `content` text NOT NULL,
  `idate` datetime NOT NULL,
  `udate` datetime DEFAULT NULL
) ENGINE=InnoDB DEFAULT CHARSET=utf8;

-- --------------------------------------------------------

--
-- Estructura de tabla para la tabla `pd_playpacks`
--

DROP TABLE IF EXISTS `pd_playpacks`;
CREATE TABLE `pd_playpacks` (
  `id_playpack` int(10) UNSIGNED NOT NULL,
  `name` varchar(45) NOT NULL,
  `help` varchar(512) NOT NULL,
  `type` int(10) UNSIGNED NOT NULL DEFAULT '1' COMMENT 'type numer children',
  `amount` int(10) UNSIGNED NOT NULL DEFAULT '0' COMMENT 'dollars',
  `description` varchar(255) DEFAULT NULL,
  `idate` datetime NOT NULL,
  `udate` datetime DEFAULT NULL,
  `icon` varchar(255) NOT NULL DEFAULT '/img/ico/gray/0343-tags.svg'
) ENGINE=InnoDB DEFAULT CHARSET=utf8;

--
-- Volcado de datos para la tabla `pd_playpacks`
--

INSERT INTO `pd_playpacks` (`id_playpack`, `name`, `help`, `type`, `amount`, `description`, `idate`, `udate`, `icon`) VALUES
(1, 'Playpack $120', 'At least 2 Playdates, Up to 4 playdates for 1 child. $6 in free credit.', 1, 120, 'Save $6', '2018-08-24 19:28:00', '2018-08-27 02:08:40', '/img/ico/gray/0343-tags.svg'),
(2, 'Playpack $240', 'At least 4 Playdates, Up to 8 playdates for 1 child. $12 in free credit.', 1, 240, 'Save $12', '2018-08-24 19:28:29', '2018-08-27 02:09:34', '/img/ico/gray/0333-bag2.svg'),
(3, 'Playpack $360', 'At least 6 Playdates, Up to 12 playdates for 1 child. $18 in free credit.', 1, 360, 'Save $18', '2018-08-24 19:29:02', '2018-08-27 02:09:51', '/img/ico/gray/0336-cart-full.svg'),
(4, 'Playpack $230', '​*25% off 2nd child. At least 2 Playdates, Up to 4 playdates for 2 children. $11.50 in free credit.', 2, 230, 'Save $11.50', '2018-08-24 19:29:42', '2018-08-27 02:10:53', '/img/ico/gray/0343-tags.svg'),
(5, 'Playpack $460', '​*25% off 2nd child. At least 4 Playdates, Up to 8 playdates for 2 children. $23 in free credit.', 2, 460, 'Save $23', '2018-08-24 19:30:06', '2018-08-27 02:11:24', '/img/ico/gray/0333-bag2.svg'),
(6, 'Playpack $684', '​*25% off 2nd child. At least 6 Playdates, Up to 12 playdates for 2 children. $34.20 in free credit.', 2, 684, 'Save $34.20', '2018-08-24 19:30:56', '2018-08-27 02:11:52', '/img/ico/gray/0336-cart-full.svg');

-- --------------------------------------------------------

--
-- Estructura de tabla para la tabla `pd_purchases`
--

DROP TABLE IF EXISTS `pd_purchases`;
CREATE TABLE `pd_purchases` (
  `id_purchase` int(10) UNSIGNED NOT NULL,
  `amount` int(10) UNSIGNED NOT NULL DEFAULT '0',
  `id_parent` int(10) UNSIGNED NOT NULL,
  `idate` datetime NOT NULL,
  `description` varchar(255) DEFAULT NULL
) ENGINE=InnoDB DEFAULT CHARSET=utf8;

--
-- Volcado de datos para la tabla `pd_purchases`
--

INSERT INTO `pd_purchases` (`id_purchase`, `amount`, `id_parent`, `idate`, `description`) VALUES
(1, 1000, 7, '2018-08-27 07:15:14', 'Playdate Playpacks'),
(2, 1000, 15, '2018-08-27 14:03:34', 'Playdate Playpacks'),
(3, 1000, 15, '2018-08-27 14:04:37', 'Playdate Playpacks'),
(4, 1000, 7, '2018-09-12 12:30:28', 'Playdate Playpacks'),
(5, 1000, 7, '2018-09-12 12:31:54', 'Playdate Playpacks'),
(6, 3000, 7, '2018-09-24 05:27:19', 'Credit by admin'),
(7, 10000, 22, '2018-09-24 15:25:21', 'iFundWomen - Gold Insider'),
(8, 1000, 7, '2018-10-16 10:56:40', 'Playdate Playpacks'),
(9, 1000, 7, '2018-10-16 11:00:58', 'Playdate Playpacks'),
(10, 500, 7, '2018-10-16 11:06:33', 'Playdate Playpacks'),
(11, 200, 7, '2018-10-16 11:26:12', 'Playdate Playpacks'),
(12, 12000, 20, '2018-10-16 13:37:51', 'Playdate Playpacks'),
(13, 10000, 107, '2018-10-16 14:44:10', 'Playdate Playpacks'),
(14, 3600, 108, '2018-10-16 21:05:36', 'Playdate Playpacks'),
(15, 5600, 108, '2018-10-16 21:08:58', 'Playdate Playpacks'),
(16, 10000, 20, '2018-10-17 18:13:39', 'Playdate Playpacks'),
(17, 10000, 20, '2018-10-18 01:11:45', 'PAL Campaign'),
(18, 5000, 109, '2018-10-18 19:10:59', 'to test booking'),
(19, 10000, 108, '2018-10-19 00:32:33', 'to test for Playtime by Zoe'),
(20, 5000, 108, '2018-10-19 00:35:17', 'for test Playtime by Zoe'),
(21, 10000, 108, '2018-10-22 06:54:15', 'test princess tea party'),
(22, 20000, 20, '2018-10-23 17:57:15', 'TEST CREDIT'),
(23, 100000, 7, '2018-10-24 11:39:11', 'Testing credit'),
(24, 10000, 108, '2018-10-24 21:34:59', 'testing with Nicole 10/24'),
(25, 10000, 20, '2018-10-24 22:11:40', ''),
(26, 100000, 108, '2018-10-24 22:44:51', 'more credit to test with Nicole'),
(27, 50000, 20, '2018-10-24 22:46:15', ''),
(28, 200, 7, '2018-10-26 13:54:10', 'Playdate Playpacks'),
(29, 10000, 20, '2018-10-26 20:46:27', ''),
(30, 200, 7, '2018-10-29 19:07:19', 'Playdate Playpacks'),
(31, 2500, 114, '2018-10-30 17:06:46', 'Union Square PJ Party 11/2 - Free Credit'),
(32, 2500, 115, '2018-10-30 17:16:09', 'Union Square PJ Party 11/2 - Free Credit'),
(33, 2500, 113, '2018-10-30 17:37:53', 'Union Square PJ Party 11/2 - Free Credit'),
(34, 49000, 31, '2018-10-30 17:54:38', 'PAL Campaign'),
(35, 2500, 116, '2018-10-30 20:29:30', 'Union Square PJ Party 11/2 - Free Credit'),
(36, 9600, 113, '2018-10-30 20:30:26', 'Playdate Playpacks'),
(37, 15000, 113, '2018-10-30 20:44:25', 'PAL Campaign'),
(38, 2500, 117, '2018-10-30 20:49:30', 'Union Square PJ Party 11/2 - Free Credit'),
(39, 28000, 117, '2018-10-30 20:50:08', 'PAL Campaign'),
(40, 2500, 118, '2018-10-30 21:04:53', 'Union Square PJ Party 11/2 - Free Credit'),
(41, 12000, 20, '2018-10-30 22:22:28', 'Playdate Playpacks'),
(42, 12000, 22, '2018-10-30 22:25:34', 'Playdate Playpacks'),
(43, 0, 25, '2018-10-31 07:31:32', 'PAL Campaign'),
(44, 0, 26, '2018-10-31 07:32:23', 'PAL Campaign'),
(45, 25000, 27, '2018-10-31 07:36:30', 'PAL Campaign'),
(46, 28000, 117, '2018-10-31 07:39:12', 'PAL Campaign'),
(47, 28000, 30, '2018-10-31 07:40:14', 'PAL Campaign'),
(48, 49000, 32, '2018-10-31 07:41:23', 'PAL Campaign'),
(49, 2500, 120, '2018-10-31 15:04:50', 'Union Square PJ Party 11/2 - Free Credit'),
(50, 64000, 120, '2018-10-31 15:06:11', 'PAL Campaign'),
(51, 50000, 20, '2018-10-31 16:48:08', 'Playdate Playpacks'),
(52, 10000, 121, '2018-11-01 16:53:45', 'Union Square PJ Party 11/2 - Free Credit'),
(53, 10000, 122, '2018-11-01 17:02:47', 'Union Square PJ Party 11/2 - Free Credit'),
(57, 2500, 124, '2018-11-02 15:31:35', 'Union Square PJ Party 11/2 - Free Credit'),
(58, 15000, 124, '2018-11-02 15:31:59', 'Mom Ambassador Credits'),
(59, 2500, 125, '2018-11-02 21:34:28', 'New PAL Free Credit'),
(60, 83500, 20, '2018-11-05 22:27:40', 'Playdate Playpacks'),
(61, 12000, 128, '2018-11-06 19:45:15', 'Playdate Playpacks'),
(62, 2500, 128, '2018-11-06 19:55:52', 'New PAL Free Credit'),
(63, 2500, 129, '2018-11-06 20:49:29', 'New PAL Free Credit'),
(64, 12000, 129, '2018-11-06 20:53:30', 'Playdate Playpacks'),
(65, 5100, 130, '2018-11-06 21:46:28', 'Playdate Playpacks'),
(66, 2500, 130, '2018-11-06 22:55:48', 'New PAL Free Credit'),
(67, 1000, 130, '2018-11-06 22:59:10', 'PAL Campaign'),
(68, 2500, 131, '2018-11-06 23:07:42', 'New PAL Free Credit'),
(69, 8300, 131, '2018-11-08 00:32:22', 'Playdate Playpacks'),
(70, 2500, 131, '2018-11-08 00:45:48', ''),
(71, 2500, 132, '2018-11-08 17:46:47', 'New PAL Free Credit'),
(72, 4500, 132, '2018-11-08 18:18:35', 'Playdate Playpacks'),
(73, 2500, 112, '2018-11-09 18:01:23', 'Thank you credit!'),
(74, 12000, 112, '2018-11-09 21:02:50', 'Playdate Playpacks'),
(75, 600, 128, '2018-11-12 16:01:22', 'Playpack Discount'),
(76, 4100, 136, '2018-11-12 16:09:53', 'Playdate Playpacks'),
(77, 1800, 135, '2018-11-12 17:52:28', 'Playdate Playpacks'),
(78, 2300, 135, '2018-11-12 17:53:16', 'Playdate Playpacks'),
(79, 4100, 140, '2018-11-13 03:54:57', 'Playdate Playpacks'),
(80, 12500, 142, '2018-11-13 20:00:25', 'New PAL Free Credit'),
(81, 12000, 145, '2018-11-15 17:19:52', 'Playdate Playpacks'),
(82, 2500, 147, '2018-11-15 17:41:42', 'New PAL Free Credit'),
(83, 0, 20, '2018-11-16 16:02:03', 'TEST'),
(84, 0, 20, '2018-11-16 16:04:25', 'TEST 2'),
(85, 2900, 152, '2018-11-16 23:21:43', 'Playdate Playpacks'),
(86, 0, 25, '2018-11-21 03:26:07', 'PAL Campaign'),
(87, 15000, 25, '2018-11-21 03:26:51', 'PAL Campaign'),
(88, 15000, 26, '2018-11-21 03:49:07', 'PAL Campaign'),
(89, 6000, 154, '2018-11-21 19:03:10', 'Rollover Project Playdate Credit'),
(90, 0, 20, '2018-11-21 19:57:41', 'Deduction for Balances'),
(91, 100000, 20, '2018-11-21 19:59:57', 'Playdate Playpacks'),
(92, 6500, 157, '2018-11-26 17:58:56', 'Rollover Project Playdate Credit'),
(93, 6000, 157, '2018-11-26 17:59:23', 'PAL Customer Service'),
(94, 1500, 157, '2018-11-26 18:30:00', 'PAL Customer Service'),
(95, 12000, 136, '2018-11-26 19:56:20', 'Playdate Playpacks'),
(96, 2300, 135, '2018-11-26 21:06:20', 'Playdate Playpacks'),
(97, 12000, 143, '2018-11-26 22:24:46', 'Playdate Playpacks'),
(98, 12000, 149, '2018-11-27 00:16:05', 'Playdate Playpacks'),
(99, 100, 7, '2018-11-27 12:26:59', 'Playdate Playpacks'),
(100, 42000, 162, '2018-11-27 20:22:23', 'Playdate Playpacks'),
(101, 2500, 165, '2018-11-28 16:58:57', 'New PAL Free Credit'),
(102, 2500, 167, '2018-11-29 05:28:07', 'New PAL Free Credit'),
(103, 1000, 20, '2018-11-29 21:52:13', 'Playdate Playpacks'),
(104, 11500, 167, '2018-11-29 22:03:49', 'Playdate Playpacks'),
(105, 9500, 165, '2018-11-30 00:23:51', 'Playdate Playpacks'),
(106, 0, 162, '2018-11-30 17:02:15', 'Music, Makeovers, and My Favorite Pajamas, November 30th 2018'),
(107, 76875, 166, '2018-11-30 20:43:58', 'Playdate Playpacks'),
(108, 0, 166, '2018-11-30 20:47:59', 'November 2018 CSC Child Care Programming and Supplies'),
(109, 24000, 113, '2018-12-04 17:08:02', 'Playdate Playpacks'),
(110, 24000, 181, '2018-12-06 18:19:39', 'Playdate Playpacks'),
(111, 12000, 181, '2018-12-06 18:47:40', 'Playdate Playpacks'),
(112, 10000, 184, '2018-12-07 14:55:19', 'Playdate Playpacks'),
(113, 3000, 186, '2018-12-07 22:15:12', 'Playdate Playpacks'),
(114, 2100, 186, '2018-12-07 22:18:34', 'PJ KV UnSq Discount - 12/7'),
(115, 3000, 187, '2018-12-07 22:25:24', 'Playdate Playpacks'),
(116, 12000, 185, '2018-12-07 22:27:56', 'Playdate Playpacks'),
(117, 3000, 188, '2018-12-07 22:33:45', 'Playdate Playpacks'),
(118, 2100, 188, '2018-12-07 22:36:00', 'PJ KV UnSq Discount - 12/7'),
(119, 1800, 187, '2018-12-07 22:40:19', 'PJ KV UnSq Discount - 12/7'),
(120, 1800, 185, '2018-12-07 23:00:38', 'PJ City Treehouse Discount - 12/8'),
(121, 3000, 189, '2018-12-08 05:54:33', 'Playdate Playpacks'),
(122, 2100, 189, '2018-12-08 17:34:13', 'PJ City Treehouse Discount - 12/8'),
(123, 6000, 192, '2018-12-10 19:52:50', 'Playdate Playpacks'),
(124, 0, 192, '2018-12-10 19:55:23', 'PJ KV UnSq - 12/7 (Guest Registration - 2 Kids)'),
(125, 20000, 22, '2018-12-13 16:57:18', 'TEST FOR PAYMENT GENERATION'),
(126, 7500, 185, '2018-12-17 16:22:38', 'Playdate Playpacks'),
(127, 2500, 185, '2018-12-17 16:23:50', 'Playdate Playpacks'),
(128, 1000, 185, '2018-12-17 16:25:14', 'Playdate Playpacks'),
(129, 3900, 205, '2018-12-17 19:01:12', 'Playdate Playpacks'),
(130, 8200, 168, '2018-12-18 19:17:55', 'Playdate Playpacks'),
(131, 3875, 168, '2018-12-18 19:33:09', 'KV Park Slope PJ Party - Discount'),
(132, 0, 168, '2018-12-18 19:35:14', 'KV Park Slope PJ Party - Discount'),
(133, 1725, 168, '2018-12-18 19:36:28', 'KV Park Slope PJ Party - Discount'),
(134, 3900, 210, '2018-12-19 02:56:24', 'Playdate Playpacks'),
(135, 34200, 200, '2018-12-19 21:39:56', 'Playdate Playpacks'),
(136, 30000, 107, '2018-12-19 23:05:24', 'PAL Test Credit'),
(137, 116500, 213, '2018-12-19 23:10:27', 'Playdate Playpacks'),
(138, 4800, 200, '2018-12-23 19:01:54', 'Playdate Playpacks'),
(139, 3500, 201, '2018-12-25 02:30:32', 'Playdate Playpacks'),
(140, 400, 201, '2018-12-25 19:37:45', ''),
(141, 3000, 182, '2018-12-27 01:02:13', 'Playdate Playpacks'),
(142, 500, 182, '2018-12-27 01:08:58', 'Playdate Playpacks'),
(143, 2700, 199, '2018-12-27 06:20:45', 'Playdate Playpacks'),
(144, 62500, 213, '2018-12-29 15:37:31', 'Playdate Playpacks'),
(145, 77500, 213, '2018-12-29 17:12:03', 'Playdate Playpacks'),
(146, 700, 145, '2019-01-02 16:31:19', 'Playdate Playpacks'),
(147, 2400, 135, '2019-01-03 02:48:26', 'Playdate Playpacks'),
(148, 28000, 218, '2019-01-03 18:42:11', 'PAL Campaign'),
(149, 12000, 219, '2019-01-04 02:03:33', 'Playdate Playpacks'),
(150, 23000, 221, '2019-01-04 22:19:27', 'Playdate Playpacks'),
(151, 1600, 130, '2019-01-08 02:08:51', 'Playdate Playpacks'),
(152, 2500, 129, '2019-01-08 03:05:20', 'Playdate Playpacks'),
(153, 1000, 129, '2019-01-08 03:08:22', 'Playdate Playpacks'),
(154, 12000, 222, '2019-01-10 17:20:05', 'Roosevelt Island Day Nursery - Gift Certificate Credit'),
(155, 40000, 223, '2019-01-11 02:42:52', 'Social Impact'),
(156, 12000, 113, '2019-01-11 19:42:46', 'Playdate Playpacks'),
(157, 10000, 185, '2019-01-12 17:42:18', 'Playdate Playpacks');

-- --------------------------------------------------------

--
-- Estructura de tabla para la tabla `pd_ratings`
--

DROP TABLE IF EXISTS `pd_ratings`;
CREATE TABLE `pd_ratings` (
  `id_rating` int(10) UNSIGNED NOT NULL,
  `id_parent` int(10) UNSIGNED DEFAULT NULL,
  `id_playdate` int(10) UNSIGNED DEFAULT NULL,
  `value` int(10) UNSIGNED DEFAULT '1' COMMENT '0 - 5 stars',
  `comment_specialist` text,
  `comment_playdate` text,
  `idate` datetime NOT NULL,
  `udate` datetime DEFAULT NULL,
  `id_specialist` int(10) UNSIGNED DEFAULT NULL
) ENGINE=InnoDB DEFAULT CHARSET=utf8;

--
-- Volcado de datos para la tabla `pd_ratings`
--

INSERT INTO `pd_ratings` (`id_rating`, `id_parent`, `id_playdate`, `value`, `comment_specialist`, `comment_playdate`, `idate`, `udate`, `id_specialist`) VALUES
(9, NULL, NULL, 5, 'Nicole has dedicated her professional career to working with children. We call her our child whisperer! We’ve seen her keep a room full of 1 year olds engaged and sitting still for over 45 minutes. If any of you have ever worked with kids in your life, you know that must be witchcraft! But the truth is, this is a result of years of refining techniques and learning first-hand how to understand, engage and nurture healthy development from infancy to toddlerhood.  Her passion for music combined with her experience as an Early Childhood Educator ensures that every group care experience is creative and engaging.  Nicole has lead countless teacher trainings on best practices in communication and behavior management, guiding so many children and caregivers through their first-ever drop off experience. There\'s no other way to put it, Nicole\'s gift as a child care professional and dedication to the field has been one of the strongest inspirations behind the vision for PAL.', NULL, '2018-10-03 07:18:12', NULL, 16),
(11, NULL, NULL, 5, 'A background in event planning combined with extensive child care experience results in Alexa being a master coordinator who is extremely detail-oriented and ensures that high-quality care never compromised. She is, without doubt, one of the best-of-the-best. From loving football to all things craft, Alexa is super relatable to the wide spectrum of interests that our kiddos have. Most importantly, Alexa is an extremely trust-worthy individual who is also an excellent communicator. She is someone who can take on a lot of responsibility and will ensure that everything runs safely, smoothly and responsibly. She is a natural leader with a great attitude and a genuine love for children.  She is more than willing to be active and engaging with our kids and will do so in great spirits. She can be found diving right in to activities and having just as much fun as the kids did! She is quick to offer a helping hand and naturally knows exactly what needs to get done. With Project Playdate, Alexa directed our entire after school program at Pine Street School as well as the weekend programming we did with the Kabbalah Center. Her combination of trust-worthiness, leadership and child care experience make Alexa an absolute all-star.', NULL, '2018-10-03 07:19:21', NULL, 27),
(12, NULL, NULL, 5, 'As a consistent lead Specialist with Project Playdate, Allegra has led countless parties and child care events. She also co-directed our after school program at Pine Street and weekend child care programming at the Kabbalah Center. Allegra never fails to leave the most wondeful impression on the kids and families she\'s worked with. We have received the most wonderful feedback with words from parents to describe Allegra such as: professional, kind, dedicated, knowledgable, and downright AMAZING! We are not surprised. After all, Allegra is full of warm and positive energy that our kids are quickly drawn to. Her background in theatre brings such animation and enthusiasm to the work that she does - combine this with a love for children and you\'ve got an incredibly talented child care professional.', NULL, '2018-10-03 07:19:42', NULL, 28),
(13, NULL, NULL, 5, 'Allison is a Project Playdate veteran, having worked with us very early on, almost 5 years ago now! She is an absolute pleasure to work with and we are so grateful that she keeps coming back!  For starters, she offers only the highest level of professionalism. Allison is an exemplary communicator, attentive caregiver and extremely prompt. She arrives early and is quick to offer a helping hand.  This directly influences her ability to work so well with groups of kids. They ALWAYS love her! Allison has a very warm personality and knows how to help both parents and children instantly feel comfortable under her care. She is a trustworthy professional, talented child care Specialist and, simply wonderful person.', NULL, '2018-10-03 07:20:08', NULL, 29),
(14, NULL, NULL, 5, 'Anastacia is approaches every job and responsbility with her full attention, without ever compromising her level of enthusiasm or engagement! She is great at taking initiative to maintain safety and structure during both free play and planned activities. She does a particularly awesome job communicating with the kids, especially in ways that encouraged good behavior and active listening. She has the perfect combination of responsibility, structure, fun and enthusiasm that lead to both kids and parents feeling happy and comfortable with her care.', NULL, '2018-10-03 07:20:27', NULL, 30),
(15, NULL, NULL, 5, 'With Ariel\'s backgorund in performing arts, she brings such a bright and inspiring approach to her work with children. She\'s creative and has the core skills needed to keep the little ones safe. Her artistry most definitely compliments her expertise in childcare, adding a whole new element of animation and fun to every activity she leads. To put it simply, Ariel is an engaging caregiver and time spent with her is a real treat for the kids!', NULL, '2018-10-03 07:20:45', NULL, 31),
(16, NULL, NULL, 5, 'Ayana is awesome! She\'s also a dancer/performer and is always smiling. Kids just gravitate towards her calm but fun personality and energy. She\'s absolutely lovely and an amazing choice for a go-to caregiver for kiddos of any age!', NULL, '2018-10-03 07:21:02', NULL, 32),
(17, NULL, NULL, 5, 'Catherine is a true Project Playdate veteran, having worked with our team since 2013! And since the very first event, she has been nothing short of an absolute pleasure to work with. Catherine will go above and beyond to make sure that she is doing the best possible job she can. She is always willing to help out and always with a smile. The kids love her because of her happy and fun nature. Catherine is one of the sweetest people I know and for this reason is a great role model and even better caregiver for children.  She is a quick learner, attentive communicator, and will always bring her most professional self to the job. We are so happy to still have her with us!', NULL, '2018-10-03 07:21:26', NULL, 33),
(18, NULL, NULL, 5, 'Chanel is an absolute pro! She is highly dependable and never fails to ensure that our children will not only be happy but also incomparably safe and well-cared for. Chanel has worked with Project Playdate for several years and after countless examples of exemplary professionalism, ultimately became the director of our weekend programming at Celebrate Spiritual Center. Chanel is very passionate about engaging children with fun and educational activities. She always has ideas of games, songs, and activities that she knows our kids will love. She is constantly thinking of new ways to lead organized games and provide enrichment.  We simply love her enthusiasm, contagious smile and positive attitude. She is easy to communicate with, very responsible and has a genuinepassion for working with children. We couldn’t recommend her more highly.', NULL, '2018-10-03 07:21:59', NULL, 34),
(19, NULL, NULL, 5, 'Courtney has all of the best things you find in an amazing caregiver. She\'s punctual, dependable, fun, engaging with the kiddos, and an absolute pleasure to be around in general. She has additonal experience in performing arts and is always keen and able to add an additonal layer of enrichment to her caregiving. Courtney is wonderful with children and has been particularly skilled at helping the little ones with separation anxiety feel comfortable and happy in her care. She has helped facilitate and manage Project Playdate experiences for years and is an absolute pro!', NULL, '2018-10-03 07:22:15', NULL, 35),
(20, NULL, NULL, 5, 'Danielle is a seasoned art teacher and we couldn\'t be more excited to have her on the PAL team. Danielle led our art programming during after school at Pine Street, and was the full-time art teacher at Citibabes.  She has an amazing way of engaging all children in a room with her warm demeanor and super creative craft projects.  Danielle is a responsible, smart and fun child care professional.  These traits combined with her artistic background inspire so much enriching play and imagination so, of course, kids love her! If you\'ve got a kiddo that loves arts and crafts, we highly recommend hiring her whenever she is available! Danielle is someone to count on and is a true expert in her field.', NULL, '2018-10-03 07:22:33', NULL, 36),
(21, NULL, NULL, 5, 'Dara is an absolute dynamite! She is fun, bubbly, and kids just go crazy over her! She can be so wonderfully silly and engages children through the magic of theatre and comedy. She quickly became one of our favorite professionals at Project Playdate because she genuinely has so much fun when she is caring for our kids and isn\'t afriad to be silly, active, and animated. She is quick to offer a helping hand and also has natural leadership skills. Dara is very responsible and easy to communicate with. She has an all around great attitude and makes both a wonderful caregiver and role model for our kids.', NULL, '2018-10-03 07:23:03', NULL, 37),
(22, NULL, NULL, 5, 'In Francesca\'s interview, we were instantly struck by her warm and sweet demeanor. Since then, we\'ve seen her work hard to jump into any opporunity with the perfect combination of optimism and excitement, professionalism and calm. She has the core skills needed to care for kiddos safely and is so in love with what she does that she is currently pursuing studies in the field of early childcare education. This commitment shows in everything she does and we are so happy to have her in our network!', NULL, '2018-10-03 07:23:28', NULL, 38),
(23, NULL, NULL, 5, 'Jessica, currently pursuing a career in the arts, uses this background in theatre to bring such animation and enthusiasm to the work that she does . This combined with a genuine love for children results in an incredibly talented child care professional. She balances a keen attention to safety with an air of adventure in every playdate experience she leads so that our kids are always happy, healthy and having loads of fun! Jessica has often been described as kind, punctual, and extremely dependable.', NULL, '2018-10-03 07:23:44', NULL, 39),
(24, NULL, NULL, 5, 'It comes to no surprise that Julie is a teacher by trade. She just gets it. Julie is someone you can trust to keep the kids safe while traveling throughout NYC and takes her responsibilities as a child care professional seriously. She is a master at ensuring the playdate environment is stable, healthy, and safe while also working hard to engage and provide enrichment for the kids she works with. She\'s communicative, engaged, and an all-around accomplished teaching professional!', NULL, '2018-10-03 07:24:00', NULL, 40),
(25, NULL, NULL, 5, 'We have the pleasure of knowing Katrina through her work with Project Playdate as a yoga instructor and child care leader at our after school program with Pine Street School. She is warm and welcoming, dependable and kind; and will maintain this energy throughout everything she does. She arrives early, always looks for opportunity to help, and most importantly, the kids love her! Katrina used her arts, yoga and dance background to provide a uniquely enriching experience.  During free play she had lots of energy to run around and actively play with our groups, while maintaining safety and structure. It\'s not an easy task to get a bunch of little ones to find their \'still\' and do mediation in yoga, but somehow, someway, she does it. Katrina offers only the highest level of professionalism both as a caregiver and an enrichment provider. We couldn\'t recommend her more highly.', NULL, '2018-10-03 07:25:03', NULL, 41),
(26, NULL, NULL, 5, 'Lili is one of the most consistent Project Playdate leaders and we are constantly seeking out ways in which we can hire her again! Lili always arrives early and with a huge smile on her face. She is full of positive energy that the kids are immediately drawn to. She is an active and engaging professional that is equally as passionate about planning activities that she knows the kids will love as she is about ensuring a safe and nurting environment. She seems to always find opportunities to teach and inspire curiosity in our kids - just as you would expect a former Kindergarten Teacher to do! Lili is extremely organized and one of the hardest workers we know. She is also bi-lingual and can incorporate Spanish into any playdate experience. Lili never ceases to impress us with her willingness to go above and beyond the call of duty to ensure that everything she does is a success.', NULL, '2018-10-03 07:25:20', NULL, 42),
(27, NULL, NULL, 5, 'Liz has a magnetic personality! She is one of New York City\'s most accomplished enrichment providers. We\'ve witnessed several of NYC\'s most celebrated child care institutions \"steal\" her from one another because everyone knows that if Liz is on your team, the service you offer will be exponentially better. Liz is full of warm and positive energy and navigates every child care experience with grace and professionalism. She makes it look effortless when we know all too well how much hard work and sheer talent is required to do it like she does. We adore her to bits  just as all of the children and families she\'s cared for do. Liz was a driving force behind the success of our after school program at Pine Street School and we just count our lucky stars that she is still with us!', NULL, '2018-10-03 07:25:41', NULL, 43),
(28, NULL, NULL, 5, 'Ludi is an absolute pleasure to work with. She is always curteous, kind, and ready to offer her attentive support. She consistently does a fabulous job connecting with our kids and engaging them in imaginative play. Her big smile and friendly demeanor makes it easy for the kids to part from their parents at drop off. Working with a large group of kids in an active setting seemed to come naturally to her. She is very easy to communicate with which makes her the perfect team player and support that will ensure a successful experience.', NULL, '2018-10-03 07:26:01', NULL, 44),
(29, NULL, NULL, 5, 'Beyond having worked with Project Playdate since 2014, Lynn boasts extensive experience in professional childcare. She is one of th most dependable caregivers we know and an absolute natural with kids. Playdates are always very high energy and require professionals that can be fun and engaging while maintaining safety and structure. Lynn knows exactly how to strike this balance. We are particularly impressed with her ability to calm and nurture the children who might experience some separation anxiety. Lynn is an attentive, communicative, and all-around trust worthy child care professional.', NULL, '2018-10-03 07:26:17', NULL, 45),
(30, NULL, NULL, 5, 'Melani has such warm and fun-loving nature that our team, our parents and, most importantly, our children are drawn to her time and time again. Her positive attitude is contagious and she is a master at building trusting relationships. Melani is a seasoned teaching artist and is known to dive right, engage and play. We would recommend Melani especially for school aged children and older toddlers because of her ability to engage them in active and imaginative play. She\'s incredibly creative and keeps up very well with older kids who like to run around and act silly!. Her personality is so bright that kids tend to instantly love her and make her a fast friend!', NULL, '2018-10-03 07:26:38', NULL, 46),
(31, NULL, NULL, 5, 'It is very evident that Meredith is a seasoned teaching artist who can successfully leverage her background in theatre and the arts to be a childcare professional that the kids absolutely love. She inspires imaginative play and actively participates in the fun! Beyond being a master of engagement, Meredith is a super professional young woman who arrives on time and takes initiative as a leader. She has a really great way of communicating all around, but especially with kids, ensuring that everything she leads is safe and fun. She is an absolute natural. We love the enthusiasm and expertise she brings when caring for children and creating structured activities.', NULL, '2018-10-03 07:28:03', NULL, 47),
(32, NULL, NULL, 5, 'Perla has all of the best qualities of a teacher so it comes to no surprise that she is teaching professionally. She is extremely reliable, creative and attentive to the needs of the children she cares for. She is a natural when it comes to communicating effectively with children and quickly helping them feel comfortable in her care. Perla is a real practioner who will also ensure that her experiences are safe, consist of structured enrichment and loads of fun.She has a warm and loving personality that is simply magnetic Perla is an absolute gem!', NULL, '2018-10-03 07:28:25', NULL, 48),
(33, NULL, NULL, 5, 'Sam sincerely enjoys spending time with children. Our kids have so much fun with Sam and it\'s simply because she is known to have so much fun with them! As a Project Playdate veteran, we\'ve seen Sam care for large groups of children of different ages with grace and professionalism. She is able to engage them through imaginative play while also maintaining safety, structure, and that super contagious smile!  Sam treats her work very seriously and has proven over and over again that she is someone you can trust. Her bubbly personality, and can-do attitude make her a fantastic team player. She\'s alway ready to listen, learn, and adapt to create the best experience possible for the children and families she works with. Her experience in the performing arts also allows her ot integrate some really great enrichment into her playdates, which parents and kids alike adore.', NULL, '2018-10-03 07:29:31', NULL, 49),
(34, NULL, NULL, 5, 'Shonette has a real passion for child care and children’s education which has been evident in the countless times we\'ve worked together through Project Playdate. It comes to no surprise that she is both a loving mother and full time nursery school teacher. She is professional, reliable and knows how to run a tight ship! She is always making sure to keep things clean and organized while also supervising and engaging the children she is with. She is very patient and always has a happy and kind attitude. The kids love spending time with her and we love working with her. A mom herself, she understands the utmost importance of safety and attentivenness to care that a true childcare professional requires, and knocks it out of the park every time. She brings patience, knowlege, experience, and agency into her childcare work and is one of the best we\'ve got, especially for the extra little ones!', NULL, '2018-10-03 07:29:47', NULL, 50),
(35, NULL, NULL, 5, 'Susan is AMAZING! In fact, during our vetting process she scored the highest on our personality test, which means the science says she is the BEST match for the exact kind of child care professional we are seeking. After seeing her in action, we were pleased to see that the science checks out! Susan is trust-worthy, attentive, engaging, and exceptionally creative! We are consistently impressed with her enthusiasm and natural ability to take on a leadership role. Susan is straight gifted at truly entertaining and engaging the kids she is with. She uses her theatre background to be imaginative and fun with the kids and she certainly isn’t afraid to be silly. We\'ve seen so many children become immediately drawn to her during play time. That\'s because Susan is a true teamplayer and always ready to go the extra mile to make a child\'s day. We couldn\'t be more excited to have Susan in our network!', NULL, '2018-10-03 07:30:07', NULL, 51),
(36, NULL, NULL, 5, 'With Project Playdate, Taylor has helped lead the children\'s programming at the Celebration Spirtual Center. She is extremly patient and has contagious warmth and kindness.  a wide Taylor has a wide range of experience caring for children with varying ages and needs all at once. Her professionalism and leadership is consistenly evident as she manages to care for our children in a fun and engaging way while maintaining their safety and contributing to the overall success of the activities we offer. We are thrilled to have Taylor in our network and see great things for her future!', NULL, '2018-10-03 07:30:23', NULL, 52),
(37, NULL, NULL, 5, 'If there\'s one word to describe Tommy it\'s FUN! The kids he works with always adore him and can\'t help but want to be around him nonstop. He is well-versed in all things performing arts which is always a hit and very helpful when it comes to facilitating activities. He always does an exceptional job engaging our kids in play and will never be intimidated by the task of faciliting activities for large groups of children.  He has a natural ability to help any child feel comfortable and safe. Tommy is reliable and easy to communicate with. He is extremely professional and trust-worthy. He arrives on time and puts his best foot forward in everything he does. We are so happy to have him in our network!', NULL, '2018-10-03 07:30:37', NULL, 53),
(38, NULL, NULL, 5, 'Raven is INCREDIBLE! She is a true Project Playdate veteran, having worked our pajama parties since the very beginning. There’s no other way to describe her other than completely reliable and exceptionally professional. Raven doesn\'t only have the skills to care for children, but also brings the most interesting and invaluable abilities to teach and enrich, including her relentless creativity, energy and even fluent Spanish! She brings caregiving to the next level with her ability to highly engage the children she’s around, while leaving a lasting and positive impression on parents; giving the ultimate peace of mind. She’s creative, trustworthy, professional, and all-around a kind person to be around. If we could make photocopies of Raven we certainly would!', NULL, '2018-10-03 07:30:51', NULL, 54);

-- --------------------------------------------------------

--
-- Estructura de tabla para la tabla `pd_request_children`
--

DROP TABLE IF EXISTS `pd_request_children`;
CREATE TABLE `pd_request_children` (
  `id_request_children` int(10) UNSIGNED NOT NULL,
  `id_children` int(10) UNSIGNED DEFAULT NULL,
  `num_children` int(10) UNSIGNED NOT NULL DEFAULT '1',
  `age` int(10) UNSIGNED NOT NULL DEFAULT '0',
  `idate` datetime NOT NULL,
  `udate` datetime DEFAULT NULL,
  `id_request` int(10) UNSIGNED NOT NULL
) ENGINE=InnoDB DEFAULT CHARSET=utf8;

--
-- Volcado de datos para la tabla `pd_request_children`
--

INSERT INTO `pd_request_children` (`id_request_children`, `id_children`, `num_children`, `age`, `idate`, `udate`, `id_request`) VALUES
(1, 20, 1, 2, '2018-09-10 16:42:37', NULL, 69),
(35, 126, 1, 3, '2018-10-18 17:53:29', NULL, 93),
(36, NULL, 1, 3, '2018-10-18 17:53:29', NULL, 93),
(37, 126, 1, 3, '2018-10-18 23:42:38', NULL, 94),
(38, NULL, 3, 4, '2018-10-18 23:42:38', NULL, 94),
(39, 12, 1, 12, '2018-10-19 14:15:23', NULL, 95),
(84, 36, 1, 3, '2018-10-19 17:27:39', NULL, 97),
(85, 37, 1, 5, '2018-10-19 17:27:39', NULL, 97),
(90, 131, 1, 8, '2018-10-19 17:29:54', NULL, 98),
(91, 132, 1, 5, '2018-10-19 17:29:54', NULL, 98),
(92, 131, 1, 8, '2018-10-19 19:42:11', NULL, 98),
(93, NULL, 1, 7, '2018-10-19 19:42:11', NULL, 98),
(98, 36, 1, 3, '2018-10-22 20:08:52', NULL, 99),
(99, 37, 1, 5, '2018-10-22 20:08:52', NULL, 99),
(100, 36, 1, 3, '2018-10-22 20:23:47', NULL, 100),
(101, 130, 1, 3, '2018-10-22 20:23:47', NULL, 100),
(102, 126, 1, 3, '2018-10-23 03:58:08', NULL, 101),
(103, NULL, 1, 3, '2018-10-23 03:58:08', NULL, 101),
(104, 126, 1, 3, '2018-10-23 18:42:05', NULL, 102),
(105, 12, 1, 12, '2018-10-24 14:36:17', NULL, 103),
(113, 12, 1, 12, '2018-10-25 19:19:27', NULL, 106),
(115, 126, 1, 3, '2018-10-25 19:48:02', NULL, 104),
(116, NULL, 1, 3, '2018-10-25 19:48:02', NULL, 104),
(117, NULL, 1, 3, '2018-10-25 19:48:02', NULL, 104),
(118, 134, 1, 5, '2018-10-25 23:44:25', NULL, 107),
(119, 12, 1, 12, '2018-10-26 11:34:53', NULL, 108),
(120, 36, 1, 3, '2018-10-31 20:36:02', NULL, 109),
(121, 37, 1, 5, '2018-10-31 20:36:02', NULL, 109),
(122, 36, 1, 3, '2018-10-31 20:46:13', NULL, 110),
(123, 37, 1, 5, '2018-10-31 20:46:13', NULL, 110),
(128, 36, 1, 3, '2018-10-31 21:18:34', NULL, 113),
(129, 37, 1, 5, '2018-10-31 21:18:34', NULL, 113),
(146, 36, 1, 3, '2018-11-05 22:52:10', NULL, 112),
(147, 37, 1, 5, '2018-11-05 22:52:10', NULL, 112),
(150, 36, 1, 3, '2018-11-05 22:53:18', NULL, 114),
(151, 37, 1, 5, '2018-11-05 22:53:18', NULL, 114),
(154, 36, 1, 3, '2018-11-05 22:53:40', NULL, 111),
(155, 37, 1, 5, '2018-11-05 22:53:40', NULL, 111),
(163, 36, 1, 3, '2018-11-05 22:54:02', NULL, 105),
(164, 130, 1, 3, '2018-11-05 22:54:02', NULL, 105),
(165, NULL, 2, 3, '2018-11-05 22:54:02', NULL, 105),
(170, 36, 1, 3, '2018-11-05 22:54:08', NULL, 96),
(171, 128, 1, 8, '2018-11-05 22:54:08', NULL, 96),
(172, 129, 1, 8, '2018-11-05 22:54:08', NULL, 96),
(173, 130, 1, 3, '2018-11-05 22:54:08', NULL, 96),
(179, 36, 1, 3, '2018-11-05 23:07:45', NULL, 116),
(180, 37, 1, 5, '2018-11-05 23:07:45', NULL, 116),
(196, 36, 1, 3, '2018-11-06 16:03:12', NULL, 115),
(197, 37, 1, 5, '2018-11-06 16:03:12', NULL, 115),
(198, 128, 1, 8, '2018-11-06 16:03:12', NULL, 115),
(199, 129, 1, 8, '2018-11-06 16:03:12', NULL, 115),
(200, 130, 1, 3, '2018-11-06 16:03:12', NULL, 115),
(201, 13, 1, 15, '2018-11-09 11:17:52', NULL, 117),
(202, 17, 1, 4, '2018-11-09 11:17:52', NULL, 117),
(203, 123, 1, 5, '2018-11-14 03:04:53', NULL, 118),
(204, 188, 1, 3, '2018-11-14 03:04:53', NULL, 118),
(205, NULL, 4, 4, '2018-11-14 03:04:53', NULL, 118),
(206, 128, 1, 8, '2018-11-16 21:28:54', NULL, 119),
(207, 129, 1, 8, '2018-11-16 21:28:54', NULL, 119),
(208, NULL, 4, 8, '2018-11-16 21:28:54', NULL, 119),
(209, NULL, 4, 8, '2018-11-16 21:28:54', NULL, 119),
(210, NULL, 4, 8, '2018-11-16 21:28:54', NULL, 119),
(211, NULL, 4, 8, '2018-11-16 21:28:54', NULL, 119),
(212, NULL, 4, 8, '2018-11-16 21:28:54', NULL, 119),
(218, 36, 1, 3, '2018-12-13 22:00:43', NULL, 121),
(219, 37, 1, 5, '2018-12-13 22:00:43', NULL, 121),
(220, 128, 1, 8, '2018-12-13 22:00:43', NULL, 121),
(229, 125, 1, 2, '2018-12-19 20:58:19', NULL, 122);

-- --------------------------------------------------------

--
-- Estructura de tabla para la tabla `pd_request_children_old`
--

DROP TABLE IF EXISTS `pd_request_children_old`;
CREATE TABLE `pd_request_children_old` (
  `id_request` int(10) UNSIGNED NOT NULL,
  `id_children` int(10) UNSIGNED NOT NULL,
  `idate` datetime NOT NULL,
  `udate` datetime DEFAULT NULL
) ENGINE=InnoDB DEFAULT CHARSET=utf8;

-- --------------------------------------------------------

--
-- Estructura de tabla para la tabla `pd_request_interests`
--

DROP TABLE IF EXISTS `pd_request_interests`;
CREATE TABLE `pd_request_interests` (
  `id_request` int(10) UNSIGNED NOT NULL,
  `id_interest` int(10) UNSIGNED NOT NULL,
  `idate` datetime NOT NULL
) ENGINE=InnoDB DEFAULT CHARSET=latin1;

--
-- Volcado de datos para la tabla `pd_request_interests`
--

INSERT INTO `pd_request_interests` (`id_request`, `id_interest`, `idate`) VALUES
(66, 3, '2018-09-03 11:31:49'),
(69, 3, '2018-09-10 16:42:37'),
(69, 6, '2018-09-10 16:42:37'),
(73, 6, '2018-09-14 18:27:50'),
(73, 7, '2018-09-14 18:27:50'),
(73, 9, '2018-09-14 18:27:50'),
(74, 4, '2018-09-14 19:26:56'),
(84, 3, '2018-09-17 16:53:51'),
(84, 4, '2018-09-17 16:53:51'),
(91, 6, '2018-10-16 21:18:43'),
(91, 9, '2018-10-16 21:18:43'),
(93, 6, '2018-10-18 17:53:29'),
(94, 3, '2018-10-18 23:42:38'),
(94, 6, '2018-10-18 23:42:38'),
(95, 6, '2018-10-19 14:15:23'),
(96, 1, '2018-11-05 22:54:08'),
(96, 3, '2018-11-05 22:54:08'),
(96, 6, '2018-11-05 22:54:08'),
(96, 10, '2018-11-05 22:54:08'),
(96, 11, '2018-11-05 22:54:08'),
(96, 12, '2018-11-05 22:54:08'),
(97, 3, '2018-10-19 17:27:39'),
(97, 6, '2018-10-19 17:27:39'),
(97, 7, '2018-10-19 17:27:39'),
(97, 11, '2018-10-19 17:27:39'),
(98, 4, '2018-10-19 17:29:54'),
(98, 6, '2018-10-19 17:29:54'),
(98, 7, '2018-10-19 17:29:54'),
(99, 3, '2018-10-22 20:08:52'),
(100, 6, '2018-10-22 20:23:47'),
(100, 7, '2018-10-22 20:23:47'),
(101, 3, '2018-10-23 03:58:08'),
(102, 6, '2018-10-23 18:42:05'),
(102, 9, '2018-10-23 18:42:05'),
(103, 9, '2018-10-24 14:36:17'),
(104, 3, '2018-10-25 19:48:02'),
(104, 6, '2018-10-25 19:48:02'),
(104, 9, '2018-10-25 19:48:02'),
(104, 10, '2018-10-25 19:48:02'),
(105, 6, '2018-11-05 22:54:02'),
(107, 6, '2018-10-25 23:44:25'),
(107, 10, '2018-10-25 23:44:25'),
(108, 1, '2018-10-26 11:34:53'),
(117, 1, '2018-11-09 11:17:52'),
(121, 3, '2018-12-13 22:00:43'),
(121, 4, '2018-12-13 22:00:43');

-- --------------------------------------------------------

--
-- Estructura de tabla para la tabla `pd_request_invitation`
--

DROP TABLE IF EXISTS `pd_request_invitation`;
CREATE TABLE `pd_request_invitation` (
  `id_request_invitation` int(10) UNSIGNED NOT NULL,
  `name` varchar(255) DEFAULT NULL,
  `lastname` varchar(255) DEFAULT NULL,
  `username` varchar(255) DEFAULT NULL,
  `email` varchar(255) NOT NULL,
  `zipcode` varchar(255) DEFAULT NULL,
  `password` varchar(255) DEFAULT NULL,
  `idate` datetime NOT NULL,
  `udate` datetime DEFAULT NULL,
  `status` int(10) UNSIGNED NOT NULL DEFAULT '0' COMMENT '0=created, 1=accepted, 2=declined'
) ENGINE=InnoDB DEFAULT CHARSET=utf8;

--
-- Volcado de datos para la tabla `pd_request_invitation`
--

INSERT INTO `pd_request_invitation` (`id_request_invitation`, `name`, `lastname`, `username`, `email`, `zipcode`, `password`, `idate`, `udate`, `status`) VALUES
(1, 'Juan Carlos', 'Flórez', 'jcairtouch', 'jcflorez@airtouchmedia.com', 'Spain', 'f0f0fdacaddb7e8b2dfb99377236517b', '2018-09-17 05:06:05', '2018-11-13 21:43:20', 1),
(10, 'Peter M Piatetsky', 'Piatetsky', 'peter.piatetsky@gmail.com', 'peter.piatetsky@gmail.com', '10023', '27bcee7884008f729fb031bb6de8ce06', '2018-11-06 17:53:53', '2018-11-14 16:24:15', 1),
(13, 'Kenia', 'Maldonado', 'Kenia2477', 'kenia2477@aol.com', '10039', 'ccabbe33a0d494c54ec96fd26325fdc0', '2018-11-10 13:37:07', '2018-11-26 18:38:16', 1),
(15, 'Mohamed', 'Soliman', 'solimanm', 'solimanm@gmail.com', '10016', 'b0d4c914d4c8ca6e67938a4c8369bffb', '2018-11-15 17:15:31', NULL, 0),
(16, 'Ena', 'Verdi', 'Ena Verdi', 'evc3665@gmail.com', '10075', '22259e78aec5867c3019df54dcd9f5ec', '2018-11-16 19:14:44', NULL, 0),
(17, 'Hayley P Barker', 'Barker', 'HParkerBarker', 'parker.hayley@gmail.com', '10034', 'eb5effeda801bbfe44de7451471f8675', '2018-11-19 17:11:56', NULL, 0),
(18, 'Nichole', 'Reyes', 'Nlr1120', 'Nicholelreyes@gmail.com', '10028', 'c6c6bc94c7736780ea30bdbc8d2f271b', '2018-11-19 18:37:35', NULL, 0),
(19, 'Ilona', 'Pon', 'ispane', 'ispane@mail.ru', '44333', '8f120b68e519cffe4314b90755c4866f', '2018-11-20 00:33:04', '2018-12-04 18:16:35', 2),
(20, 'Elad', 'Sheinfeld', 'elad', 'elad1245@gmail.com', '06511', '595b1fcf951945e111939b37e80f6635', '2018-11-21 23:19:57', '2018-11-26 20:05:22', 1),
(21, 'Ali', 'Greenfield', 'Aligreenfield', 'ali.greenfield@gmail.com', '10028', 'b3f40a938056c94c5ba1272ee639272a', '2018-11-24 02:56:39', '2018-12-05 20:45:27', 1),
(23, 'Ana Paula Myrick', 'Myrick', 'themyricks2007', 'themyricks2007@gmail.com', '20852', '601ff2626e5c9cde08ae57ed0fd28c9f', '2018-11-28 18:53:57', NULL, 0),
(24, 'Raul ', 'Oaida', 'rauloaida', 'raul.oaida.m@gmail.com', '10003', '2abee044ddd6e685f004ff0a0e2f58e0', '2018-11-28 23:00:24', NULL, 0),
(25, 'Stephanie', 'Sklut', '', 'stephanie_sklut@yahoo.com', '11238', 'd41d8cd98f00b204e9800998ecf8427e', '2018-12-04 01:50:58', '2018-12-05 23:02:42', 1),
(26, 'Vianna', 'Nater', 'vianna_nater', 'vianna_nater@hotmail.com', '10003', 'e09746d5c103f8706103b3019e184d35', '2018-12-04 16:20:13', NULL, 0),
(27, 'Juliet', 'Diamond', 'Julietd', 'julietkoskoff@yahoo.com', '10003', '73a1ead3011e1e3270b223b34bbdd9a4', '2018-12-05 14:10:02', '2018-12-05 19:24:45', 1),
(28, 'Jane', 'Kim-Smith', 'hojepoje', 'janehkim8@gmail.com', '11201', '5225fedcb069effec61a29c3e61ee381', '2018-12-06 18:51:14', '2018-12-12 17:20:21', 1),
(29, 'Erin', 'Reedy', 'Erinreedy', 'erinereedy@gmail.com', '11233', 'f2c363b65834e7852411f6ec80dc40d6', '2018-12-07 11:21:40', NULL, 0),
(30, 'Zheng', 'Luo', 'txusama', 'txusama@gmail.com', '10028', '989802d43d0a0ed9d9cee2669e901e81', '2018-12-07 15:42:55', '2018-12-10 17:50:53', 1),
(31, 'Laticha', 'Sotero-Schamann', 'Bklyntich', 'latichasotero@aol.com', '11238', '120303a62832a092252413e15dc29812', '2018-12-07 20:59:21', '2018-12-10 17:42:21', 1),
(33, 'Sydney ', 'King', 'Purplesyd@gmail.com', 'purplesyd@gmail.com', '11217', '8197b5a92e74c420d52230e422858905', '2018-12-12 18:49:06', '2018-12-12 22:19:13', 1),
(34, 'Stella', 'Paschover', 'stella1679@yahoo.com', 'stela1679@yahoo.com', '11229', '1c020611e3b753925ffc8af8745c0556', '2018-12-13 12:44:57', '2018-12-13 20:36:13', 1),
(35, 'IMEN AMIRI', 'AMIRI', 'Manou', 'imenamiri03@gmail.com', '10128', 'c23659b9c653a4a187968ee1883cb4b3', '2018-12-20 04:47:26', NULL, 0),
(36, 'lucia', 'polanco', 'lpolanco13', 'lpolanco132gmail.com', '11238', '843690a9b2569748c2fe1a37607d1aa3', '2018-12-20 15:38:17', NULL, 0),
(37, 'Mariangel', 'Salas', 'maia0823', 'mariangel.sarai.salas@gmail.com', '11233', '10ede8b2d5161bb1b0730c8c5871d1f3', '2019-01-12 04:05:58', NULL, 0);

-- --------------------------------------------------------

--
-- Estructura de tabla para la tabla `pd_request_neighborhoods`
--

DROP TABLE IF EXISTS `pd_request_neighborhoods`;
CREATE TABLE `pd_request_neighborhoods` (
  `id_request` int(10) UNSIGNED NOT NULL,
  `id_neighborhood` int(10) UNSIGNED NOT NULL,
  `idate` datetime NOT NULL
) ENGINE=InnoDB DEFAULT CHARSET=utf8;

--
-- Volcado de datos para la tabla `pd_request_neighborhoods`
--

INSERT INTO `pd_request_neighborhoods` (`id_request`, `id_neighborhood`, `idate`) VALUES
(66, 62, '2018-09-03 11:31:49'),
(69, 64, '2018-09-10 16:42:37'),
(73, 72, '2018-09-14 18:27:50'),
(74, 84, '2018-09-14 19:26:56'),
(84, 23, '2018-09-17 16:53:51'),
(91, 204, '2018-10-16 21:18:43'),
(93, 205, '2018-10-18 17:53:29'),
(94, 204, '2018-10-18 23:42:38'),
(96, 202, '2018-11-05 22:54:08'),
(97, 81, '2018-10-19 17:27:39'),
(98, 81, '2018-10-19 17:29:54'),
(100, 202, '2018-10-22 20:23:47'),
(101, 72, '2018-10-23 03:58:08'),
(102, 34, '2018-10-23 18:42:05'),
(104, 69, '2018-10-25 19:48:02'),
(104, 204, '2018-10-25 19:48:02'),
(105, 67, '2018-11-05 22:54:02'),
(107, 33, '2018-10-25 23:44:25'),
(113, 72, '2018-10-31 21:18:34'),
(115, 68, '2018-11-06 16:03:12'),
(116, 67, '2018-11-05 23:07:45'),
(121, 66, '2018-12-13 22:00:43');

-- --------------------------------------------------------

--
-- Estructura de tabla para la tabla `pd_request_specialist`
--

DROP TABLE IF EXISTS `pd_request_specialist`;
CREATE TABLE `pd_request_specialist` (
  `id_request` int(10) UNSIGNED NOT NULL,
  `id_specialist` int(10) UNSIGNED NOT NULL,
  `idate` datetime NOT NULL,
  `udate` datetime DEFAULT NULL
) ENGINE=InnoDB DEFAULT CHARSET=utf8;

--
-- Volcado de datos para la tabla `pd_request_specialist`
--

INSERT INTO `pd_request_specialist` (`id_request`, `id_specialist`, `idate`, `udate`) VALUES
(73, 16, '2018-09-14 18:27:50', NULL),
(94, 16, '2018-10-18 23:42:38', NULL),
(95, 57, '2018-10-19 14:15:23', NULL),
(96, 16, '2018-11-05 22:54:08', NULL),
(97, 16, '2018-10-19 17:27:39', NULL),
(100, 16, '2018-10-22 20:23:47', NULL),
(103, 57, '2018-10-24 14:36:17', NULL),
(104, 16, '2018-10-25 19:48:02', NULL),
(105, 16, '2018-11-05 22:54:02', NULL),
(108, 57, '2018-10-26 11:34:53', NULL),
(109, 43, '2018-10-31 20:36:02', NULL),
(110, 51, '2018-10-31 20:46:13', NULL),
(111, 42, '2018-11-05 22:53:40', NULL),
(112, 37, '2018-11-05 22:52:10', NULL),
(113, 56, '2018-10-31 21:18:34', NULL),
(114, 45, '2018-11-05 22:53:18', NULL),
(115, 27, '2018-11-06 16:03:12', NULL),
(116, 28, '2018-11-05 23:07:45', NULL),
(117, 57, '2018-11-09 11:17:52', NULL),
(118, 56, '2018-11-19 13:43:00', NULL),
(122, 16, '2018-12-19 20:58:19', NULL);

-- --------------------------------------------------------

--
-- Estructura de tabla para la tabla `pd_request_specialists`
--

DROP TABLE IF EXISTS `pd_request_specialists`;
CREATE TABLE `pd_request_specialists` (
  `id_request` int(10) UNSIGNED NOT NULL,
  `id_specialist` int(10) UNSIGNED NOT NULL,
  `idate` datetime NOT NULL,
  `udate` datetime DEFAULT NULL
) ENGINE=InnoDB DEFAULT CHARSET=utf8;

-- --------------------------------------------------------

--
-- Estructura de tabla para la tabla `pd_reservation_children`
--

DROP TABLE IF EXISTS `pd_reservation_children`;
CREATE TABLE `pd_reservation_children` (
  `id_reservation_children` int(10) UNSIGNED NOT NULL,
  `id_reservation` int(10) UNSIGNED NOT NULL,
  `id_children` int(10) UNSIGNED DEFAULT NULL,
  `num_children` int(10) UNSIGNED NOT NULL DEFAULT '1',
  `age` int(10) UNSIGNED DEFAULT NULL,
  `idate` datetime NOT NULL,
  `udate` datetime DEFAULT NULL
) ENGINE=InnoDB DEFAULT CHARSET=utf8;

--
-- Volcado de datos para la tabla `pd_reservation_children`
--

INSERT INTO `pd_reservation_children` (`id_reservation_children`, `id_reservation`, `id_children`, `num_children`, `age`, `idate`, `udate`) VALUES
(104, 62, 20, 1, 2, '2018-10-03 21:02:31', NULL),
(105, 62, NULL, 1, 4, '2018-10-03 21:02:31', NULL),
(126, 72, 12, 1, 12, '2018-10-19 12:51:24', NULL),
(177, 93, 141, 1, 5, '2018-10-30 21:49:59', NULL),
(178, 93, 142, 1, 2, '2018-10-30 21:49:59', NULL),
(179, 94, 149, 1, 5, '2018-10-31 14:28:17', NULL),
(180, 95, 36, 1, 3, '2018-10-31 21:39:33', NULL),
(181, 95, 37, 1, 5, '2018-10-31 21:39:33', NULL),
(182, 96, 36, 1, 3, '2018-11-01 17:09:19', NULL),
(183, 96, 37, 1, 5, '2018-11-01 17:09:19', NULL),
(184, 97, 156, 1, 3, '2018-11-01 19:25:48', NULL),
(185, 98, 158, 1, 5, '2018-11-02 00:52:50', NULL),
(190, 102, 164, 1, 6, '2018-11-02 15:33:28', NULL),
(191, 102, 165, 1, 4, '2018-11-02 15:33:28', NULL),
(192, 103, 149, 1, 5, '2018-11-05 16:59:07', NULL),
(193, 104, 36, 1, 3, '2018-11-06 00:58:36', NULL),
(194, 104, 37, 1, 5, '2018-11-06 00:58:36', NULL),
(195, 105, 169, 1, 2, '2018-11-06 19:46:32', NULL),
(196, 106, 141, 1, 5, '2018-11-06 20:04:40', NULL),
(197, 106, 142, 1, 2, '2018-11-06 20:04:40', NULL),
(198, 107, 170, 1, 4, '2018-11-06 20:54:33', NULL),
(199, 108, 20, 1, 3, '2018-11-06 20:56:27', NULL),
(200, 109, 171, 1, 5, '2018-11-06 23:18:53', NULL),
(206, 111, 36, 1, 3, '2018-11-08 19:11:36', NULL),
(207, 111, 37, 1, 5, '2018-11-08 19:11:36', NULL),
(212, 114, 177, 1, 4, '2018-11-12 16:10:15', NULL),
(213, 115, 179, 1, 3, '2018-11-12 17:53:25', NULL),
(214, 116, 181, 1, 4, '2018-11-13 03:55:11', NULL),
(218, 118, 140, 1, 4, '2018-11-13 20:25:55', NULL),
(219, 119, 192, 1, 4, '2018-11-15 17:20:31', NULL),
(220, 120, 36, 1, 3, '2018-11-15 17:45:25', NULL),
(221, 121, 128, 1, 8, '2018-11-16 21:31:15', NULL),
(222, 121, 129, 1, 8, '2018-11-16 21:31:15', NULL),
(223, 121, NULL, 4, 8, '2018-11-16 21:31:15', NULL),
(224, 121, NULL, 4, 8, '2018-11-16 21:31:15', NULL),
(225, 121, NULL, 4, 8, '2018-11-16 21:31:15', NULL),
(226, 121, NULL, 4, 8, '2018-11-16 21:31:15', NULL),
(227, 121, NULL, 4, 8, '2018-11-16 21:31:15', NULL),
(228, 122, 197, 1, 4, '2018-11-16 23:22:08', NULL),
(229, 123, 205, 1, 7, '2018-11-26 18:34:21', NULL),
(230, 123, 206, 1, 5, '2018-11-26 18:34:21', NULL),
(231, 124, 192, 1, 4, '2018-11-26 19:36:49', NULL),
(232, 125, 140, 1, 4, '2018-11-26 19:52:54', NULL),
(233, 126, 177, 1, 4, '2018-11-26 19:56:39', NULL),
(234, 127, 179, 1, 3, '2018-11-26 21:06:35', NULL),
(235, 128, 189, 1, 4, '2018-11-26 22:24:57', NULL),
(236, 129, 199, 1, 3, '2018-11-27 00:17:11', NULL),
(237, 130, 220, 1, 5, '2018-11-29 22:04:47', NULL),
(238, 130, 221, 1, 3, '2018-11-29 22:04:47', NULL),
(239, 131, 217, 1, 4, '2018-11-30 00:24:40', NULL),
(240, 131, 218, 1, 3, '2018-11-30 00:24:40', NULL),
(241, 132, 141, 1, 5, '2018-12-04 17:08:32', NULL),
(242, 132, 142, 1, 2, '2018-12-04 17:08:32', NULL),
(243, 133, 239, 1, 4, '2018-12-06 18:20:59', NULL),
(244, 133, 240, 1, 3, '2018-12-06 18:20:59', NULL),
(245, 134, 239, 1, 4, '2018-12-06 18:54:41', NULL),
(246, 134, 240, 1, 3, '2018-12-06 18:54:41', NULL),
(247, 135, 243, 1, 3, '2018-12-07 14:55:55', NULL),
(248, 136, 149, 1, 5, '2018-12-07 17:02:47', NULL),
(249, 137, 154, 1, 7, '2018-12-07 18:26:47', NULL),
(250, 137, 155, 1, 4, '2018-12-07 18:26:47', NULL),
(251, 138, 244, 1, 5, '2018-12-07 22:18:57', NULL),
(252, 139, 249, 1, 5, '2018-12-07 22:36:20', NULL),
(253, 140, 248, 1, 5, '2018-12-07 22:40:35', NULL),
(254, 141, 246, 1, 7, '2018-12-07 23:00:52', NULL),
(255, 141, 247, 1, 5, '2018-12-07 23:00:52', NULL),
(256, 142, 250, 1, 3, '2018-12-08 17:34:37', NULL),
(257, 143, 170, 1, 4, '2018-12-09 13:53:17', NULL),
(258, 144, 192, 1, 4, '2018-12-09 15:50:06', NULL),
(259, 145, 177, 1, 4, '2018-12-10 21:42:58', NULL),
(260, 146, 189, 1, 4, '2018-12-11 16:12:19', NULL),
(263, 148, 36, 1, 3, '2018-12-13 16:44:37', NULL),
(264, 148, 37, 1, 5, '2018-12-13 16:44:37', NULL),
(265, 148, 128, 1, 8, '2018-12-13 16:44:37', NULL),
(266, 148, 129, 1, 8, '2018-12-13 16:44:37', NULL),
(267, 149, 20, 1, 3, '2018-12-13 16:57:38', NULL),
(268, 149, 258, 1, 4, '2018-12-13 16:57:38', NULL),
(269, 150, 20, 1, 3, '2018-12-13 21:51:45', NULL),
(270, 150, 258, 1, 4, '2018-12-13 21:51:45', NULL),
(271, 151, 36, 1, 3, '2018-12-13 21:54:12', NULL),
(272, 151, 37, 1, 5, '2018-12-13 21:54:12', NULL),
(273, 151, 130, 1, 3, '2018-12-13 21:54:12', NULL),
(274, 152, 20, 1, 3, '2018-12-13 22:36:34', NULL),
(275, 152, 258, 1, 4, '2018-12-13 22:36:34', NULL),
(277, 154, 36, 1, 3, '2018-12-14 20:30:02', NULL),
(278, 155, 246, 1, 7, '2018-12-17 16:25:45', NULL),
(279, 155, 247, 1, 5, '2018-12-17 16:25:45', NULL),
(280, 157, 37, 1, 5, '2018-12-17 16:53:05', NULL),
(281, 159, 266, 1, 3, '2018-12-17 19:10:53', NULL),
(282, 160, 222, 1, 5, '2018-12-18 19:36:57', NULL),
(283, 160, 223, 1, 2, '2018-12-18 19:36:57', NULL),
(284, 161, 273, 1, 4, '2018-12-19 02:57:20', NULL),
(285, 164, 129, 1, 8, '2018-12-19 21:26:46', NULL),
(286, 164, 130, 1, 3, '2018-12-19 21:26:46', NULL),
(287, 165, 36, 1, 3, '2018-12-19 22:01:49', NULL),
(288, 165, 37, 1, 5, '2018-12-19 22:01:49', NULL),
(289, 165, 130, 1, 3, '2018-12-19 22:01:49', NULL),
(290, 166, 125, 1, 4, '2018-12-19 23:08:29', NULL),
(291, 166, 277, 1, 3, '2018-12-19 23:08:29', NULL),
(292, 166, 278, 1, 4, '2018-12-19 23:08:29', NULL),
(293, 166, 279, 1, 5, '2018-12-19 23:08:29', NULL),
(294, 167, 23, 1, 7, '2018-12-20 17:27:23', NULL),
(295, 167, 24, 1, 5, '2018-12-20 17:27:23', NULL),
(296, 168, 36, 1, 3, '2018-12-21 16:29:05', NULL),
(297, 168, 37, 1, 5, '2018-12-21 16:29:05', NULL),
(298, 168, 128, 1, 8, '2018-12-21 16:29:05', NULL),
(299, 168, 129, 1, 8, '2018-12-21 16:29:05', NULL),
(300, 169, 281, 1, 3, '2018-12-25 19:38:07', NULL),
(301, 170, 241, 1, 3, '2018-12-27 01:10:23', NULL),
(302, 171, 275, 1, 3, '2018-12-27 06:21:11', NULL),
(303, 172, 192, 1, 4, '2019-01-02 16:31:43', NULL),
(304, 173, 141, 1, 5, '2019-01-02 21:51:41', NULL),
(305, 173, 142, 1, 2, '2019-01-02 21:51:41', NULL),
(306, 174, 140, 1, 4, '2019-01-02 23:04:46', NULL),
(307, 175, 179, 1, 3, '2019-01-03 02:49:03', NULL),
(308, 176, 239, 1, 4, '2019-01-03 17:05:31', NULL),
(309, 176, 240, 1, 3, '2019-01-03 17:05:31', NULL),
(311, 177, 294, 1, 4, '2019-01-04 02:06:01', NULL),
(312, 178, 154, 1, 7, '2019-01-04 02:47:57', NULL),
(313, 178, 155, 1, 4, '2019-01-04 02:47:57', NULL),
(314, 179, 296, 1, 5, '2019-01-04 22:27:58', NULL),
(315, 179, 297, 1, 5, '2019-01-04 22:27:58', NULL),
(316, 180, 20, 1, 3, '2019-01-07 02:45:51', NULL),
(317, 180, 258, 1, 4, '2019-01-07 02:45:51', NULL),
(318, 181, 36, 1, 3, '2019-01-07 18:01:08', NULL),
(319, 181, 37, 1, 5, '2019-01-07 18:01:09', NULL),
(320, 181, 130, 1, 3, '2019-01-07 18:01:09', NULL),
(321, 182, 169, 1, 2, '2019-01-07 18:02:54', NULL),
(322, 183, 171, 1, 5, '2019-01-08 02:10:08', NULL),
(323, 184, 170, 1, 4, '2019-01-08 03:09:13', NULL),
(324, 185, 174, 1, 5, '2019-01-08 14:39:18', NULL),
(325, 186, 149, 1, 5, '2019-01-08 15:40:56', NULL),
(326, 187, 140, 1, 4, '2019-01-08 17:45:29', NULL),
(327, 188, 141, 1, 5, '2019-01-11 19:43:36', NULL),
(328, 188, 142, 1, 2, '2019-01-11 19:43:36', NULL),
(329, 189, 298, 1, 3, '2019-01-11 21:23:30', NULL),
(330, 190, 246, 1, 7, '2019-01-12 17:43:58', NULL),
(331, 190, 247, 1, 5, '2019-01-12 17:43:58', NULL);

-- --------------------------------------------------------

--
-- Estructura de tabla para la tabla `pd_specialists`
--

DROP TABLE IF EXISTS `pd_specialists`;
CREATE TABLE `pd_specialists` (
  `id_specialist` int(10) UNSIGNED NOT NULL,
  `name` varchar(45) NOT NULL,
  `lastname` varchar(255) DEFAULT NULL,
  `username` varchar(45) NOT NULL,
  `email` varchar(255) NOT NULL,
  `password` varchar(767) NOT NULL,
  `cellphone` varchar(45) DEFAULT NULL,
  `phone` varchar(45) DEFAULT NULL,
  `exp_range1` int(10) UNSIGNED DEFAULT '0',
  `exp_range2` int(10) UNSIGNED DEFAULT '0',
  `exp_range3` int(10) UNSIGNED DEFAULT '0',
  `about_me` text,
  `additional_1` varchar(255) DEFAULT NULL,
  `additional_2` varchar(255) DEFAULT NULL,
  `additional_3` varchar(255) DEFAULT NULL,
  `additional_4` varchar(255) DEFAULT NULL,
  `language_1` varchar(45) DEFAULT NULL,
  `language_2` varchar(45) DEFAULT NULL,
  `language_3` varchar(45) DEFAULT NULL,
  `picture` varchar(255) DEFAULT NULL,
  `idate` datetime NOT NULL,
  `udate` datetime DEFAULT NULL,
  `status` int(10) UNSIGNED NOT NULL DEFAULT '0' COMMENT '0=draft, 1=visible',
  `slug` varchar(255) NOT NULL,
  `profile` int(10) UNSIGNED NOT NULL DEFAULT '1' COMMENT '0=supporter, 1=lead, 2=nurse',
  `us_citizen` int(10) UNSIGNED NOT NULL DEFAULT '1' COMMENT '1=yes, 0=no',
  `cert_nursing` int(10) UNSIGNED NOT NULL DEFAULT '0',
  `cert_redcross` int(10) UNSIGNED NOT NULL DEFAULT '0',
  `cert_language` int(10) UNSIGNED NOT NULL DEFAULT '0',
  `cert_teaching` int(10) UNSIGNED NOT NULL DEFAULT '0',
  `cert_cpcr` int(10) UNSIGNED NOT NULL DEFAULT '0',
  `cert_firstaid` int(10) UNSIGNED NOT NULL DEFAULT '0',
  `cert_child_dev` int(10) UNSIGNED NOT NULL DEFAULT '0',
  `cert_partner` int(10) UNSIGNED NOT NULL DEFAULT '0',
  `pay_bankname` varchar(255) DEFAULT NULL,
  `pay_routing` varchar(255) DEFAULT NULL,
  `pay_account` varchar(255) DEFAULT NULL,
  `pay_stripeid` varchar(255) DEFAULT NULL
) ENGINE=InnoDB DEFAULT CHARSET=latin1;

--
-- Volcado de datos para la tabla `pd_specialists`
--

INSERT INTO `pd_specialists` (`id_specialist`, `name`, `lastname`, `username`, `email`, `password`, `cellphone`, `phone`, `exp_range1`, `exp_range2`, `exp_range3`, `about_me`, `additional_1`, `additional_2`, `additional_3`, `additional_4`, `language_1`, `language_2`, `language_3`, `picture`, `idate`, `udate`, `status`, `slug`, `profile`, `us_citizen`, `cert_nursing`, `cert_redcross`, `cert_language`, `cert_teaching`, `cert_cpcr`, `cert_firstaid`, `cert_child_dev`, `cert_partner`, `pay_bankname`, `pay_routing`, `pay_account`, `pay_stripeid`) VALUES
(16, 'Nicole', 'R', 'nicoleraposo', 'raposonico@gmail.com', '9e0fa543e42e930e4bff24251ac05bd8', '5165039240', '', 5, 5, 5, 'Musician and Early Childhood Educator, specializing in ages 2 - 5 years. Passionate about exposing little ones to the magic of combining music and education!', 'I was a preschool teacher for 5 years!', 'I play piano and guitar. I have experience teaching private lessons to beginners!', 'I sing in a band with my brother and sister! ', '', 'English', '', '', '/uploads/NicoleRaposo-SpecialistProfilePhoto.png', '2018-08-27 17:37:14', '2018-11-21 18:29:04', 0, '', 1, 1, 0, 0, 0, 1, 1, 1, 1, 1, 'TD Bank', '026013673', '4350066994', 'acct_1DQmgeBwdZJJEZ5W'),
(27, 'Alexandra', 'M', 'alexandramoss', 'alexa@projectplaydate.org', 'c9cef6f4f9c1bea23e3245c56dd724a1', '646 391 3215', '646 391 3215', 10, 10, 10, 'Alexandra (Alexa) has experience with children as young as two weeks and as old as fifteen. She has experience working with children with special needs such as autism and cerebral palsy. She completed courses in early childhood education and has experience training adults in early childhood development as well. She has been an after-school caregiver, helping with homework and driving kids to dance and karate lessons. There are few things that she enjoys more than watching a child\'s face light up when they\'ve learned or mastered a new skill - and she is passionate about being a part of the process to get them there. She enjoys teaching children to be cultured and watching them grow to be more self-sufficient every day.', '', '', '', '', 'English', '', '', '/uploads/2.png', '2018-09-14 15:22:12', '2018-12-26 08:09:50', 0, '', 1, 1, 0, 0, 0, 0, 0, 0, 0, 0, NULL, NULL, NULL, 'acct_1DcfwbE3kmfIEvVW'),
(28, 'Allegra', 'E', 'allegraepstein', 'heart.allegra@gmail.com', '9da92b9ad1dfc94feeb0eb4a7a590617', '732 221 3905', '732 221 3905', 4, 5, 7, 'Allegra is a music and drama department head at Camp Wawenock, an all-girls sleep-away camp. She has also conducted drama activities and directed plays with girls from age 8 to 15. She graduated from Mason Gross School of the Arts at Rutgers University with a Bachelor\'s degree of Fine Arts in Acting. She is currently signed with a prestigious talent agency and was also part of a Broadway production titled \"The Crucible.\" Her playdates include a lot of acting, role-playing, and unlimited experience of fun!', '', '', '', '', 'English', 'Basic Hebrew', '', '/uploads/3.png', '2018-09-17 03:02:52', '2018-12-11 17:36:10', 0, '', 1, 1, 0, 0, 0, 0, 1, 1, 0, 0, NULL, NULL, NULL, 'acct_1DbCkODELcZNwQ9E'),
(29, 'Allison', 'C', 'allisonciuci', 'allison.ciuci@gmail.com', 'ed630b7adb5804a923cabfa03d276b78', '203 257 5572', '203 257 5572', 8, 8, 10, 'Allison is a theatre artist living in Brooklyn and currently looking for occasional work during the day or at night in addition to her part-time nannying position. She has been babysitting in her hometown in Connecticut since she was 14 years old, and worked as a babysitter in Manhattan throughout her time at NYU. Since graduating, She have been working as a part-time nanny, duties including pick-up and drop-off, basic meal prep, light housekeeping, and transportation to various classes and activities. She is comfortable with infants and toddlers and she has experience with children of all ages. She has also worked as a theatre camp counselor for children ages 7-15, as a lifeguard for 4 years at the beaches in Connecticut, and as a high school and middle school tutor for math.', '', '', '', '', 'English', 'Basic French', '', '/uploads/Allison C (1).png', '2018-09-17 04:21:59', '2018-11-05 21:52:10', 0, '', 1, 1, 0, 0, 0, 0, 1, 1, 0, 0, NULL, NULL, NULL, NULL),
(30, 'Anastacia', 'T', 'anastaciatucker', 'altucker86@gmail.com', 'bb1a638bec172f384da76063faf31701', '773 209 3489', '773 209 3489', 0, 0, 0, 'Anastacia is a Chicago native, who relocated to the New York City area. She is an actress, dancer, and fitness instructor. Anastacia comes from a big family, in which she has had to babysit relatives occasionally, but has provided childcare to other families for the past 3 years. She loves teaching, telling stories, watching PBS Kids, coloring and creating arts and crafts, dancing and being silly with kids!', '', '', '', '', 'English', '', '', '/uploads/6.png', '2018-09-17 04:26:52', '2018-11-05 21:57:40', 0, '', 0, 1, 0, 0, 0, 0, 0, 0, 0, 0, NULL, NULL, NULL, NULL),
(31, 'Ariel', 'K', 'arielkurtz', 'arielkurtz1@gmail.com', '44959000294b33dbe89cd180ddbc3326', '516 306 0975', '516 306 0975', 3, 5, 5, 'Ariel is an actress/singer/dancer/writer and teaching artist from Long Island, NY.  She is a recent college graduate from SUNY Empire State College where she studied musical theatre. She has also been a camp counselor, babysitter, and bus counselor for 6 years. She has taught with Broadway Bound Kids, Artists Striving To End Poverty, and Roslyn Theatre Company.  She personally believes that kids should rule the world, and have arts education in their lives to enrich and teach them. She loves kids and thinks that they have so much to teach her and the rest of the world. In her playdates, she loves playing dress up, coloring pictures, playing \"Anna and Elsa\" and dancing around to promote positivity and imagination for their spirits and hearts.', '', '', '', '', 'English', 'Basic ASL', '', '/uploads/5.png', '2018-09-17 04:31:31', '2018-11-05 21:58:40', 0, '', 0, 1, 0, 0, 0, 0, 0, 0, 0, 0, NULL, NULL, NULL, NULL),
(32, 'Ayana', 'W', 'ayanaworkman', 'ayanamw26@gmail.com', '1aef9e0736651d7ecb1d157d471709a2', '973 626 0005', '973 626 0005', 0, 0, 0, 'Ayana is an actress, born and raised in New York City! She recently graduated from Rutgers University with a BFA in acting. Art is a central part of her life and both of her parents are artists and educators. As such, she was raised in a world where arts are an important development tool for all children. Her mother owns a dance school (MADLOM) in New Jersey for ages 4-18. She spent her formative years in a creative and inspirational environment and often substitute teaches for the dance studio. She has been babysitting clients from MADLOM in New Jersey since she was 16, so she is very comfortable with children. She\'s enthusiastic, fun, and very friendly. She can cook and is very comfortable traveling around New York City on public transportation!', '', '', '', '', 'English', '', '', '/uploads/7.png', '2018-09-17 04:38:12', '2018-11-05 21:57:09', 0, '', 0, 1, 0, 0, 0, 0, 0, 0, 0, 0, NULL, NULL, NULL, NULL),
(33, 'Catherine', 'A', 'catherineamore', 'cga231@nyu.edu', '9eae95883e671630a3d3f9631cf70553', '718 757 9609', '718 757 9609', 0, 0, 0, 'Catherine has been babysitting since the age of 12. She graduated from New York University (NYU) with a degree in Theater Education. As part of her requirements for obtaining her teacher certification for drama at NYU, she taught for five months in an NYC Public Elementary School where she focused on theater education. She also worked as the Managing Director of a Huntington Learning Center, directly affecting students of every age in building up basic skills. She considers herself equally mature and responsible, as well as fun and full of energy!', '', '', '', '', 'English', '', '', '/uploads/Catherine A.png', '2018-09-17 04:41:16', '2018-11-05 21:54:33', 0, '', 1, 1, 0, 0, 0, 0, 0, 0, 0, 0, NULL, NULL, NULL, NULL),
(34, 'Chanel', 'F', 'chanelforbes', 'ccforbes9@gmail.com ', 'e21ca3399dc0f3c88f34c1acca632a9f', '718 986 9315', '', 4, 7, 9, 'Chanel has over 5 years of babysitting experience, experience working with children through the Boys & Girls Club, and has been the program manager for Project Playdate program at The Celebration Spiritual Center in Brooklyn, NY. She prides herself on being professional, caring, and present with every child she works with. From little ones to older kiddos, she brings joy, excitement, safety, and care to every playdate!', 'Certified: VIRTUS- Protecting God\'s Children', '', '', '', 'English', 'Semi-fluent French', '', '/uploads/Capture124.PNG', '2018-09-17 04:45:34', '2018-11-05 21:52:35', 0, '', 1, 1, 0, 0, 0, 0, 1, 1, 0, 0, NULL, NULL, NULL, 'acct_1DRA6MIlLmUmahvx'),
(35, 'Courtney', 'M', 'courtneymegaro', 'courtneymegaro@gmail.com', '024e797a1dc0f5b5c762120eb892cd7b', '908 235 8839', '908 235 8839', 0, 0, 0, 'Courtney is so excited to be working with PAL By Project Playdate! A veteran to Project Playdate, Courtney has over ten years of childcare experience as a babysitter, camp counselor, coach, and drama club director. She currently cares for a plethora of children in New York City. She is an actress who recently returned from championing children\'s healthy eating habits across the country in the national tour of Foodplay!', '', '', '', '', 'English', '', '', '/uploads/Courtney M.png', '2018-09-17 04:53:57', '2018-11-05 21:50:56', 0, '', 1, 1, 0, 0, 0, 0, 0, 0, 0, 0, NULL, NULL, NULL, NULL),
(36, 'Danielle', 'B', 'daniellebalog', 'artwithmissdanielle@gmail.com', '5acfe287b2966fc6e14201fb02b03ebe', '516 807 0447', '516 807 0447', 0, 0, 0, 'Danielle has been an early childhood educator for over 7 years, with experience teaching in the preschool classroom, as well as teaching specialty art classes for Shine, Citibabes, and River School. Danielle earned her Bachelor of Arts in Communications and English from the University of Rhode Island in 2009 and was a student at The Art School at Old Church from 2009 to 2011. In 2014, Danielle began teaching private art classes throughout Manhattan, Brooklyn, and Hoboken and has developed a strong arts curriculum for children ages 2 and up. Danielle spends her free time traveling, creating art, doing yoga, and seeking adventure!', '', '', '', '', 'English', '', '', '/uploads/10.png', '2018-09-17 04:58:25', '2018-11-05 21:54:42', 0, '', 1, 1, 0, 0, 0, 0, 0, 0, 0, 0, NULL, NULL, NULL, NULL),
(37, 'Dara', 'K', 'darakramer', 'dakramer16@gmail.com', '119074d5dcd251d3f3057c00f2fa8c28', '914 393 6709', '914 393 6709', 10, 10, 10, 'Dara is a native New Yorker and actress who has been working in childcare for over a decade. She has appeared Off-Broadway and has narrated many audiobooks. Dara loves to tell stories, dance, sing, and craft. She also can\'t get enough of giraffes and the color turquoise!', '', '', '', '', 'English', 'Basic Spanish', 'Basic Hebrew', '/uploads/12.png', '2018-09-17 05:00:09', '2018-11-08 21:16:59', 0, '', 1, 1, 0, 0, 0, 0, 1, 1, 0, 0, NULL, NULL, NULL, 'acct_1DUHtiBktONvHdxf'),
(38, 'Francesca', 'J', 'francescajoseph', 'francescaajoseph@gmail.com', '72b75c2a2004d7f9a57fdaf37c0a7bac', '301 996 2025', '301 996 2025', 0, 1, 6, 'Francesca, a Maryland native is currently pursuing a degree in Behavioral Science with a masters in Early Childhood Education. Growing up in Maryland is quite different than living in New York. Yet it has always been her dream to move to the city and pursue her goals. She believes that kids are the future and anyway she can help them expand their horizons is important to her as she knows that she\'s making a difference. Francesa has a passion for sports and arts & crafts and enjoys incorporating both into all fo her playdates!', '', '', '', '', 'English', 'Haitian-Creole', '', '/uploads/26.png', '2018-09-17 05:05:29', '2018-11-07 22:17:54', 0, '', 1, 1, 0, 0, 0, 0, 0, 0, 0, 0, 'Chase', '021000021', '222301316', 'acct_1DRJbvJ2g9PEvRwj'),
(39, 'Jessica', 'S', 'jessicastreitfield', 'jstreitfeld2@gmail.com', '2e119376fba275f2c8ac34f6ff8fcee6', '323 559 6611', '323 559 6611', 1, 3, 3, '', '', '', '', '', 'English', '', '', '/uploads/Jessica S.png', '2018-09-17 05:09:43', '2018-11-05 21:57:49', 0, '', 0, 1, 0, 0, 0, 0, 0, 0, 0, 0, NULL, NULL, NULL, NULL),
(40, 'Julie', 'R', 'juliereich', 'juliesreich@gmail.com', 'f0f0fdacaddb7e8b2dfb99377236517b', '908 477 7061', '908 477 7061', 1, 6, 10, 'Julie is a certified teacher with five years experience working in the New Jersey public schools as well as ten years of experience working in childcare. When not teaching, Julie has worked as a paraprofessional to students on the spectrum and with developmental delays, was a counselor and then director of various summer camps and afterschool programs, tutored children from ages seven to fifteen, and worked as a nanny in New Jersey and is currently a nanny in New York City. Julie’s wide array of experience and warm, energetic, and fun-loving personality makes every playdate full of creative games, silly songs and enriching experiences that your child will never forget!', '', '', '', '', 'English', '', '', '/uploads/Julie R.png', '2018-09-17 05:13:39', '2018-12-07 13:53:12', 0, '', 1, 1, 0, 0, 0, 1, 1, 1, 0, 0, NULL, NULL, NULL, 'acct_1DeilgK453nq4kBk'),
(41, 'Katrina', 'O', 'katrinaong', 'katrinaong1126@gmail.com', '2db10402d7f3656c2a01b875402d0d0c', '862 220 0105', '862 220 0105', 0, 0, 0, 'Katrina comes from Belleville, New Jersey. She began dancing from a young age and realized how important the arts and awareness of the body is. She was always looking for new ways to be active and at the same time learning new things about the body. In her exploration, she found yoga to compliment her dance career. She is now a certified yoga instructor for children and adults. Yoga has brought a sense of grounding and a new perspective on life. She is so thankful for her mother’s support and guidance along the way. She is so excited to be part of PAl By Project Playdate!', '', '', '', '', 'English', '', '', '/uploads/Katrina O.png', '2018-09-17 05:17:38', '2018-11-05 21:56:47', 0, '', 0, 1, 0, 0, 0, 0, 0, 0, 0, 0, NULL, NULL, NULL, NULL),
(42, 'Liliana', 'G', 'lilianageraci', 'lilianitaperuanita@gmail.com ', '9bd01988b075da0f613ab84e9d8b723c', '862 228 4416', '862 228 4416', 0, 0, 0, 'Lili is an early childhood educator with 5 years of experience as a Kindergarten teacher in Peru. After moving to New York, Lili worked as both an Au Pair and private tutor. The list goes on about Lili! She is happy, energetic, charismatic, honest, creative, punctual, and kind. Most importantly, she absolutely loves working with children. after beginning to work with Project Playdate, Lili was promoted quickly to a manager position because of her exemplary leadership and professionalism.  Lili has worked with 20+ families here in New York and has been working with Project Playdate for over 5 years. ', '', '', '', '', 'English', 'Fluent Spanish', '', '/uploads/LILI - FINAL.png', '2018-09-17 05:21:54', '2018-11-09 19:37:17', 0, '', 1, 1, 0, 0, 0, 0, 0, 0, 0, 0, NULL, NULL, NULL, 'acct_1DS6SxI5xnDj7mOc'),
(43, 'Liz', 'P', 'lizpegg', 'lizpegg2@gmail.com', 'be95ea0e6b9d6c4ef32a9c228ad3d9ae', '412 973 7583', '412 973 7583', 5, 5, 5, 'Liz Pegg holds a Bachelor of Arts degree from Duquesne University and has been in NYC for 4 years. Recently, Liz has worked with many children\'s facilities in the city including Kidville and Parker Anderson Enrichment, where she taught classes from newborn to grade 3, in many subjects including Architecture, Music, Art, and Gym. Liz also held a position as the Birthday party and events manager at Kidville Midtown West, where she planned parties for all ages and themes. Liz Pegg holds a Bachelor of Arts degree from Duquesne University and has been in NYC for 4 years. Recently, Liz has worked with many children\'s facilities in the city including Kidville and Parker Anderson Enrichment, where she taught classes from newborn to grade 3, in many subjects including Architecture, Music, Art, and Gym. Liz also held a position as the Birthday party and events manager at Kidville Midtown West, where she planned parties for all ages and themes. ', '', '', '', '', 'English', '', '', '/uploads/17.png', '2018-09-17 05:27:24', '2018-11-07 17:28:10', 0, '', 1, 1, 0, 0, 0, 0, 1, 1, 0, 0, 'Citizens Bank', '036076150', '6230883272', 'acct_1DTtswJj3HhQNhjc'),
(44, 'Ludi', 'N', 'ludinsimba', 'ludi.nsimba@gmail.com', 'bd04b0ec7448729fd6c2b7f8e636d275', '646 206 6692', '646 206 6692', 0, 0, 0, 'Ludi is a native New Yorker who is bilingual in English and French. She works part-time at The Bronx Documentary Center as a Development Associate. She also babysits because she knows that NY is a busy city, and families need assistance from time to time. She has gained valuable experience in babysitting from highschool all through her adulthood. She remains cool, calm and collected even during an emergency, and prides herself on providing top-notch safe and fun care!', '', '', '', '', 'English', 'French', '', '/uploads/LUDI - FINAL.png', '2018-09-17 05:30:21', '2018-11-07 15:49:02', 0, '', 1, 1, 0, 0, 0, 0, 0, 0, 0, 0, NULL, NULL, NULL, 'acct_1DSmR4IFBldTUek5'),
(45, 'Lynn', 'H', 'lynnheron', 'lynn.heron914@gmail.com', '68c63e9b91fa3a4e7a3a7cee1ff3ef97', '914 886 2480', '914 886 2480', 0, 0, 0, 'Lynn is a senior studying Spanish and Arabic at St. John\'s University in Queens. She lives in Astoria with her sister and loves it. She began caring for children at age 16 at a daycare center for toddlers ages 18 months-5 years. Since then she has continued babysitting for children up to age 6. She also has some experience with caring for special needs with children. She ensures that children are engaged and not just watching movies or playing video games. She enjoys playing outside, doing arts and crafts, or reading books together. In her free time, she reads, writes, and enjoys museums and travel!', '', '', '', '', 'English', 'Spanish', 'Arabic', '/uploads/Lynn H pic.png', '2018-09-17 05:33:45', '2018-11-06 20:03:13', 0, '', 1, 1, 0, 0, 0, 0, 0, 0, 0, 0, 'Chase', '021000021', '964427512', 'acct_1DR0xmLilGjnQzbP'),
(46, 'Melani', 'D.G', 'melanideguzman', 'melanideguzman7@gmail.com', '746a5aa41d4d13de60437d17677dca11', '818 274 8997', '818 274 8997', 7, 10, 10, 'Melani is currently a Teaching Artist for Marquis Studios, Fresh Youth Initiative, and Em Arts technique. She is also a professional dancer, choreographer, producer, and pilates instructor. She received her Bachelor\'s Degree in Dance and Sociology from Loyola Marymount University. She started babysitting at the age of 13, and also worked on several sleep-away camps, leading songs, organizing talent shows and coming up with the best skits! Her playdates are packed with a lot of singing, dancing, and acting!Melani is currently a Teaching Artist for Marquis Studios, Fresh Youth Initiative, and Em Arts technique. She is also a professional dancer, choreographer, producer, and pilates instructor. She received her Bachelor\'s Degree in Dance and Sociology from Loyola Marymount University. She started babysitting at the age of 13, and also worked on several sleep-away camps, leading songs, organizing talent shows and coming up with the best skits! Her playdates are packed with a lot of singing, dancing, and acting!', '', '', '', '', 'English', 'Tagalog', 'Semi-fluent Spanish', '/uploads/Melani.png', '2018-09-17 05:37:42', '2018-09-18 16:47:13', 0, '', 0, 1, 0, 0, 0, 0, 0, 0, 0, 0, NULL, NULL, NULL, NULL),
(47, 'Meredith', 'T', 'merediththerrien', 'merediththerrien@yahoo.com', '362d676741119450e6782e10718708a2', '908 892 5101', '908 892 5101', 0, 0, 0, 'Meredith has had experience with children of all ages, from newborns to teenagers. She spent several years teaching various dance, art, music, gym, and science classes as well as preschool. She previously held the position of Camp Director & Birthday party manager at Kidville Midtown West and has led and coordinated hundreds of children\'s parties and events. Her musical theater and dance background help her find creative ways of engaging children and creating a fun, positive environment. Meredith is also a certified youth fitness specialist and kids yoga instructor.', '', '', '', '', 'English', '', '', '/uploads/21.png', '2018-09-17 05:42:01', '2018-11-05 21:59:28', 0, '', 0, 1, 0, 0, 0, 0, 0, 0, 0, 0, NULL, NULL, NULL, NULL),
(48, 'Perla', 'D', 'perladominguez', 'pmdominguezv21@gmail.com', '04554324f64c31c123346810b9219aaa', '516 425 0890', '516 425 0890', 1, 2, 2, 'Perla, originally from the beautiful city of Monterrey, Mexico is a psychology graduate who has lived here in New York for the past three years. She is a very warm and passionate person who is just as comfortable at home with her dog Lucas as she is with a large group of happy, energetic kids. She is bilingual, fluent in both Spanish and English, and has vast and invaluable experience working with kids aged between 1-12, most recently as an au pair with Au Pair America. She is passionate about her interaction and impact on the children she takes care of and enjoys not only supervising them but teaching, influencing and educating them in a positive manner. In her spare time, she enjoys traveling, creative activities, arts & crafts, and puzzles along with enjoying all the beautiful restaurants New York city has to offer!', '', '', '', '', 'English', 'Fluent Spanish', '', '/uploads/Perla 1.png', '2018-09-17 05:46:23', '2018-11-12 17:41:31', 0, '', 0, 1, 0, 0, 1, 1, 0, 0, 0, 0, NULL, NULL, NULL, NULL),
(49, 'Sam', 'P', 'sampatrick', 'salama.patrick@hotmail.com', '93356dc7b263346979975e35883a4703', '347 854 7362', '347 854 7362', 6, 8, 8, 'Sam is currently an after school sitter to two adorable and sweet girls and has occasional babysitting experience in NYC, Barbados, and London from children ages two months to 13 years old. She was also an acting tutor and counselor in a performing arts camp. She has developed a way with kids over the years and enjoys time spent in enriching playdates. Sam is fun, spunky, smart, disciplined and reliable!', '', '', '', '', 'English', '', '', '/uploads/Sam P pic.png', '2018-09-17 05:49:58', '2018-11-07 15:48:52', 0, '', 1, 1, 0, 0, 0, 0, 0, 0, 0, 0, NULL, NULL, NULL, 'acct_1DRMjtJnPDbn1MAX'),
(50, 'Shonette', 'A', 'shonetteanderson', 'Shonette.Anderson@gmail.com', '56eb29fa3c0c15ae5bbe688e4569a93f', '347 420 7122', '347 420 7122', 2, 7, 3, 'Shonette is a single parent to her beautiful  eight-year-old daughter and a student at Brooklyn College studying Early Childhood Education/Special Education with a minor in Psychology. She also works as a head teacher in a Preschool located in Manhattan. She has experience in taking care of children from ages birth to 5. As a parent, she understands the importance of finding someone safe, reliable, and fun to take care of children. She brings the high-quality care to other children as she wants for her own daughter!', '', '', '', '', 'English', '', '', '/uploads/SHONETTE-FINAL.png', '2018-09-17 05:52:08', '2018-11-11 06:32:22', 0, '', 1, 1, 0, 0, 0, 0, 0, 0, 0, 0, NULL, NULL, NULL, 'acct_1DUFwdKJ5FdgRC26'),
(51, 'Susan', 'L', 'susanly', 'suzter87@yahoo.com', 'd16b2c14f112dfa0f73f0ee05ea15491', '832 813 2486', '832 813 2486', 1, 2, 7, 'Susan is an actor with experience as a Teaching Artist for a STEM program where kids integrate concepts of theatre with science or math related topics, an after-school teacher, and has also performed in several children\'s shows (touring included). She absolutely ADORES kids and enjoys connecting with them through song, dance, movement, storytelling, brainstorming ideas, and/or being silly together. She believes that learning should be exploratory, engaging, create a safe environment for growth, and most of all, fun!', '', '', '', '', 'English', 'Spanish', '', '/uploads/25.png', '2018-09-17 05:54:00', '2019-01-02 01:13:07', 0, '', 1, 1, 0, 0, 0, 0, 1, 1, 0, 0, 'Chase', '111000614', '724491451', 'acct_1DR0MVBFDl3zlM1y'),
(52, 'Taylor', 'S', 'taylorsmith', 'taylorcarriersmith@gmail.com', 'd94a1402cc48a9a286b71734e2e5b573', '206 357 8404', '206 357 8404', 0, 2, 5, 'Taylor lives in Astoria, Queens and works as a Program Associate at Sustainable Development Solutions Network (SDSN). She earned her BA in International Affairs from Trinity Washington University in 2013 and her Masters in Environmental Law and Policy from Vermont Law School in 2014. Taylor has gained much experience working with children over the years, including working at a daycare throughout college, running a summer camp for children in Haiti, substitute teaching and coordinating a class on environmentalism at the elementary level. Her favorite activities with children are arts and crafts and outdoor adventures that connect children with the natural environment around them. In her spare time, you can find Taylor at Celebration Spiritual Center in fellowship with her New Thought friends. She also enjoys traveling internationally and going home to Maine to visit her family and friends whenever she can.', '', '', '', '', '', '', '', '/uploads/TaylorSPic.png', '2018-09-17 05:56:56', '2018-12-10 23:59:15', 0, '', 1, 1, 0, 0, 0, 0, 0, 0, 0, 0, NULL, NULL, NULL, 'acct_1DR46NLZiiI9wYi9'),
(53, 'Tommy', 'B', 'tommybetz', 'tommyfbetz@gmail.com', '8d9e0070883f9c4c155173752a8df944', '856 246 7279', '856 246 7279', 3, 3, 5, 'Growing up in South Jersey, Tommy became heavily involved in theatre and sports from the age of 6. Having played baseball and soccer for 10 years, she loves to stay fit and have fun at the same time. Performing professionally since he was a child, Tommy understands the importance of developing our creative selves. A dog lover above all else, he is a lover of all furry friends. He recently graduated from Otterbein University with a BFA in Musical Theatre, and is pursuing a career as a professional actor! He got started with childcare by taking care of his cousins after school a few times a week. However, he also has experience as a basic French tutor and a camp counselor! Now that you know a little about Tommy, he hopes that he can learn a little about you and what gets your children excited all while keeping them safe and smiling!', '', '', '', '', 'English', 'Basic French', '', '/uploads/Tommy B.png', '2018-09-17 05:58:45', '2018-12-14 21:03:29', 0, '', 0, 1, 0, 0, 0, 0, 0, 0, 0, 0, NULL, NULL, NULL, NULL),
(54, 'Raven', 'C', 'ravencassell', 'ravencassellnyc@gmail.com', '5b77c4bd4e9bb56907db5128731510b9', '', '', 0, 0, 0, 'Raven Cassell is an actor, writer, and teaching artist among many other things. She has been teaching young people and children for almost a decade. She teaches drama so in turn, she approaches childcare with a Dramatic Arts tool box. She truly believes in children and looks to them for a lot of my inspiration, I view them as collaborators who surely have something to teach me as well. She loved her own childhood and loved to be in environments where she could express her childlike spirit (hint: why she make plays!). She also considers herself a heavily intellectual and values intentional dialogue with young people. Her interests in list form: sports, books, language, travel, music, art & creation, THEATER, adventure, laughing, dreaming and loving. She considers herself really lucky to get to live out her dream as an artist traveling the world while being an impactful role model to young people. This is why she is an advocate for dreaming ferociously, and believes that if you do believe, it just might happen!', '', '', '', '', '', '', '', '/uploads/Raven.png', '2018-09-17 06:01:03', '2018-11-05 21:58:49', 0, '', 0, 1, 0, 0, 0, 0, 0, 0, 0, 0, NULL, NULL, NULL, NULL),
(55, 'Zoe', 'L', 'zoelathan', 'zlathan1@me.com', '8fa01a3320a7b75ea327a1f2c616656b', '718 864 2911', '', 5, 5, 6, 'Zoe is a master when it comes to all things related to social care and can be especially valuable if you are seeking a Specialist who can help plan special events and experiences for the kids!', '', '', '', '', 'English', 'French (Fluent)', '', '/uploads/Zoe L pic.png', '2018-10-03 14:30:14', '2018-12-17 19:24:12', 0, '', 1, 1, 0, 0, 0, 0, 1, 1, 0, 1, NULL, NULL, NULL, 'acct_1DTb8oJxGN5UAc4N'),
(56, 'Amanda', 'R', 'amanda123', 'amanda@projectplaydate.org', 'afa0ced487c7f1be164699ec643512a5', '516 807 0447', '', 7, 7, 7, 'Amanda is the Co-Founder of PAL and founder of Project Playdate. Amanda received her undergraduate degree in Social Work and Social Entrepreneurship from New York University. She recently graduated with her MBA from Columbia University. Amanda has previous experience as a summer school teacher, high school mentor, babysitter, tutor, and camp counselor; and has as been a childcare provider for over 13 years. She is passionate about creating safe, fun and enriching experiences for children. Amanda specializes in using the power of play-time to foster children\'s social, creative, and leadership skills. Amanda has very limited availability, but loves nothing more than being apart of the playdate action! ', '', '', '', '', 'English', '', '', '/uploads/Amanda-Final.png', '2018-10-08 15:12:24', '2019-01-03 22:22:51', 0, '', 1, 1, 0, 0, 0, 0, 1, 1, 0, 1, NULL, NULL, NULL, 'acct_1DRQG1GBog1hfDYn'),
(57, 'Juan Carlos', 'Flórez', 'jcflorez', 'jcflorez@existalia.es', 'f0f0fdacaddb7e8b2dfb99377236517b', '', '', 0, 0, 0, 'TEST', '', '', '', '', '', '', '', '/uploads/jcflorez.png', '2018-10-10 10:42:30', '2018-11-07 16:02:59', 0, '', 1, 1, 0, 0, 0, 0, 0, 0, 0, 0, NULL, NULL, NULL, 'acct_1DQmgeBwdZJJEZ5W'),
(63, 'Bry', 'C', 'bryanacunningham', 'bry.a.cunningham@gmail.com', 'c8b4b1855b254ea85c4058653946a628', '', '', 0, 0, 0, '', '', '', '', '', '', '', '', '/uploads/bryanac.png', '2018-11-05 15:56:10', '2018-11-07 16:13:19', 0, '', 0, 1, 0, 0, 0, 0, 0, 0, 0, 0, NULL, NULL, NULL, NULL),
(66, 'Harper', 'H', 'harperhodgson', 'harperhodgson@gmail.com', 'a89ba79467895a6bdac39b3f892b1a43', '586 610 5274', '', 9, 9, 9, 'Harper is an actor and singer with a passion for child care and 9 years of experience caring for kids of all ages. She is an alum of Interlochen Arts Academy where she graduated as a Theatre Major and currently studies acting at Stella Adler Conservatory. Harper has years of experience working at children\'s drama camps and classes. In her free time she enjoys volunteering with organizations like Pajama Program, visiting museums, doing arts and crafts and baking! She is able to lend her creativity, energy, patience, and love to create a fun, safe environment for kids to learn and grow! ', '', '', '', '', 'French (Beginner)', 'Cantonese (Beginner)', '', '/uploads/HarperH2.png', '2018-11-05 16:01:22', '2018-11-19 20:45:31', 0, '', 0, 1, 0, 0, 0, 0, 0, 0, 0, 0, NULL, NULL, NULL, 'acct_1DUcp5EOOkVl8acm'),
(69, 'Meiling', 'L', 'meilingli', 'meiling0895@gmail.com', 'f10e8243e72c152379cbac50ab1a5b0a', '', '', 0, 2, 3, 'Meiling was born in Guangzhou, China and speaks both Mandarin and Cantonese fluently. She has experience working as a summer camp counselor and after school teacher in New York. Meiling has been assistant Pre-K teacher for the past two years, specializing in dual-language care for ages 2-5. Meiling recently received her CPR and First Aid Certification with the Red Cross. She loves eating noodles almost as much as she loves working with kids!', '', '', '', '', 'English', 'Mandarin', 'Cantonese', '/uploads/1.png', '2018-11-09 17:19:22', '2018-11-13 00:15:24', 0, '', 1, 1, 0, 0, 1, 1, 1, 1, 1, 0, NULL, NULL, NULL, 'acct_1DVobcHB5THxp4sK'),
(70, 'Chenmeng', 'Guo', 'chenmengguo', 'cg2967@columbia.edu', '9b9c508e445979b3e37a11231813929d', '', '', 0, 0, 3, 'Chenmeng is a native Chinese speaker and 2017 Columbia University graduate with a Master’s Degree in Social-Cultural Anthropology. Chenmeng is currently leading workshops and tours with the China Institute because she is passionate about sharing Chinese history and culture. Chenmeng is a former ESOL instructor with the Brooklyn Chinese-American Association. She has experience leading activities and teaching workshops for grades K-12.', '', '', '', '', 'English', 'Mandarin', '', '/uploads/chen.png', '2018-11-09 18:46:45', '2018-12-04 01:58:52', 0, '', 1, 1, 0, 0, 1, 0, 0, 0, 0, 0, NULL, NULL, NULL, 'acct_1DdS8SBu7rpMQ5wQ'),
(71, 'Mackenzie', 'A', 'mackenzieadriance', 'Mackenzie.adriance@gmail.com', 'c7a8a02e031c258f3592fa1510d56ff8', '607 591 0329', '', 10, 10, 10, 'I currently work full-time in the education field at the university level and I am looking to supplement my professional experience with opportunities for part-time childcare. I obtained my Master of Education (Counseling and Personnel Services) degree in May 2013. Prior to that, I have 10+ years of experience working as a Camp Counselor, Babysitter, House/Pet Sitter and a Nanny for a child with developmental disabilities. I am excited for the opportunity to serve you and your families and to create a safe and trusted environment!', '', '', '', '', 'English', '', '', '/uploads/MackenzieA.png', '2018-11-15 16:41:20', '2019-01-08 15:45:27', 0, '', 0, 1, 0, 0, 0, 1, 0, 0, 0, 0, NULL, NULL, NULL, 'acct_1DqLpVIRBPjTQwHS'),
(74, 'Sydney', 'K', 'sydneyking', 'purplesyd@gmail.com', 'e49cc7eeb8f9b4402f2b4286c4a0d27e', NULL, NULL, 0, 0, 0, NULL, NULL, NULL, NULL, NULL, NULL, NULL, NULL, NULL, '2018-11-26 15:42:42', NULL, 0, '', 0, 1, 0, 0, 0, 0, 0, 0, 0, 0, NULL, NULL, NULL, NULL),
(75, 'Talent', 'Concierge', 'talentconcierge1', 'talentconcierge@playdatepal.com', 'f0f0fdacaddb7e8b2dfb99377236517b', '', '', 0, 0, 0, '', '', '', '', '', '', '', '', '/uploads/conciergephoto.png', '2018-11-26 17:49:04', '2018-11-27 20:30:40', 0, '', 1, 1, 0, 0, 0, 0, 0, 0, 0, 0, NULL, NULL, NULL, NULL),
(76, 'Ben', 'F', 'benvontayfogler', 'bfogler95@gmail.com', '27357700811829108515dd8291b08c35', '2129209143', '', 1, 2, 6, '', '', '', '', '', 'English', 'Spanish', 'Sign Language ', '', '2018-11-26 23:11:00', '2019-01-08 03:38:53', 0, '', 0, 1, 0, 0, 0, 0, 0, 0, 1, 0, NULL, NULL, NULL, NULL),
(77, 'Kidville ', 'UWS', 'kidvilleuws', 'zoe@playdatepal.com', '807343a78d7b21816eaaff41a4cab947', '', '', 0, 0, 0, '', '', '', '', '', '', '', '', '/uploads/Copy of Copy of Dimensions for PAL Site Photos (7).png', '2018-12-12 17:20:29', '2018-12-12 17:34:12', 0, '', 1, 1, 0, 0, 0, 0, 0, 0, 0, 0, NULL, NULL, NULL, NULL);

-- --------------------------------------------------------

--
-- Estructura de tabla para la tabla `pd_specialists_zipcodes`
--

DROP TABLE IF EXISTS `pd_specialists_zipcodes`;
CREATE TABLE `pd_specialists_zipcodes` (
  `id_specialist` int(10) UNSIGNED NOT NULL,
  `id_zipcode` int(10) UNSIGNED NOT NULL,
  `idate` datetime NOT NULL
) ENGINE=InnoDB DEFAULT CHARSET=latin1;

-- --------------------------------------------------------

--
-- Estructura de tabla para la tabla `pd_specialist_neighborhoods`
--

DROP TABLE IF EXISTS `pd_specialist_neighborhoods`;
CREATE TABLE `pd_specialist_neighborhoods` (
  `id_specialist` int(10) UNSIGNED NOT NULL,
  `id_neighborhood` int(10) UNSIGNED NOT NULL,
  `idate` datetime NOT NULL
) ENGINE=InnoDB DEFAULT CHARSET=utf8;

--
-- Volcado de datos para la tabla `pd_specialist_neighborhoods`
--

INSERT INTO `pd_specialist_neighborhoods` (`id_specialist`, `id_neighborhood`, `idate`) VALUES
(28, 28, '2018-09-17 06:32:27'),
(28, 32, '2018-09-17 06:32:27'),
(28, 33, '2018-09-17 06:32:27'),
(28, 34, '2018-09-17 06:32:27'),
(28, 54, '2018-09-17 06:32:27'),
(28, 55, '2018-09-17 06:32:27'),
(28, 56, '2018-09-17 06:32:27'),
(28, 57, '2018-09-17 06:32:27'),
(28, 58, '2018-09-17 06:32:27'),
(28, 59, '2018-09-17 06:32:27'),
(28, 60, '2018-09-17 06:32:27'),
(28, 62, '2018-09-17 06:32:27'),
(28, 63, '2018-09-17 06:32:27'),
(28, 64, '2018-09-17 06:32:27'),
(28, 65, '2018-09-17 06:32:27'),
(28, 66, '2018-09-17 06:32:27'),
(28, 67, '2018-09-17 06:32:27'),
(28, 68, '2018-09-17 06:32:27'),
(28, 69, '2018-09-17 06:32:27'),
(28, 70, '2018-09-17 06:32:27'),
(28, 71, '2018-09-17 06:32:27'),
(28, 199, '2018-09-17 06:32:27'),
(28, 201, '2018-09-17 06:32:27'),
(28, 202, '2018-09-17 06:32:27'),
(28, 203, '2018-09-17 06:32:27'),
(28, 204, '2018-09-17 06:32:27'),
(29, 23, '2018-09-17 06:44:26'),
(29, 24, '2018-09-17 06:44:26'),
(29, 28, '2018-09-17 06:44:26'),
(29, 32, '2018-09-17 06:44:26'),
(29, 33, '2018-09-17 06:44:26'),
(29, 34, '2018-09-17 06:44:26'),
(29, 54, '2018-09-17 06:44:26'),
(29, 55, '2018-09-17 06:44:26'),
(29, 56, '2018-09-17 06:44:26'),
(29, 57, '2018-09-17 06:44:26'),
(29, 58, '2018-09-17 06:44:26'),
(29, 59, '2018-09-17 06:44:26'),
(29, 60, '2018-09-17 06:44:26'),
(29, 62, '2018-09-17 06:44:26'),
(29, 63, '2018-09-17 06:44:26'),
(29, 64, '2018-09-17 06:44:26'),
(29, 65, '2018-09-17 06:44:26'),
(29, 66, '2018-09-17 06:44:26'),
(29, 67, '2018-09-17 06:44:26'),
(29, 68, '2018-09-17 06:44:26'),
(29, 69, '2018-09-17 06:44:26'),
(29, 70, '2018-09-17 06:44:26'),
(29, 71, '2018-09-17 06:44:26'),
(29, 72, '2018-09-17 06:44:26'),
(29, 73, '2018-09-17 06:44:26'),
(29, 74, '2018-09-17 06:44:26'),
(29, 75, '2018-09-17 06:44:26'),
(29, 76, '2018-09-17 06:44:26'),
(29, 77, '2018-09-17 06:44:26'),
(29, 78, '2018-09-17 06:44:26'),
(29, 79, '2018-09-17 06:44:26'),
(29, 80, '2018-09-17 06:44:26'),
(29, 81, '2018-09-17 06:44:26'),
(29, 82, '2018-09-17 06:44:26'),
(29, 83, '2018-09-17 06:44:26'),
(29, 84, '2018-09-17 06:44:26'),
(29, 85, '2018-09-17 06:44:26'),
(29, 86, '2018-09-17 06:44:26'),
(29, 87, '2018-09-17 06:44:26'),
(29, 88, '2018-09-17 06:44:26'),
(29, 89, '2018-09-17 06:44:26'),
(29, 90, '2018-09-17 06:44:26'),
(29, 91, '2018-09-17 06:44:26'),
(29, 92, '2018-09-17 06:44:26'),
(29, 93, '2018-09-17 06:44:26'),
(29, 199, '2018-09-17 06:44:26'),
(29, 200, '2018-09-17 06:44:26'),
(29, 201, '2018-09-17 06:44:26'),
(29, 202, '2018-09-17 06:44:26'),
(29, 203, '2018-09-17 06:44:26'),
(29, 204, '2018-09-17 06:44:26'),
(29, 205, '2018-09-17 06:44:26'),
(29, 206, '2018-09-17 06:44:26'),
(29, 207, '2018-09-17 06:44:26'),
(31, 28, '2018-09-17 06:52:39'),
(31, 32, '2018-09-17 06:52:39'),
(31, 33, '2018-09-17 06:52:39'),
(31, 34, '2018-09-17 06:52:39'),
(31, 39, '2018-09-17 06:52:39'),
(31, 52, '2018-09-17 06:52:39'),
(31, 54, '2018-09-17 06:52:39'),
(31, 55, '2018-09-17 06:52:39'),
(31, 56, '2018-09-17 06:52:39'),
(31, 57, '2018-09-17 06:52:39'),
(31, 58, '2018-09-17 06:52:39'),
(31, 59, '2018-09-17 06:52:39'),
(31, 60, '2018-09-17 06:52:39'),
(31, 62, '2018-09-17 06:52:39'),
(31, 63, '2018-09-17 06:52:39'),
(31, 64, '2018-09-17 06:52:39'),
(31, 65, '2018-09-17 06:52:39'),
(31, 66, '2018-09-17 06:52:39'),
(31, 67, '2018-09-17 06:52:39'),
(31, 68, '2018-09-17 06:52:39'),
(31, 69, '2018-09-17 06:52:39'),
(31, 70, '2018-09-17 06:52:39'),
(31, 71, '2018-09-17 06:52:39'),
(31, 94, '2018-09-17 06:52:39'),
(31, 95, '2018-09-17 06:52:39'),
(31, 96, '2018-09-17 06:52:39'),
(31, 97, '2018-09-17 06:52:39'),
(31, 99, '2018-09-17 06:52:39'),
(31, 101, '2018-09-17 06:52:39'),
(31, 102, '2018-09-17 06:52:39'),
(31, 103, '2018-09-17 06:52:39'),
(31, 105, '2018-09-17 06:52:39'),
(31, 106, '2018-09-17 06:52:39'),
(31, 107, '2018-09-17 06:52:39'),
(31, 108, '2018-09-17 06:52:39'),
(31, 109, '2018-09-17 06:52:39'),
(31, 110, '2018-09-17 06:52:39'),
(31, 111, '2018-09-17 06:52:39'),
(31, 113, '2018-09-17 06:52:39'),
(31, 114, '2018-09-17 06:52:39'),
(31, 115, '2018-09-17 06:52:39'),
(31, 116, '2018-09-17 06:52:39'),
(31, 117, '2018-09-17 06:52:39'),
(31, 118, '2018-09-17 06:52:39'),
(31, 119, '2018-09-17 06:52:39'),
(31, 120, '2018-09-17 06:52:39'),
(31, 121, '2018-09-17 06:52:39'),
(31, 122, '2018-09-17 06:52:39'),
(31, 123, '2018-09-17 06:52:39'),
(31, 124, '2018-09-17 06:52:39'),
(31, 125, '2018-09-17 06:52:39'),
(31, 126, '2018-09-17 06:52:39'),
(31, 127, '2018-09-17 06:52:39'),
(31, 128, '2018-09-17 06:52:39'),
(31, 129, '2018-09-17 06:52:39'),
(31, 130, '2018-09-17 06:52:39'),
(31, 131, '2018-09-17 06:52:39'),
(31, 132, '2018-09-17 06:52:39'),
(31, 133, '2018-09-17 06:52:39'),
(31, 134, '2018-09-17 06:52:39'),
(31, 135, '2018-09-17 06:52:39'),
(31, 136, '2018-09-17 06:52:39'),
(31, 137, '2018-09-17 06:52:39'),
(31, 138, '2018-09-17 06:52:39'),
(31, 139, '2018-09-17 06:52:39'),
(31, 140, '2018-09-17 06:52:39'),
(31, 199, '2018-09-17 06:52:39'),
(31, 200, '2018-09-17 06:52:39'),
(31, 201, '2018-09-17 06:52:39'),
(31, 202, '2018-09-17 06:52:39'),
(31, 203, '2018-09-17 06:52:39'),
(31, 204, '2018-09-17 06:52:39'),
(31, 208, '2018-09-17 06:52:39'),
(34, 23, '2018-10-31 04:54:59'),
(34, 24, '2018-10-31 04:54:59'),
(34, 72, '2018-10-31 04:54:59'),
(34, 73, '2018-10-31 04:54:59'),
(34, 74, '2018-10-31 04:54:59'),
(34, 75, '2018-10-31 04:54:59'),
(34, 76, '2018-10-31 04:54:59'),
(34, 77, '2018-10-31 04:54:59'),
(34, 78, '2018-10-31 04:54:59'),
(34, 79, '2018-10-31 04:54:59'),
(34, 80, '2018-10-31 04:54:59'),
(34, 82, '2018-10-31 04:54:59'),
(34, 83, '2018-10-31 04:54:59'),
(34, 84, '2018-10-31 04:54:59'),
(34, 85, '2018-10-31 04:54:59'),
(34, 86, '2018-10-31 04:54:59'),
(34, 87, '2018-10-31 04:54:59'),
(34, 88, '2018-10-31 04:54:59'),
(34, 89, '2018-10-31 04:54:59'),
(34, 90, '2018-10-31 04:54:59'),
(34, 91, '2018-10-31 04:54:59'),
(34, 92, '2018-10-31 04:54:59'),
(34, 93, '2018-10-31 04:54:59'),
(34, 205, '2018-10-31 04:54:59'),
(34, 206, '2018-10-31 04:54:59'),
(34, 207, '2018-10-31 04:54:59'),
(37, 28, '2018-09-17 07:10:56'),
(37, 32, '2018-09-17 07:10:56'),
(37, 33, '2018-09-17 07:10:56'),
(37, 34, '2018-09-17 07:10:56'),
(37, 54, '2018-09-17 07:10:56'),
(37, 55, '2018-09-17 07:10:56'),
(37, 56, '2018-09-17 07:10:56'),
(37, 57, '2018-09-17 07:10:56'),
(37, 58, '2018-09-17 07:10:56'),
(37, 59, '2018-09-17 07:10:56'),
(37, 60, '2018-09-17 07:10:56'),
(37, 62, '2018-09-17 07:10:56'),
(37, 63, '2018-09-17 07:10:56'),
(37, 64, '2018-09-17 07:10:56'),
(37, 65, '2018-09-17 07:10:56'),
(37, 66, '2018-09-17 07:10:56'),
(37, 67, '2018-09-17 07:10:56'),
(37, 68, '2018-09-17 07:10:56'),
(37, 69, '2018-09-17 07:10:56'),
(37, 70, '2018-09-17 07:10:56'),
(37, 71, '2018-09-17 07:10:56'),
(37, 199, '2018-09-17 07:10:56'),
(37, 200, '2018-09-17 07:10:56'),
(37, 201, '2018-09-17 07:10:56'),
(37, 202, '2018-09-17 07:10:56'),
(37, 203, '2018-09-17 07:10:56'),
(37, 204, '2018-09-17 07:10:56'),
(39, 28, '2018-09-17 07:15:49'),
(39, 32, '2018-09-17 07:15:49'),
(39, 33, '2018-09-17 07:15:49'),
(39, 34, '2018-09-17 07:15:49'),
(39, 54, '2018-09-17 07:15:49'),
(39, 55, '2018-09-17 07:15:49'),
(39, 56, '2018-09-17 07:15:49'),
(39, 57, '2018-09-17 07:15:49'),
(39, 58, '2018-09-17 07:15:49'),
(39, 59, '2018-09-17 07:15:49'),
(39, 60, '2018-09-17 07:15:49'),
(39, 62, '2018-09-17 07:15:49'),
(39, 63, '2018-09-17 07:15:49'),
(39, 64, '2018-09-17 07:15:49'),
(39, 65, '2018-09-17 07:15:49'),
(39, 66, '2018-09-17 07:15:49'),
(39, 67, '2018-09-17 07:15:49'),
(39, 68, '2018-09-17 07:15:49'),
(39, 69, '2018-09-17 07:15:49'),
(39, 70, '2018-09-17 07:15:49'),
(39, 71, '2018-09-17 07:15:49'),
(39, 199, '2018-09-17 07:15:49'),
(39, 200, '2018-09-17 07:15:49'),
(39, 201, '2018-09-17 07:15:49'),
(39, 202, '2018-09-17 07:15:49'),
(39, 203, '2018-09-17 07:15:49'),
(39, 204, '2018-09-17 07:15:49'),
(40, 32, '2018-11-15 16:17:55'),
(40, 33, '2018-11-15 16:17:55'),
(40, 34, '2018-11-15 16:17:55'),
(40, 54, '2018-11-15 16:17:55'),
(40, 66, '2018-11-15 16:17:55'),
(45, 33, '2018-10-25 01:16:55'),
(45, 34, '2018-10-25 01:16:55'),
(45, 68, '2018-10-25 01:16:55'),
(45, 135, '2018-10-25 01:16:55'),
(45, 136, '2018-10-25 01:16:55'),
(46, 23, '2018-09-18 04:56:27'),
(46, 24, '2018-09-18 04:56:28'),
(46, 28, '2018-09-18 04:56:27'),
(46, 32, '2018-09-18 04:56:27'),
(46, 33, '2018-09-18 04:56:27'),
(46, 34, '2018-09-18 04:56:27'),
(46, 54, '2018-09-18 04:56:27'),
(46, 55, '2018-09-18 04:56:27'),
(46, 56, '2018-09-18 04:56:27'),
(46, 57, '2018-09-18 04:56:27'),
(46, 58, '2018-09-18 04:56:27'),
(46, 59, '2018-09-18 04:56:27'),
(46, 60, '2018-09-18 04:56:27'),
(46, 62, '2018-09-18 04:56:27'),
(46, 63, '2018-09-18 04:56:27'),
(46, 64, '2018-09-18 04:56:27'),
(46, 65, '2018-09-18 04:56:27'),
(46, 66, '2018-09-18 04:56:27'),
(46, 67, '2018-09-18 04:56:27'),
(46, 68, '2018-09-18 04:56:27'),
(46, 69, '2018-09-18 04:56:27'),
(46, 70, '2018-09-18 04:56:27'),
(46, 71, '2018-09-18 04:56:27'),
(46, 72, '2018-09-18 04:56:27'),
(46, 73, '2018-09-18 04:56:27'),
(46, 74, '2018-09-18 04:56:28'),
(46, 75, '2018-09-18 04:56:28'),
(46, 76, '2018-09-18 04:56:28'),
(46, 77, '2018-09-18 04:56:28'),
(46, 78, '2018-09-18 04:56:28'),
(46, 79, '2018-09-18 04:56:28'),
(46, 80, '2018-09-18 04:56:28'),
(46, 81, '2018-09-18 04:56:28'),
(46, 82, '2018-09-18 04:56:28'),
(46, 83, '2018-09-18 04:56:28'),
(46, 84, '2018-09-18 04:56:28'),
(46, 85, '2018-09-18 04:56:28'),
(46, 86, '2018-09-18 04:56:28'),
(46, 87, '2018-09-18 04:56:28'),
(46, 88, '2018-09-18 04:56:28'),
(46, 89, '2018-09-18 04:56:28'),
(46, 90, '2018-09-18 04:56:28'),
(46, 91, '2018-09-18 04:56:28'),
(46, 92, '2018-09-18 04:56:28'),
(46, 93, '2018-09-18 04:56:28'),
(46, 199, '2018-09-18 04:56:27'),
(46, 200, '2018-09-18 04:56:27'),
(46, 201, '2018-09-18 04:56:27'),
(46, 202, '2018-09-18 04:56:27'),
(46, 203, '2018-09-18 04:56:27'),
(46, 204, '2018-09-18 04:56:27'),
(46, 205, '2018-09-18 04:56:27'),
(46, 206, '2018-09-18 04:56:28'),
(46, 207, '2018-09-18 04:56:28'),
(48, 28, '2018-09-18 05:01:36'),
(48, 32, '2018-09-18 05:01:36'),
(48, 33, '2018-09-18 05:01:36'),
(48, 34, '2018-09-18 05:01:36'),
(48, 54, '2018-09-18 05:01:36'),
(48, 55, '2018-09-18 05:01:36'),
(48, 56, '2018-09-18 05:01:36'),
(48, 57, '2018-09-18 05:01:36'),
(48, 58, '2018-09-18 05:01:36'),
(48, 59, '2018-09-18 05:01:36'),
(48, 60, '2018-09-18 05:01:36'),
(48, 62, '2018-09-18 05:01:36'),
(48, 63, '2018-09-18 05:01:36'),
(48, 64, '2018-09-18 05:01:36'),
(48, 65, '2018-09-18 05:01:36'),
(48, 66, '2018-09-18 05:01:36'),
(48, 67, '2018-09-18 05:01:36'),
(48, 68, '2018-09-18 05:01:36'),
(48, 69, '2018-09-18 05:01:36'),
(48, 70, '2018-09-18 05:01:36'),
(48, 71, '2018-09-18 05:01:36'),
(48, 199, '2018-09-18 05:01:36'),
(48, 200, '2018-09-18 05:01:36'),
(48, 201, '2018-09-18 05:01:36'),
(48, 202, '2018-09-18 05:01:36'),
(48, 203, '2018-09-18 05:01:36'),
(48, 204, '2018-09-18 05:01:36'),
(52, 34, '2018-12-05 02:25:03'),
(52, 69, '2018-12-05 02:25:03'),
(52, 73, '2018-12-05 02:25:03'),
(52, 136, '2018-12-05 02:25:03'),
(66, 32, '2018-11-19 20:45:31'),
(66, 33, '2018-11-19 20:45:31'),
(66, 34, '2018-11-19 20:45:31'),
(66, 54, '2018-11-19 20:45:31'),
(66, 55, '2018-11-19 20:45:31'),
(66, 56, '2018-11-19 20:45:31'),
(66, 57, '2018-11-19 20:45:31'),
(66, 60, '2018-11-19 20:45:31'),
(66, 62, '2018-11-19 20:45:31'),
(66, 63, '2018-11-19 20:45:31'),
(66, 64, '2018-11-19 20:45:31'),
(66, 65, '2018-11-19 20:45:31'),
(66, 66, '2018-11-19 20:45:31'),
(66, 67, '2018-11-19 20:45:31'),
(66, 68, '2018-11-19 20:45:31'),
(66, 70, '2018-11-19 20:45:31'),
(66, 72, '2018-11-19 20:45:31'),
(66, 82, '2018-11-19 20:45:31'),
(66, 200, '2018-11-19 20:45:31'),
(66, 201, '2018-11-19 20:45:31'),
(66, 203, '2018-11-19 20:45:31'),
(66, 204, '2018-11-19 20:45:31'),
(66, 205, '2018-11-19 20:45:31');

-- --------------------------------------------------------

--
-- Estructura de tabla para la tabla `pd_typecares`
--

DROP TABLE IF EXISTS `pd_typecares`;
CREATE TABLE `pd_typecares` (
  `id_typecare` int(10) UNSIGNED NOT NULL,
  `name` varchar(45) NOT NULL,
  `description` varchar(755) DEFAULT NULL,
  `order` int(10) UNSIGNED DEFAULT NULL,
  `idate` datetime NOT NULL,
  `udate` datetime DEFAULT NULL
) ENGINE=InnoDB DEFAULT CHARSET=latin1;

--
-- Volcado de datos para la tabla `pd_typecares`
--

INSERT INTO `pd_typecares` (`id_typecare`, `name`, `description`, `order`, `idate`, `udate`) VALUES
(1, 'Specialized Care', 'A playdate that requires specialized care with a specifically qualified professional. This includes but is not limited to: experience with the differently abled, Type 1 diabetes and other health conditions.', 1, '2018-07-23 04:06:26', NULL),
(2, 'After-School Care', NULL, 2, '2018-07-23 04:06:26', NULL),
(3, 'After-Camp Care', NULL, 3, '2018-07-23 04:06:26', NULL),
(4, 'Weekend Care', NULL, 4, '2018-07-23 04:06:26', NULL),
(5, 'Evening Care', NULL, 5, '2018-07-23 04:06:26', NULL),
(6, 'Parent Social', 'Parent Social playdates are designed to encourage parents to socialize too! Our child care providers will be present to help engage the kids so that parents can also connect with one another. Parent Socials are currently the only option for children under 3 and parents and for this age group parents are required to stay.', 6, '2018-07-23 04:06:26', NULL),
(7, 'Quick Book', 'For expedited booking, we recommend selecting Quick Book. This option skips the itinerary process. Your Specialist simply has to confirm the date and time! You can send Quick Book requests to multiple Lead Specialists and the first to accept gets the job.', 7, '2018-07-23 04:06:26', NULL),
(8, 'Make It An Event', 'For full service party planning and for groups greater than 8 children (ages 3-6) or 10 children (ages 7+), this feature sends your request directly to our in-house event planning team. After a brief consultation, you will receive a custom quote based on the type of coordination and entertainment you need. Parties require a service fee and include in-house insurance coverage.', 8, '2018-07-23 04:06:26', NULL);

-- --------------------------------------------------------

--
-- Estructura de tabla para la tabla `pd_zipcodes`
--

DROP TABLE IF EXISTS `pd_zipcodes`;
CREATE TABLE `pd_zipcodes` (
  `id_zipcode` int(10) UNSIGNED NOT NULL,
  `id_neighborhood` int(10) UNSIGNED NOT NULL,
  `zipcode` varchar(255) NOT NULL,
  `idate` datetime NOT NULL,
  `udate` datetime DEFAULT NULL
) ENGINE=InnoDB DEFAULT CHARSET=utf8;

--
-- Volcado de datos para la tabla `pd_zipcodes`
--

INSERT INTO `pd_zipcodes` (`id_zipcode`, `id_neighborhood`, `zipcode`, `idate`, `udate`) VALUES
(60, 23, '11211', '2018-08-16 11:41:19', NULL),
(61, 23, '11222', '2018-08-16 11:41:19', NULL),
(62, 24, '11220', '2018-08-16 11:41:35', NULL),
(63, 24, '11232', '2018-08-16 11:41:35', NULL),
(78, 28, '10029', '2018-08-16 11:42:43', NULL),
(79, 28, '10035', '2018-08-16 11:42:43', NULL),
(93, 32, '10002', '2018-08-16 11:43:48', NULL),
(94, 32, '10003', '2018-08-16 11:43:48', NULL),
(95, 32, '10009', '2018-08-16 11:43:48', NULL),
(96, 33, '10021', '2018-08-16 11:44:03', NULL),
(97, 33, '10028', '2018-08-16 11:44:03', NULL),
(98, 33, '10044', '2018-08-16 11:44:03', NULL),
(99, 33, '10065', '2018-08-16 11:44:03', NULL),
(100, 33, '10075', '2018-08-16 11:44:03', NULL),
(101, 33, '10128', '2018-08-16 11:44:03', NULL),
(102, 34, '10023', '2018-08-16 11:44:19', NULL),
(103, 34, '10024', '2018-08-16 11:44:19', NULL),
(104, 34, '10025', '2018-08-16 11:44:19', NULL),
(124, 39, '11412', '2018-08-16 11:45:40', NULL),
(125, 39, '11423', '2018-08-16 11:45:40', NULL),
(126, 39, '11432', '2018-08-16 11:45:40', NULL),
(127, 39, '11433', '2018-08-16 11:45:40', NULL),
(128, 39, '11434', '2018-08-16 11:45:40', NULL),
(129, 39, '11435', '2018-08-16 11:45:40', NULL),
(130, 39, '11436', '2018-08-16 11:45:40', NULL),
(171, 46, '10302', '2018-08-16 11:47:33', NULL),
(172, 46, '10303', '2018-08-16 11:47:33', NULL),
(173, 46, '10310', '2018-08-16 11:47:33', NULL),
(174, 47, '10306', '2018-08-16 11:47:45', NULL),
(175, 47, '10307', '2018-08-16 11:47:45', NULL),
(176, 47, '10308', '2018-08-16 11:47:45', NULL),
(177, 47, '10309', '2018-08-16 11:47:45', NULL),
(178, 47, '10312', '2018-08-16 11:47:45', NULL),
(179, 48, '10301', '2018-08-16 11:48:02', NULL),
(180, 48, '10304', '2018-08-16 11:48:02', NULL),
(181, 48, '10305', '2018-08-16 11:48:02', NULL);

-- --------------------------------------------------------

--
-- Estructura de tabla para la tabla `pd_zipcodes-old`
--

DROP TABLE IF EXISTS `pd_zipcodes-old`;
CREATE TABLE `pd_zipcodes-old` (
  `id_zipcode` int(10) UNSIGNED NOT NULL,
  `zipcode` varchar(45) DEFAULT NULL,
  `name` varchar(755) DEFAULT NULL,
  `idate` datetime NOT NULL,
  `udate` datetime DEFAULT NULL
) ENGINE=InnoDB DEFAULT CHARSET=latin1;

--
-- Volcado de datos para la tabla `pd_zipcodes-old`
--

INSERT INTO `pd_zipcodes-old` (`id_zipcode`, `zipcode`, `name`, `idate`, `udate`) VALUES
(1, '501', 'Holtsville', '2018-05-13 21:49:59', NULL),
(2, '544', 'Holtsville', '2018-05-13 21:49:59', NULL),
(3, '6390', 'Fishers Island', '2018-05-13 21:49:59', NULL),
(4, '10001', 'New York', '2018-05-13 21:49:59', NULL),
(5, '10002', 'New York', '2018-05-13 21:49:59', NULL),
(6, '10003', 'New York', '2018-05-13 21:49:59', NULL),
(7, '10004', 'New York', '2018-05-13 21:49:59', NULL),
(8, '10005', 'New York', '2018-05-13 21:49:59', NULL),
(9, '10006', 'New York', '2018-05-13 21:49:59', NULL),
(10, '10007', 'New York', '2018-05-13 21:49:59', NULL),
(11, '10008', 'New York', '2018-05-13 21:49:59', NULL),
(12, '10009', 'New York', '2018-05-13 21:49:59', NULL),
(13, '10010', 'New York', '2018-05-13 21:49:59', NULL),
(14, '10011', 'New York', '2018-05-13 21:49:59', NULL),
(15, '10012', 'New York', '2018-05-13 21:49:59', NULL),
(16, '10013', 'New York', '2018-05-13 21:49:59', NULL),
(17, '10014', 'New York', '2018-05-13 21:49:59', NULL),
(18, '10015', 'New York', '2018-05-13 21:49:59', NULL),
(19, '10016', 'New York', '2018-05-13 21:49:59', NULL),
(20, '10017', 'New York', '2018-05-13 21:49:59', NULL),
(21, '10018', 'New York', '2018-05-13 21:49:59', NULL),
(22, '10019', 'New York', '2018-05-13 21:49:59', NULL),
(23, '10020', 'New York', '2018-05-13 21:49:59', NULL),
(24, '10021', 'New York', '2018-05-13 21:49:59', NULL),
(25, '10022', 'New York', '2018-05-13 21:49:59', NULL),
(26, '10023', 'New York', '2018-05-13 21:49:59', NULL),
(27, '10024', 'New York', '2018-05-13 21:49:59', NULL),
(28, '10025', 'New York', '2018-05-13 21:49:59', NULL),
(29, '10026', 'New York', '2018-05-13 21:49:59', NULL),
(30, '10027', 'New York', '2018-05-13 21:49:59', NULL),
(31, '10028', 'New York', '2018-05-13 21:49:59', NULL),
(32, '10029', 'New York', '2018-05-13 21:49:59', NULL),
(33, '10030', 'New York', '2018-05-13 21:49:59', NULL),
(34, '10031', 'New York', '2018-05-13 21:49:59', NULL),
(35, '10032', 'New York', '2018-05-13 21:49:59', NULL),
(36, '10033', 'New York', '2018-05-13 21:49:59', NULL),
(37, '10034', 'New York', '2018-05-13 21:49:59', NULL),
(38, '10035', 'New York', '2018-05-13 21:49:59', NULL),
(39, '10036', 'New York', '2018-05-13 21:49:59', NULL),
(40, '10037', 'New York', '2018-05-13 21:49:59', NULL),
(41, '10038', 'New York', '2018-05-13 21:49:59', NULL),
(42, '10039', 'New York', '2018-05-13 21:49:59', NULL),
(43, '10040', 'New York', '2018-05-13 21:49:59', NULL),
(44, '10041', 'New York', '2018-05-13 21:49:59', NULL),
(45, '10043', 'New York', '2018-05-13 21:49:59', NULL),
(46, '10044', 'New York', '2018-05-13 21:49:59', NULL),
(47, '10045', 'New York', '2018-05-13 21:49:59', NULL),
(48, '10046', 'New York', '2018-05-13 21:49:59', NULL),
(49, '10047', 'New York', '2018-05-13 21:49:59', NULL),
(50, '10048', 'New York', '2018-05-13 21:49:59', NULL),
(51, '10055', 'New York', '2018-05-13 21:49:59', NULL),
(52, '10060', 'New York', '2018-05-13 21:49:59', NULL),
(53, '10069', 'New York', '2018-05-13 21:49:59', NULL),
(54, '10072', 'New York', '2018-05-13 21:49:59', NULL),
(55, '10079', 'New York', '2018-05-13 21:49:59', NULL),
(56, '10080', 'New York', '2018-05-13 21:49:59', NULL),
(57, '10081', 'New York', '2018-05-13 21:49:59', NULL),
(58, '10082', 'New York', '2018-05-13 21:49:59', NULL),
(59, '10087', 'New York', '2018-05-13 21:49:59', NULL),
(60, '10090', 'New York', '2018-05-13 21:49:59', NULL),
(61, '10094', 'New York', '2018-05-13 21:49:59', NULL),
(62, '10095', 'New York', '2018-05-13 21:49:59', NULL),
(63, '10096', 'New York', '2018-05-13 21:49:59', NULL),
(64, '10098', 'New York', '2018-05-13 21:49:59', NULL),
(65, '10099', 'New York', '2018-05-13 21:49:59', NULL),
(66, '10101', 'New York', '2018-05-13 21:49:59', NULL),
(67, '10102', 'New York', '2018-05-13 21:49:59', NULL),
(68, '10103', 'New York', '2018-05-13 21:49:59', NULL),
(69, '10104', 'New York', '2018-05-13 21:49:59', NULL),
(70, '10105', 'New York', '2018-05-13 21:49:59', NULL),
(71, '10106', 'New York', '2018-05-13 21:49:59', NULL),
(72, '10107', 'New York', '2018-05-13 21:49:59', NULL),
(73, '10108', 'New York', '2018-05-13 21:49:59', NULL),
(74, '10109', 'New York', '2018-05-13 21:49:59', NULL),
(75, '10110', 'New York', '2018-05-13 21:49:59', NULL),
(76, '10111', 'New York', '2018-05-13 21:49:59', NULL),
(77, '10112', 'New York', '2018-05-13 21:49:59', NULL),
(78, '10113', 'New York', '2018-05-13 21:49:59', NULL),
(79, '10114', 'New York', '2018-05-13 21:49:59', NULL),
(80, '10115', 'New York', '2018-05-13 21:49:59', NULL),
(81, '10116', 'New York', '2018-05-13 21:49:59', NULL),
(82, '10117', 'New York', '2018-05-13 21:49:59', NULL),
(83, '10118', 'New York', '2018-05-13 21:49:59', NULL),
(84, '10119', 'New York', '2018-05-13 21:49:59', NULL),
(85, '10120', 'New York', '2018-05-13 21:49:59', NULL),
(86, '10121', 'New York', '2018-05-13 21:49:59', NULL),
(87, '10122', 'New York', '2018-05-13 21:49:59', NULL),
(88, '10123', 'New York', '2018-05-13 21:49:59', NULL),
(89, '10124', 'New York', '2018-05-13 21:49:59', NULL),
(90, '10125', 'New York', '2018-05-13 21:49:59', NULL),
(91, '10126', 'New York', '2018-05-13 21:49:59', NULL),
(92, '10128', 'New York', '2018-05-13 21:49:59', NULL),
(93, '10129', 'New York', '2018-05-13 21:49:59', NULL),
(94, '10130', 'New York', '2018-05-13 21:49:59', NULL),
(95, '10131', 'New York', '2018-05-13 21:49:59', NULL),
(96, '10132', 'New York', '2018-05-13 21:49:59', NULL),
(97, '10133', 'New York', '2018-05-13 21:49:59', NULL),
(98, '10138', 'New York', '2018-05-13 21:49:59', NULL),
(99, '10149', 'New York', '2018-05-13 21:49:59', NULL),
(100, '10150', 'New York', '2018-05-13 21:49:59', NULL),
(101, '10151', 'New York', '2018-05-13 21:49:59', NULL),
(102, '10152', 'New York', '2018-05-13 21:49:59', NULL),
(103, '10153', 'New York', '2018-05-13 21:49:59', NULL),
(104, '10154', 'New York', '2018-05-13 21:49:59', NULL),
(105, '10155', 'New York', '2018-05-13 21:49:59', NULL),
(106, '10156', 'New York', '2018-05-13 21:49:59', NULL),
(107, '10157', 'New York', '2018-05-13 21:49:59', NULL),
(108, '10158', 'New York', '2018-05-13 21:49:59', NULL),
(109, '10159', 'New York', '2018-05-13 21:49:59', NULL),
(110, '10160', 'New York', '2018-05-13 21:49:59', NULL),
(111, '10161', 'New York', '2018-05-13 21:49:59', NULL),
(112, '10162', 'New York', '2018-05-13 21:49:59', NULL),
(113, '10163', 'New York', '2018-05-13 21:49:59', NULL),
(114, '10164', 'New York', '2018-05-13 21:49:59', NULL),
(115, '10165', 'New York', '2018-05-13 21:49:59', NULL),
(116, '10166', 'New York', '2018-05-13 21:49:59', NULL),
(117, '10167', 'New York', '2018-05-13 21:49:59', NULL),
(118, '10168', 'New York', '2018-05-13 21:49:59', NULL),
(119, '10169', 'New York', '2018-05-13 21:49:59', NULL),
(120, '10170', 'New York', '2018-05-13 21:49:59', NULL),
(121, '10171', 'New York', '2018-05-13 21:49:59', NULL),
(122, '10172', 'New York', '2018-05-13 21:49:59', NULL),
(123, '10173', 'New York', '2018-05-13 21:49:59', NULL),
(124, '10174', 'New York', '2018-05-13 21:49:59', NULL),
(125, '10175', 'New York', '2018-05-13 21:49:59', NULL),
(126, '10176', 'New York', '2018-05-13 21:49:59', NULL),
(127, '10177', 'New York', '2018-05-13 21:49:59', NULL),
(128, '10178', 'New York', '2018-05-13 21:49:59', NULL),
(129, '10179', 'New York', '2018-05-13 21:49:59', NULL),
(130, '10184', 'New York', '2018-05-13 21:49:59', NULL),
(131, '10185', 'New York', '2018-05-13 21:49:59', NULL),
(132, '10196', 'New York', '2018-05-13 21:49:59', NULL),
(133, '10197', 'New York', '2018-05-13 21:49:59', NULL),
(134, '10199', 'New York', '2018-05-13 21:49:59', NULL),
(135, '10203', 'New York', '2018-05-13 21:49:59', NULL),
(136, '10211', 'New York', '2018-05-13 21:49:59', NULL),
(137, '10212', 'New York', '2018-05-13 21:49:59', NULL),
(138, '10213', 'New York', '2018-05-13 21:49:59', NULL),
(139, '10242', 'New York', '2018-05-13 21:49:59', NULL),
(140, '10249', 'New York', '2018-05-13 21:49:59', NULL),
(141, '10256', 'New York', '2018-05-13 21:49:59', NULL),
(142, '10257', 'New York', '2018-05-13 21:49:59', NULL),
(143, '10258', 'New York', '2018-05-13 21:49:59', NULL),
(144, '10259', 'New York', '2018-05-13 21:49:59', NULL),
(145, '10260', 'New York', '2018-05-13 21:49:59', NULL),
(146, '10261', 'New York', '2018-05-13 21:49:59', NULL),
(147, '10265', 'New York', '2018-05-13 21:49:59', NULL),
(148, '10268', 'New York', '2018-05-13 21:49:59', NULL),
(149, '10269', 'New York', '2018-05-13 21:49:59', NULL),
(150, '10270', 'New York', '2018-05-13 21:49:59', NULL),
(151, '10271', 'New York', '2018-05-13 21:49:59', NULL),
(152, '10272', 'New York', '2018-05-13 21:49:59', NULL),
(153, '10273', 'New York', '2018-05-13 21:49:59', NULL),
(154, '10274', 'New York', '2018-05-13 21:49:59', NULL),
(155, '10275', 'New York', '2018-05-13 21:49:59', NULL),
(156, '10276', 'New York', '2018-05-13 21:49:59', NULL),
(157, '10277', 'New York', '2018-05-13 21:49:59', NULL),
(158, '10278', 'New York', '2018-05-13 21:49:59', NULL),
(159, '10279', 'New York', '2018-05-13 21:49:59', NULL),
(160, '10280', 'New York', '2018-05-13 21:49:59', NULL),
(161, '10281', 'New York', '2018-05-13 21:49:59', NULL),
(162, '10282', 'New York', '2018-05-13 21:49:59', NULL),
(163, '10285', 'New York', '2018-05-13 21:49:59', NULL),
(164, '10286', 'New York', '2018-05-13 21:49:59', NULL),
(165, '10292', 'New York', '2018-05-13 21:49:59', NULL),
(166, '10301', 'Staten Island', '2018-05-13 21:49:59', NULL),
(167, '10302', 'Staten Island', '2018-05-13 21:49:59', NULL),
(168, '10303', 'Staten Island', '2018-05-13 21:49:59', NULL),
(169, '10304', 'Staten Island', '2018-05-13 21:49:59', NULL),
(170, '10305', 'Staten Island', '2018-05-13 21:49:59', NULL),
(171, '10306', 'Staten Island', '2018-05-13 21:49:59', NULL),
(172, '10307', 'Staten Island', '2018-05-13 21:49:59', NULL),
(173, '10308', 'Staten Island', '2018-05-13 21:49:59', NULL),
(174, '10309', 'Staten Island', '2018-05-13 21:49:59', NULL),
(175, '10310', 'Staten Island', '2018-05-13 21:49:59', NULL),
(176, '10311', 'Staten Island', '2018-05-13 21:49:59', NULL),
(177, '10312', 'Staten Island', '2018-05-13 21:49:59', NULL),
(178, '10313', 'Staten Island', '2018-05-13 21:49:59', NULL),
(179, '10314', 'Staten Island', '2018-05-13 21:49:59', NULL),
(180, '10451', 'Bronx', '2018-05-13 21:49:59', NULL),
(181, '10452', 'Bronx', '2018-05-13 21:49:59', NULL),
(182, '10453', 'Bronx', '2018-05-13 21:49:59', NULL),
(183, '10454', 'Bronx', '2018-05-13 21:49:59', NULL),
(184, '10455', 'Bronx', '2018-05-13 21:49:59', NULL),
(185, '10456', 'Bronx', '2018-05-13 21:49:59', NULL),
(186, '10457', 'Bronx', '2018-05-13 21:49:59', NULL),
(187, '10458', 'Bronx', '2018-05-13 21:49:59', NULL),
(188, '10459', 'Bronx', '2018-05-13 21:49:59', NULL),
(189, '10460', 'Bronx', '2018-05-13 21:49:59', NULL),
(190, '10461', 'Bronx', '2018-05-13 21:49:59', NULL),
(191, '10462', 'Bronx', '2018-05-13 21:49:59', NULL),
(192, '10463', 'Bronx', '2018-05-13 21:49:59', NULL),
(193, '10464', 'Bronx', '2018-05-13 21:49:59', NULL),
(194, '10465', 'Bronx', '2018-05-13 21:49:59', NULL),
(195, '10466', 'Bronx', '2018-05-13 21:49:59', NULL),
(196, '10467', 'Bronx', '2018-05-13 21:49:59', NULL),
(197, '10468', 'Bronx', '2018-05-13 21:49:59', NULL),
(198, '10469', 'Bronx', '2018-05-13 21:49:59', NULL),
(199, '10470', 'Bronx', '2018-05-13 21:49:59', NULL),
(200, '10471', 'Bronx', '2018-05-13 21:49:59', NULL),
(201, '10472', 'Bronx', '2018-05-13 21:49:59', NULL),
(202, '10473', 'Bronx', '2018-05-13 21:49:59', NULL),
(203, '10474', 'Bronx', '2018-05-13 21:49:59', NULL),
(204, '10475', 'Bronx', '2018-05-13 21:49:59', NULL),
(205, '10499', 'Bronx', '2018-05-13 21:49:59', NULL),
(206, '10501', 'Amawalk', '2018-05-13 21:49:59', NULL),
(207, '10502', 'Ardsley', '2018-05-13 21:49:59', NULL),
(208, '10503', 'Ardsley On Hudson', '2018-05-13 21:49:59', NULL),
(209, '10504', 'Armonk', '2018-05-13 21:49:59', NULL),
(210, '10505', 'Baldwin Place', '2018-05-13 21:49:59', NULL),
(211, '10506', 'Bedford', '2018-05-13 21:49:59', NULL),
(212, '10507', 'Bedford Hills', '2018-05-13 21:49:59', NULL),
(213, '10509', 'Brewster', '2018-05-13 21:49:59', NULL),
(214, '10510', 'Briarcliff Manor', '2018-05-13 21:49:59', NULL),
(215, '10511', 'Buchanan', '2018-05-13 21:49:59', NULL),
(216, '10512', 'Carmel', '2018-05-13 21:49:59', NULL),
(217, '10514', 'Chappaqua', '2018-05-13 21:49:59', NULL),
(218, '10516', 'Cold Spring', '2018-05-13 21:49:59', NULL),
(219, '10517', 'Crompond', '2018-05-13 21:49:59', NULL),
(220, '10518', 'Cross River', '2018-05-13 21:49:59', NULL),
(221, '10519', 'Croton Falls', '2018-05-13 21:49:59', NULL),
(222, '10520', 'Croton On Hudson', '2018-05-13 21:49:59', NULL),
(223, '10521', 'Croton On Hudson', '2018-05-13 21:49:59', NULL),
(224, '10522', 'Dobbs Ferry', '2018-05-13 21:49:59', NULL),
(225, '10523', 'Elmsford', '2018-05-13 21:49:59', NULL),
(226, '10524', 'Garrison', '2018-05-13 21:49:59', NULL),
(227, '10526', 'Goldens Bridge', '2018-05-13 21:49:59', NULL),
(228, '10527', 'Granite Springs', '2018-05-13 21:49:59', NULL),
(229, '10528', 'Harrison', '2018-05-13 21:49:59', NULL),
(230, '10530', 'Hartsdale', '2018-05-13 21:49:59', NULL),
(231, '10532', 'Hawthorne', '2018-05-13 21:49:59', NULL),
(232, '10533', 'Irvington', '2018-05-13 21:49:59', NULL),
(233, '10535', 'Jefferson Valley', '2018-05-13 21:49:59', NULL),
(234, '10536', 'Katonah', '2018-05-13 21:49:59', NULL),
(235, '10537', 'Lake Peekskill', '2018-05-13 21:49:59', NULL),
(236, '10538', 'Larchmont', '2018-05-13 21:49:59', NULL),
(237, '10540', 'Lincolndale', '2018-05-13 21:49:59', NULL),
(238, '10541', 'Mahopac', '2018-05-13 21:49:59', NULL),
(239, '10542', 'Mahopac Falls', '2018-05-13 21:49:59', NULL),
(240, '10543', 'Mamaroneck', '2018-05-13 21:49:59', NULL),
(241, '10545', 'Maryknoll', '2018-05-13 21:49:59', NULL),
(242, '10546', 'Millwood', '2018-05-13 21:49:59', NULL),
(243, '10547', 'Mohegan Lake', '2018-05-13 21:49:59', NULL),
(244, '10548', 'Montrose', '2018-05-13 21:49:59', NULL),
(245, '10549', 'Mount Kisco', '2018-05-13 21:49:59', NULL),
(246, '10550', 'Mount Vernon', '2018-05-13 21:49:59', NULL),
(247, '10551', 'Mount Vernon', '2018-05-13 21:49:59', NULL),
(248, '10552', 'Mount Vernon', '2018-05-13 21:49:59', NULL),
(249, '10553', 'Mount Vernon', '2018-05-13 21:49:59', NULL),
(250, '10557', 'Mount Vernon', '2018-05-13 21:49:59', NULL),
(251, '10558', 'Mount Vernon', '2018-05-13 21:49:59', NULL),
(252, '10560', 'North Salem', '2018-05-13 21:49:59', NULL),
(253, '10562', 'Ossining', '2018-05-13 21:49:59', NULL),
(254, '10566', 'Peekskill', '2018-05-13 21:49:59', NULL),
(255, '10567', 'Cortlandt Manor', '2018-05-13 21:49:59', NULL),
(256, '10570', 'Pleasantville', '2018-05-13 21:49:59', NULL),
(257, '10571', 'Pleasantville', '2018-05-13 21:49:59', NULL),
(258, '10572', 'Pleasantville', '2018-05-13 21:49:59', NULL),
(259, '10573', 'Port Chester', '2018-05-13 21:49:59', NULL),
(260, '10576', 'Pound Ridge', '2018-05-13 21:49:59', NULL),
(261, '10577', 'Purchase', '2018-05-13 21:49:59', NULL),
(262, '10578', 'Purdys', '2018-05-13 21:49:59', NULL),
(263, '10579', 'Putnam Valley', '2018-05-13 21:49:59', NULL),
(264, '10580', 'Rye', '2018-05-13 21:49:59', NULL),
(265, '10583', 'Scarsdale', '2018-05-13 21:49:59', NULL),
(266, '10587', 'Shenorock', '2018-05-13 21:49:59', NULL),
(267, '10588', 'Shrub Oak', '2018-05-13 21:49:59', NULL),
(268, '10589', 'Somers', '2018-05-13 21:49:59', NULL),
(269, '10590', 'South Salem', '2018-05-13 21:49:59', NULL),
(270, '10591', 'Tarrytown', '2018-05-13 21:49:59', NULL),
(271, '10594', 'Thornwood', '2018-05-13 21:49:59', NULL),
(272, '10595', 'Valhalla', '2018-05-13 21:49:59', NULL),
(273, '10596', 'Verplanck', '2018-05-13 21:49:59', NULL),
(274, '10597', 'Waccabuc', '2018-05-13 21:49:59', NULL),
(275, '10598', 'Yorktown Heights', '2018-05-13 21:49:59', NULL),
(276, '10601', 'White Plains', '2018-05-13 21:49:59', NULL),
(277, '10602', 'White Plains', '2018-05-13 21:49:59', NULL),
(278, '10603', 'White Plains', '2018-05-13 21:49:59', NULL),
(279, '10604', 'West Harrison', '2018-05-13 21:49:59', NULL),
(280, '10605', 'White Plains', '2018-05-13 21:49:59', NULL),
(281, '10606', 'White Plains', '2018-05-13 21:49:59', NULL),
(282, '10607', 'White Plains', '2018-05-13 21:49:59', NULL),
(283, '10610', 'White Plains', '2018-05-13 21:49:59', NULL),
(284, '10701', 'Yonkers', '2018-05-13 21:49:59', NULL),
(285, '10702', 'Yonkers', '2018-05-13 21:49:59', NULL),
(286, '10703', 'Yonkers', '2018-05-13 21:49:59', NULL),
(287, '10704', 'Yonkers', '2018-05-13 21:49:59', NULL),
(288, '10705', 'Yonkers', '2018-05-13 21:49:59', NULL),
(289, '10706', 'Hastings On Hudson', '2018-05-13 21:49:59', NULL),
(290, '10707', 'Tuckahoe', '2018-05-13 21:49:59', NULL),
(291, '10708', 'Bronxville', '2018-05-13 21:49:59', NULL),
(292, '10709', 'Eastchester', '2018-05-13 21:49:59', NULL),
(293, '10710', 'Yonkers', '2018-05-13 21:49:59', NULL),
(294, '10801', 'New Rochelle', '2018-05-13 21:49:59', NULL),
(295, '10802', 'New Rochelle', '2018-05-13 21:49:59', NULL),
(296, '10803', 'Pelham', '2018-05-13 21:49:59', NULL),
(297, '10804', 'New Rochelle', '2018-05-13 21:49:59', NULL),
(298, '10805', 'New Rochelle', '2018-05-13 21:49:59', NULL),
(299, '10901', 'Suffern', '2018-05-13 21:49:59', NULL),
(300, '10910', 'Arden', '2018-05-13 21:49:59', NULL),
(301, '10911', 'Bear Mountain', '2018-05-13 21:49:59', NULL),
(302, '10912', 'Bellvale', '2018-05-13 21:49:59', NULL),
(303, '10913', 'Blauvelt', '2018-05-13 21:49:59', NULL),
(304, '10914', 'Blooming Grove', '2018-05-13 21:49:59', NULL),
(305, '10915', 'Bullville', '2018-05-13 21:49:59', NULL),
(306, '10916', 'Campbell Hall', '2018-05-13 21:49:59', NULL),
(307, '10917', 'Central Valley', '2018-05-13 21:49:59', NULL),
(308, '10918', 'Chester', '2018-05-13 21:49:59', NULL),
(309, '10919', 'Circleville', '2018-05-13 21:49:59', NULL),
(310, '10920', 'Congers', '2018-05-13 21:49:59', NULL),
(311, '10921', 'Florida', '2018-05-13 21:49:59', NULL),
(312, '10922', 'Fort Montgomery', '2018-05-13 21:49:59', NULL),
(313, '10923', 'Garnerville', '2018-05-13 21:49:59', NULL),
(314, '10924', 'Goshen', '2018-05-13 21:49:59', NULL),
(315, '10925', 'Greenwood Lake', '2018-05-13 21:49:59', NULL),
(316, '10926', 'Harriman', '2018-05-13 21:49:59', NULL),
(317, '10927', 'Haverstraw', '2018-05-13 21:49:59', NULL),
(318, '10928', 'Highland Falls', '2018-05-13 21:49:59', NULL),
(319, '10930', 'Highland Mills', '2018-05-13 21:49:59', NULL),
(320, '10931', 'Hillburn', '2018-05-13 21:49:59', NULL),
(321, '10932', 'Howells', '2018-05-13 21:49:59', NULL),
(322, '10933', 'Johnson', '2018-05-13 21:49:59', NULL),
(323, '10940', 'Middletown', '2018-05-13 21:49:59', NULL),
(324, '10941', 'Middletown', '2018-05-13 21:49:59', NULL),
(325, '10943', 'Middletown', '2018-05-13 21:49:59', NULL),
(326, '10949', 'Monroe', '2018-05-13 21:49:59', NULL),
(327, '10950', 'Monroe', '2018-05-13 21:49:59', NULL),
(328, '10952', 'Monsey', '2018-05-13 21:49:59', NULL),
(329, '10953', 'Mountainville', '2018-05-13 21:49:59', NULL),
(330, '10954', 'Nanuet', '2018-05-13 21:49:59', NULL),
(331, '10956', 'New City', '2018-05-13 21:49:59', NULL),
(332, '10958', 'New Hampton', '2018-05-13 21:49:59', NULL),
(333, '10959', 'New Milford', '2018-05-13 21:49:59', NULL),
(334, '10960', 'Nyack', '2018-05-13 21:49:59', NULL),
(335, '10962', 'Orangeburg', '2018-05-13 21:49:59', NULL),
(336, '10963', 'Otisville', '2018-05-13 21:49:59', NULL),
(337, '10964', 'Palisades', '2018-05-13 21:49:59', NULL),
(338, '10965', 'Pearl River', '2018-05-13 21:49:59', NULL),
(339, '10968', 'Piermont', '2018-05-13 21:49:59', NULL),
(340, '10969', 'Pine Island', '2018-05-13 21:49:59', NULL),
(341, '10970', 'Pomona', '2018-05-13 21:49:59', NULL),
(342, '10973', 'Slate Hill', '2018-05-13 21:49:59', NULL),
(343, '10974', 'Sloatsburg', '2018-05-13 21:49:59', NULL),
(344, '10975', 'Southfields', '2018-05-13 21:49:59', NULL),
(345, '10976', 'Sparkill', '2018-05-13 21:49:59', NULL),
(346, '10977', 'Spring Valley', '2018-05-13 21:49:59', NULL),
(347, '10979', 'Sterling Forest', '2018-05-13 21:49:59', NULL),
(348, '10980', 'Stony Point', '2018-05-13 21:49:59', NULL),
(349, '10981', 'Sugar Loaf', '2018-05-13 21:49:59', NULL),
(350, '10982', 'Tallman', '2018-05-13 21:49:59', NULL),
(351, '10983', 'Tappan', '2018-05-13 21:49:59', NULL),
(352, '10984', 'Thiells', '2018-05-13 21:49:59', NULL),
(353, '10985', 'Thompson Ridge', '2018-05-13 21:49:59', NULL),
(354, '10986', 'Tomkins Cove', '2018-05-13 21:49:59', NULL),
(355, '10987', 'Tuxedo Park', '2018-05-13 21:49:59', NULL),
(356, '10988', 'Unionville', '2018-05-13 21:49:59', NULL),
(357, '10989', 'Valley Cottage', '2018-05-13 21:49:59', NULL),
(358, '10990', 'Warwick', '2018-05-13 21:49:59', NULL),
(359, '10992', 'Washingtonville', '2018-05-13 21:49:59', NULL),
(360, '10993', 'West Haverstraw', '2018-05-13 21:49:59', NULL),
(361, '10994', 'West Nyack', '2018-05-13 21:49:59', NULL),
(362, '10996', 'West Point', '2018-05-13 21:49:59', NULL),
(363, '10997', 'West Point', '2018-05-13 21:49:59', NULL),
(364, '10998', 'Westtown', '2018-05-13 21:49:59', NULL),
(365, '11001', 'Floral Park', '2018-05-13 21:49:59', NULL),
(366, '11002', 'Floral Park', '2018-05-13 21:49:59', NULL),
(367, '11003', 'Elmont', '2018-05-13 21:49:59', NULL),
(368, '11004', 'Glen Oaks', '2018-05-13 21:49:59', NULL),
(369, '11005', 'Floral Park', '2018-05-13 21:49:59', NULL),
(370, '11010', 'Franklin Square', '2018-05-13 21:49:59', NULL),
(371, '11020', 'Great Neck', '2018-05-13 21:49:59', NULL),
(372, '11021', 'Great Neck', '2018-05-13 21:49:59', NULL),
(373, '11022', 'Great Neck', '2018-05-13 21:49:59', NULL),
(374, '11023', 'Great Neck', '2018-05-13 21:49:59', NULL),
(375, '11024', 'Great Neck', '2018-05-13 21:49:59', NULL),
(376, '11025', 'Great Neck', '2018-05-13 21:49:59', NULL),
(377, '11026', 'Great Neck', '2018-05-13 21:49:59', NULL),
(378, '11027', 'Great Neck', '2018-05-13 21:49:59', NULL),
(379, '11030', 'Manhasset', '2018-05-13 21:49:59', NULL),
(380, '11040', 'New Hyde Park', '2018-05-13 21:49:59', NULL),
(381, '11041', 'New Hyde Park', '2018-05-13 21:49:59', NULL),
(382, '11042', 'New Hyde Park', '2018-05-13 21:49:59', NULL),
(383, '11043', 'New Hyde Park', '2018-05-13 21:49:59', NULL),
(384, '11044', 'New Hyde Park', '2018-05-13 21:49:59', NULL),
(385, '11050', 'Port Washington', '2018-05-13 21:49:59', NULL),
(386, '11051', 'Port Washington', '2018-05-13 21:49:59', NULL),
(387, '11052', 'Port Washington', '2018-05-13 21:49:59', NULL),
(388, '11053', 'Port Washington', '2018-05-13 21:49:59', NULL),
(389, '11054', 'Port Washington', '2018-05-13 21:49:59', NULL),
(390, '11055', 'Port Washington', '2018-05-13 21:49:59', NULL),
(391, '11096', 'Inwood', '2018-05-13 21:49:59', NULL),
(392, '11099', 'New Hyde Park', '2018-05-13 21:49:59', NULL),
(393, '11101', 'Long Island City', '2018-05-13 21:49:59', NULL),
(394, '11102', 'Astoria', '2018-05-13 21:49:59', NULL),
(395, '11103', 'Astoria', '2018-05-13 21:49:59', NULL),
(396, '11104', 'Sunnyside', '2018-05-13 21:49:59', NULL),
(397, '11105', 'Astoria', '2018-05-13 21:49:59', NULL),
(398, '11106', 'Astoria', '2018-05-13 21:49:59', NULL),
(399, '11109', 'Long Island City', '2018-05-13 21:49:59', NULL),
(400, '11120', 'Long Island City', '2018-05-13 21:49:59', NULL),
(401, '11201', 'Brooklyn', '2018-05-13 21:49:59', NULL),
(402, '11202', 'Brooklyn', '2018-05-13 21:49:59', NULL),
(403, '11203', 'Brooklyn', '2018-05-13 21:49:59', NULL),
(404, '11204', 'Brooklyn', '2018-05-13 21:49:59', NULL),
(405, '11205', 'Brooklyn', '2018-05-13 21:49:59', NULL),
(406, '11206', 'Brooklyn', '2018-05-13 21:49:59', NULL),
(407, '11207', 'Brooklyn', '2018-05-13 21:49:59', NULL),
(408, '11208', 'Brooklyn', '2018-05-13 21:49:59', NULL),
(409, '11209', 'Brooklyn', '2018-05-13 21:49:59', NULL),
(410, '11210', 'Brooklyn', '2018-05-13 21:49:59', NULL),
(411, '11211', 'Brooklyn', '2018-05-13 21:49:59', NULL),
(412, '11212', 'Brooklyn', '2018-05-13 21:49:59', NULL),
(413, '11213', 'Brooklyn', '2018-05-13 21:49:59', NULL),
(414, '11214', 'Brooklyn', '2018-05-13 21:49:59', NULL),
(415, '11215', 'Brooklyn', '2018-05-13 21:49:59', NULL),
(416, '11216', 'Brooklyn', '2018-05-13 21:49:59', NULL),
(417, '11217', 'Brooklyn', '2018-05-13 21:49:59', NULL),
(418, '11218', 'Brooklyn', '2018-05-13 21:49:59', NULL),
(419, '11219', 'Brooklyn', '2018-05-13 21:49:59', NULL),
(420, '11220', 'Brooklyn', '2018-05-13 21:49:59', NULL),
(421, '11221', 'Brooklyn', '2018-05-13 21:49:59', NULL),
(422, '11222', 'Brooklyn', '2018-05-13 21:49:59', NULL),
(423, '11223', 'Brooklyn', '2018-05-13 21:49:59', NULL),
(424, '11224', 'Brooklyn', '2018-05-13 21:49:59', NULL),
(425, '11225', 'Brooklyn', '2018-05-13 21:49:59', NULL),
(426, '11226', 'Brooklyn', '2018-05-13 21:49:59', NULL),
(427, '11228', 'Brooklyn', '2018-05-13 21:49:59', NULL),
(428, '11229', 'Brooklyn', '2018-05-13 21:49:59', NULL),
(429, '11230', 'Brooklyn', '2018-05-13 21:49:59', NULL),
(430, '11231', 'Brooklyn', '2018-05-13 21:49:59', NULL),
(431, '11232', 'Brooklyn', '2018-05-13 21:49:59', NULL),
(432, '11233', 'Brooklyn', '2018-05-13 21:49:59', NULL),
(433, '11234', 'Brooklyn', '2018-05-13 21:49:59', NULL),
(434, '11235', 'Brooklyn', '2018-05-13 21:49:59', NULL),
(435, '11236', 'Brooklyn', '2018-05-13 21:49:59', NULL),
(436, '11237', 'Brooklyn', '2018-05-13 21:49:59', NULL),
(437, '11238', 'Brooklyn', '2018-05-13 21:49:59', NULL),
(438, '11239', 'Brooklyn', '2018-05-13 21:49:59', NULL),
(439, '11240', 'Brooklyn', '2018-05-13 21:49:59', NULL),
(440, '11241', 'Brooklyn', '2018-05-13 21:49:59', NULL),
(441, '11242', 'Brooklyn', '2018-05-13 21:49:59', NULL),
(442, '11243', 'Brooklyn', '2018-05-13 21:49:59', NULL),
(443, '11244', 'Brooklyn', '2018-05-13 21:49:59', NULL),
(444, '11245', 'Brooklyn', '2018-05-13 21:49:59', NULL),
(445, '11247', 'Brooklyn', '2018-05-13 21:49:59', NULL),
(446, '11248', 'Brooklyn', '2018-05-13 21:49:59', NULL),
(447, '11249', 'Brooklyn', '2018-05-13 21:49:59', NULL),
(448, '11251', 'Brooklyn', '2018-05-13 21:49:59', NULL),
(449, '11252', 'Brooklyn', '2018-05-13 21:49:59', NULL),
(450, '11254', 'Brooklyn', '2018-05-13 21:49:59', NULL),
(451, '11255', 'Brooklyn', '2018-05-13 21:49:59', NULL),
(452, '11256', 'Brooklyn', '2018-05-13 21:49:59', NULL),
(453, '11351', 'Flushing', '2018-05-13 21:49:59', NULL),
(454, '11352', 'Flushing', '2018-05-13 21:49:59', NULL),
(455, '11354', 'Flushing', '2018-05-13 21:49:59', NULL),
(456, '11355', 'Flushing', '2018-05-13 21:49:59', NULL),
(457, '11356', 'College Point', '2018-05-13 21:49:59', NULL),
(458, '11357', 'Whitestone', '2018-05-13 21:49:59', NULL),
(459, '11358', 'Flushing', '2018-05-13 21:49:59', NULL),
(460, '11359', 'Bayside', '2018-05-13 21:49:59', NULL),
(461, '11360', 'Bayside', '2018-05-13 21:49:59', NULL),
(462, '11361', 'Bayside', '2018-05-13 21:49:59', NULL),
(463, '11362', 'Little Neck', '2018-05-13 21:49:59', NULL),
(464, '11363', 'Little Neck', '2018-05-13 21:49:59', NULL),
(465, '11364', 'Oakland Gardens', '2018-05-13 21:49:59', NULL),
(466, '11365', 'Fresh Meadows', '2018-05-13 21:49:59', NULL),
(467, '11366', 'Fresh Meadows', '2018-05-13 21:49:59', NULL),
(468, '11367', 'Flushing', '2018-05-13 21:49:59', NULL),
(469, '11368', 'Corona', '2018-05-13 21:49:59', NULL),
(470, '11369', 'East Elmhurst', '2018-05-13 21:49:59', NULL),
(471, '11370', 'East Elmhurst', '2018-05-13 21:49:59', NULL),
(472, '11371', 'Flushing', '2018-05-13 21:49:59', NULL),
(473, '11372', 'Jackson Heights', '2018-05-13 21:49:59', NULL),
(474, '11373', 'Elmhurst', '2018-05-13 21:49:59', NULL),
(475, '11374', 'Rego Park', '2018-05-13 21:49:59', NULL),
(476, '11375', 'Forest Hills', '2018-05-13 21:49:59', NULL),
(477, '11377', 'Woodside', '2018-05-13 21:49:59', NULL),
(478, '11378', 'Maspeth', '2018-05-13 21:49:59', NULL),
(479, '11379', 'Middle Village', '2018-05-13 21:49:59', NULL),
(480, '11380', 'Elmhurst', '2018-05-13 21:49:59', NULL),
(481, '11381', 'Flushing', '2018-05-13 21:49:59', NULL),
(482, '11385', 'Ridgewood', '2018-05-13 21:49:59', NULL),
(483, '11386', 'Ridgewood', '2018-05-13 21:49:59', NULL),
(484, '11390', 'Flushing', '2018-05-13 21:49:59', NULL),
(485, '11405', 'Jamaica', '2018-05-13 21:49:59', NULL),
(486, '11411', 'Cambria Heights', '2018-05-13 21:49:59', NULL),
(487, '11412', 'Saint Albans', '2018-05-13 21:49:59', NULL),
(488, '11413', 'Springfield Gardens', '2018-05-13 21:49:59', NULL),
(489, '11414', 'Howard Beach', '2018-05-13 21:49:59', NULL),
(490, '11415', 'Kew Gardens', '2018-05-13 21:49:59', NULL),
(491, '11416', 'Ozone Park', '2018-05-13 21:49:59', NULL),
(492, '11417', 'Ozone Park', '2018-05-13 21:49:59', NULL),
(493, '11418', 'Richmond Hill', '2018-05-13 21:49:59', NULL),
(494, '11419', 'South Richmond Hill', '2018-05-13 21:49:59', NULL),
(495, '11420', 'South Ozone Park', '2018-05-13 21:49:59', NULL),
(496, '11421', 'Woodhaven', '2018-05-13 21:49:59', NULL),
(497, '11422', 'Rosedale', '2018-05-13 21:49:59', NULL),
(498, '11423', 'Hollis', '2018-05-13 21:49:59', NULL),
(499, '11424', 'Jamaica', '2018-05-13 21:49:59', NULL),
(500, '11425', 'Jamaica', '2018-05-13 21:49:59', NULL),
(501, '11426', 'Bellerose', '2018-05-13 21:49:59', NULL),
(502, '11427', 'Queens Village', '2018-05-13 21:49:59', NULL),
(503, '11428', 'Queens Village', '2018-05-13 21:49:59', NULL),
(504, '11429', 'Queens Village', '2018-05-13 21:49:59', NULL),
(505, '11430', 'Jamaica', '2018-05-13 21:49:59', NULL),
(506, '11431', 'Jamaica', '2018-05-13 21:49:59', NULL),
(507, '11432', 'Jamaica', '2018-05-13 21:49:59', NULL),
(508, '11433', 'Jamaica', '2018-05-13 21:49:59', NULL),
(509, '11434', 'Jamaica', '2018-05-13 21:49:59', NULL),
(510, '11435', 'Jamaica', '2018-05-13 21:49:59', NULL),
(511, '11436', 'Jamaica', '2018-05-13 21:49:59', NULL),
(512, '11439', 'Jamaica', '2018-05-13 21:49:59', NULL),
(513, '11451', 'Jamaica', '2018-05-13 21:49:59', NULL),
(514, '11499', 'Jamaica', '2018-05-13 21:49:59', NULL),
(515, '11501', 'Mineola', '2018-05-13 21:49:59', NULL),
(516, '11507', 'Albertson', '2018-05-13 21:49:59', NULL),
(517, '11509', 'Atlantic Beach', '2018-05-13 21:49:59', NULL),
(518, '11510', 'Baldwin', '2018-05-13 21:49:59', NULL),
(519, '11514', 'Carle Place', '2018-05-13 21:49:59', NULL),
(520, '11516', 'Cedarhurst', '2018-05-13 21:49:59', NULL),
(521, '11518', 'East Rockaway', '2018-05-13 21:49:59', NULL),
(522, '11520', 'Freeport', '2018-05-13 21:49:59', NULL),
(523, '11530', 'Garden City', '2018-05-13 21:49:59', NULL),
(524, '11531', 'Garden City', '2018-05-13 21:49:59', NULL),
(525, '11535', 'Garden City', '2018-05-13 21:49:59', NULL),
(526, '11536', 'Garden City', '2018-05-13 21:49:59', NULL),
(527, '11542', 'Glen Cove', '2018-05-13 21:49:59', NULL),
(528, '11545', 'Glen Head', '2018-05-13 21:49:59', NULL),
(529, '11547', 'Glenwood Landing', '2018-05-13 21:49:59', NULL),
(530, '11548', 'Greenvale', '2018-05-13 21:49:59', NULL),
(531, '11549', 'Hempstead', '2018-05-13 21:49:59', NULL),
(532, '11550', 'Hempstead', '2018-05-13 21:49:59', NULL),
(533, '11551', 'Hempstead', '2018-05-13 21:49:59', NULL),
(534, '11552', 'West Hempstead', '2018-05-13 21:49:59', NULL),
(535, '11553', 'Uniondale', '2018-05-13 21:49:59', NULL),
(536, '11554', 'East Meadow', '2018-05-13 21:49:59', NULL),
(537, '11555', 'Uniondale', '2018-05-13 21:49:59', NULL),
(538, '11556', 'Uniondale', '2018-05-13 21:49:59', NULL),
(539, '11557', 'Hewlett', '2018-05-13 21:49:59', NULL),
(540, '11558', 'Island Park', '2018-05-13 21:49:59', NULL),
(541, '11559', 'Lawrence', '2018-05-13 21:49:59', NULL),
(542, '11560', 'Locust Valley', '2018-05-13 21:49:59', NULL),
(543, '11561', 'Long Beach', '2018-05-13 21:49:59', NULL),
(544, '11563', 'Lynbrook', '2018-05-13 21:49:59', NULL),
(545, '11565', 'Malverne', '2018-05-13 21:49:59', NULL),
(546, '11566', 'Merrick', '2018-05-13 21:49:59', NULL),
(547, '11568', 'Old Westbury', '2018-05-13 21:49:59', NULL),
(548, '11569', 'Point Lookout', '2018-05-13 21:49:59', NULL),
(549, '11570', 'Rockville Centre', '2018-05-13 21:49:59', NULL),
(550, '11571', 'Rockville Centre', '2018-05-13 21:49:59', NULL),
(551, '11572', 'Oceanside', '2018-05-13 21:49:59', NULL),
(552, '11575', 'Roosevelt', '2018-05-13 21:49:59', NULL),
(553, '11576', 'Roslyn', '2018-05-13 21:49:59', NULL),
(554, '11577', 'Roslyn Heights', '2018-05-13 21:49:59', NULL),
(555, '11579', 'Sea Cliff', '2018-05-13 21:49:59', NULL),
(556, '11580', 'Valley Stream', '2018-05-13 21:49:59', NULL),
(557, '11581', 'Valley Stream', '2018-05-13 21:49:59', NULL),
(558, '11582', 'Valley Stream', '2018-05-13 21:49:59', NULL),
(559, '11590', 'Westbury', '2018-05-13 21:49:59', NULL),
(560, '11592', 'Rockville Centre', '2018-05-13 21:49:59', NULL),
(561, '11594', 'Westbury', '2018-05-13 21:49:59', NULL),
(562, '11595', 'Westbury', '2018-05-13 21:49:59', NULL),
(563, '11596', 'Williston Park', '2018-05-13 21:49:59', NULL),
(564, '11597', 'Westbury', '2018-05-13 21:49:59', NULL),
(565, '11598', 'Woodmere', '2018-05-13 21:49:59', NULL),
(566, '11599', 'Garden City', '2018-05-13 21:49:59', NULL),
(567, '11690', 'Far Rockaway', '2018-05-13 21:49:59', NULL),
(568, '11691', 'Far Rockaway', '2018-05-13 21:49:59', NULL),
(569, '11692', 'Arverne', '2018-05-13 21:49:59', NULL),
(570, '11693', 'Far Rockaway', '2018-05-13 21:49:59', NULL),
(571, '11694', 'Rockaway Park', '2018-05-13 21:49:59', NULL),
(572, '11695', 'Far Rockaway', '2018-05-13 21:49:59', NULL),
(573, '11697', 'Breezy Point', '2018-05-13 21:49:59', NULL),
(574, '11701', 'Amityville', '2018-05-13 21:49:59', NULL),
(575, '11702', 'Babylon', '2018-05-13 21:49:59', NULL),
(576, '11703', 'North Babylon', '2018-05-13 21:49:59', NULL),
(577, '11704', 'West Babylon', '2018-05-13 21:49:59', NULL),
(578, '11705', 'Bayport', '2018-05-13 21:49:59', NULL),
(579, '11706', 'Bay Shore', '2018-05-13 21:49:59', NULL),
(580, '11707', 'West Babylon', '2018-05-13 21:49:59', NULL),
(581, '11708', 'Amityville', '2018-05-13 21:49:59', NULL),
(582, '11709', 'Bayville', '2018-05-13 21:49:59', NULL),
(583, '11710', 'Bellmore', '2018-05-13 21:49:59', NULL),
(584, '11713', 'Bellport', '2018-05-13 21:49:59', NULL),
(585, '11714', 'Bethpage', '2018-05-13 21:49:59', NULL),
(586, '11715', 'Blue Point', '2018-05-13 21:49:59', NULL),
(587, '11716', 'Bohemia', '2018-05-13 21:49:59', NULL),
(588, '11717', 'Brentwood', '2018-05-13 21:49:59', NULL),
(589, '11718', 'Brightwaters', '2018-05-13 21:49:59', NULL),
(590, '11719', 'Brookhaven', '2018-05-13 21:49:59', NULL),
(591, '11720', 'Centereach', '2018-05-13 21:49:59', NULL),
(592, '11721', 'Centerport', '2018-05-13 21:49:59', NULL),
(593, '11722', 'Central Islip', '2018-05-13 21:49:59', NULL),
(594, '11724', 'Cold Spring Harbor', '2018-05-13 21:49:59', NULL),
(595, '11725', 'Commack', '2018-05-13 21:49:59', NULL),
(596, '11726', 'Copiague', '2018-05-13 21:49:59', NULL),
(597, '11727', 'Coram', '2018-05-13 21:49:59', NULL),
(598, '11729', 'Deer Park', '2018-05-13 21:49:59', NULL),
(599, '11730', 'East Islip', '2018-05-13 21:49:59', NULL),
(600, '11731', 'East Northport', '2018-05-13 21:49:59', NULL),
(601, '11732', 'East Norwich', '2018-05-13 21:49:59', NULL),
(602, '11733', 'East Setauket', '2018-05-13 21:49:59', NULL),
(603, '11735', 'Farmingdale', '2018-05-13 21:49:59', NULL),
(604, '11736', 'Farmingdale', '2018-05-13 21:49:59', NULL),
(605, '11737', 'Farmingdale', '2018-05-13 21:49:59', NULL),
(606, '11738', 'Farmingville', '2018-05-13 21:49:59', NULL),
(607, '11739', 'Great River', '2018-05-13 21:49:59', NULL),
(608, '11740', 'Greenlawn', '2018-05-13 21:49:59', NULL),
(609, '11741', 'Holbrook', '2018-05-13 21:49:59', NULL),
(610, '11742', 'Holtsville', '2018-05-13 21:49:59', NULL),
(611, '11743', 'Huntington', '2018-05-13 21:49:59', NULL),
(612, '11746', 'Huntington Station', '2018-05-13 21:49:59', NULL),
(613, '11747', 'Melville', '2018-05-13 21:49:59', NULL),
(614, '11749', 'Islandia', '2018-05-13 21:49:59', NULL),
(615, '11750', 'Huntington Station', '2018-05-13 21:49:59', NULL),
(616, '11751', 'Islip', '2018-05-13 21:49:59', NULL),
(617, '11752', 'Islip Terrace', '2018-05-13 21:49:59', NULL),
(618, '11753', 'Jericho', '2018-05-13 21:49:59', NULL),
(619, '11754', 'Kings Park', '2018-05-13 21:49:59', NULL),
(620, '11755', 'Lake Grove', '2018-05-13 21:49:59', NULL),
(621, '11756', 'Levittown', '2018-05-13 21:49:59', NULL),
(622, '11757', 'Lindenhurst', '2018-05-13 21:49:59', NULL),
(623, '11758', 'Massapequa', '2018-05-13 21:49:59', NULL),
(624, '11760', 'Islandia', '2018-05-13 21:49:59', NULL),
(625, '11762', 'Massapequa Park', '2018-05-13 21:49:59', NULL),
(626, '11763', 'Medford', '2018-05-13 21:49:59', NULL),
(627, '11764', 'Miller Place', '2018-05-13 21:49:59', NULL),
(628, '11765', 'Mill Neck', '2018-05-13 21:49:59', NULL),
(629, '11766', 'Mount Sinai', '2018-05-13 21:49:59', NULL),
(630, '11767', 'Nesconset', '2018-05-13 21:49:59', NULL),
(631, '11768', 'Northport', '2018-05-13 21:49:59', NULL),
(632, '11769', 'Oakdale', '2018-05-13 21:49:59', NULL),
(633, '11770', 'Ocean Beach', '2018-05-13 21:49:59', NULL),
(634, '11771', 'Oyster Bay', '2018-05-13 21:49:59', NULL),
(635, '11772', 'Patchogue', '2018-05-13 21:49:59', NULL),
(636, '11773', 'Syosset', '2018-05-13 21:49:59', NULL),
(637, '11774', 'Farmingdale', '2018-05-13 21:49:59', NULL),
(638, '11775', 'Melville', '2018-05-13 21:49:59', NULL),
(639, '11776', 'Port Jefferson Station', '2018-05-13 21:49:59', NULL),
(640, '11777', 'Port Jefferson', '2018-05-13 21:49:59', NULL),
(641, '11778', 'Rocky Point', '2018-05-13 21:49:59', NULL),
(642, '11779', 'Ronkonkoma', '2018-05-13 21:49:59', NULL),
(643, '11780', 'Saint James', '2018-05-13 21:49:59', NULL),
(644, '11782', 'Sayville', '2018-05-13 21:49:59', NULL),
(645, '11783', 'Seaford', '2018-05-13 21:49:59', NULL),
(646, '11784', 'Selden', '2018-05-13 21:49:59', NULL),
(647, '11786', 'Shoreham', '2018-05-13 21:49:59', NULL),
(648, '11787', 'Smithtown', '2018-05-13 21:49:59', NULL),
(649, '11788', 'Hauppauge', '2018-05-13 21:49:59', NULL),
(650, '11789', 'Sound Beach', '2018-05-13 21:49:59', NULL),
(651, '11790', 'Stony Brook', '2018-05-13 21:49:59', NULL),
(652, '11791', 'Syosset', '2018-05-13 21:49:59', NULL),
(653, '11792', 'Wading River', '2018-05-13 21:49:59', NULL),
(654, '11793', 'Wantagh', '2018-05-13 21:49:59', NULL),
(655, '11794', 'Stony Brook', '2018-05-13 21:49:59', NULL),
(656, '11795', 'West Islip', '2018-05-13 21:49:59', NULL),
(657, '11796', 'West Sayville', '2018-05-13 21:49:59', NULL),
(658, '11797', 'Woodbury', '2018-05-13 21:49:59', NULL),
(659, '11798', 'Wyandanch', '2018-05-13 21:49:59', NULL),
(660, '11801', 'Hicksville', '2018-05-13 21:49:59', NULL),
(661, '11802', 'Hicksville', '2018-05-13 21:49:59', NULL),
(662, '11803', 'Plainview', '2018-05-13 21:49:59', NULL),
(663, '11804', 'Old Bethpage', '2018-05-13 21:49:59', NULL),
(664, '11815', 'Hicksville', '2018-05-13 21:49:59', NULL),
(665, '11819', 'Hicksville', '2018-05-13 21:49:59', NULL),
(666, '11853', 'Jericho', '2018-05-13 21:49:59', NULL),
(667, '11854', 'Hicksville', '2018-05-13 21:49:59', NULL),
(668, '11855', 'Hicksville', '2018-05-13 21:49:59', NULL),
(669, '11901', 'Riverhead', '2018-05-13 21:49:59', NULL),
(670, '11930', 'Amagansett', '2018-05-13 21:49:59', NULL),
(671, '11931', 'Aquebogue', '2018-05-13 21:49:59', NULL),
(672, '11932', 'Bridgehampton', '2018-05-13 21:49:59', NULL),
(673, '11933', 'Calverton', '2018-05-13 21:49:59', NULL),
(674, '11934', 'Center Moriches', '2018-05-13 21:49:59', NULL),
(675, '11935', 'Cutchogue', '2018-05-13 21:49:59', NULL),
(676, '11937', 'East Hampton', '2018-05-13 21:49:59', NULL),
(677, '11939', 'East Marion', '2018-05-13 21:49:59', NULL),
(678, '11940', 'East Moriches', '2018-05-13 21:49:59', NULL),
(679, '11941', 'Eastport', '2018-05-13 21:49:59', NULL),
(680, '11942', 'East Quogue', '2018-05-13 21:49:59', NULL),
(681, '11944', 'Greenport', '2018-05-13 21:49:59', NULL),
(682, '11946', 'Hampton Bays', '2018-05-13 21:49:59', NULL),
(683, '11947', 'Jamesport', '2018-05-13 21:49:59', NULL),
(684, '11948', 'Laurel', '2018-05-13 21:49:59', NULL),
(685, '11949', 'Manorville', '2018-05-13 21:49:59', NULL),
(686, '11950', 'Mastic', '2018-05-13 21:49:59', NULL),
(687, '11951', 'Mastic Beach', '2018-05-13 21:49:59', NULL),
(688, '11952', 'Mattituck', '2018-05-13 21:49:59', NULL),
(689, '11953', 'Middle Island', '2018-05-13 21:49:59', NULL),
(690, '11954', 'Montauk', '2018-05-13 21:49:59', NULL),
(691, '11955', 'Moriches', '2018-05-13 21:49:59', NULL),
(692, '11956', 'New Suffolk', '2018-05-13 21:49:59', NULL),
(693, '11957', 'Orient', '2018-05-13 21:49:59', NULL),
(694, '11958', 'Peconic', '2018-05-13 21:49:59', NULL),
(695, '11959', 'Quogue', '2018-05-13 21:49:59', NULL),
(696, '11960', 'Remsenburg', '2018-05-13 21:49:59', NULL),
(697, '11961', 'Ridge', '2018-05-13 21:49:59', NULL),
(698, '11962', 'Sagaponack', '2018-05-13 21:49:59', NULL),
(699, '11963', 'Sag Harbor', '2018-05-13 21:49:59', NULL),
(700, '11964', 'Shelter Island', '2018-05-13 21:49:59', NULL),
(701, '11965', 'Shelter Island Heights', '2018-05-13 21:49:59', NULL),
(702, '11967', 'Shirley', '2018-05-13 21:49:59', NULL),
(703, '11968', 'Southampton', '2018-05-13 21:49:59', NULL),
(704, '11969', 'Southampton', '2018-05-13 21:49:59', NULL),
(705, '11970', 'South Jamesport', '2018-05-13 21:49:59', NULL),
(706, '11971', 'Southold', '2018-05-13 21:49:59', NULL),
(707, '11972', 'Speonk', '2018-05-13 21:49:59', NULL),
(708, '11973', 'Upton', '2018-05-13 21:49:59', NULL),
(709, '11975', 'Wainscott', '2018-05-13 21:49:59', NULL),
(710, '11976', 'Water Mill', '2018-05-13 21:49:59', NULL),
(711, '11977', 'Westhampton', '2018-05-13 21:49:59', NULL),
(712, '11978', 'Westhampton Beach', '2018-05-13 21:49:59', NULL),
(713, '11980', 'Yaphank', '2018-05-13 21:49:59', NULL),
(714, '12007', 'Alcove', '2018-05-13 21:49:59', NULL),
(715, '12008', 'Alplaus', '2018-05-13 21:49:59', NULL),
(716, '12009', 'Altamont', '2018-05-13 21:49:59', NULL),
(717, '12010', 'Amsterdam', '2018-05-13 21:49:59', NULL),
(718, '12015', 'Athens', '2018-05-13 21:49:59', NULL),
(719, '12016', 'Auriesville', '2018-05-13 21:49:59', NULL),
(720, '12017', 'Austerlitz', '2018-05-13 21:49:59', NULL),
(721, '12018', 'Averill Park', '2018-05-13 21:49:59', NULL),
(722, '12019', 'Ballston Lake', '2018-05-13 21:49:59', NULL),
(723, '12020', 'Ballston Spa', '2018-05-13 21:49:59', NULL),
(724, '12022', 'Berlin', '2018-05-13 21:49:59', NULL),
(725, '12023', 'Berne', '2018-05-13 21:49:59', NULL),
(726, '12024', 'Brainard', '2018-05-13 21:49:59', NULL),
(727, '12025', 'Broadalbin', '2018-05-13 21:49:59', NULL),
(728, '12027', 'Burnt Hills', '2018-05-13 21:49:59', NULL),
(729, '12028', 'Buskirk', '2018-05-13 21:49:59', NULL),
(730, '12029', 'Canaan', '2018-05-13 21:49:59', NULL),
(731, '12031', 'Carlisle', '2018-05-13 21:49:59', NULL),
(732, '12032', 'Caroga Lake', '2018-05-13 21:49:59', NULL),
(733, '12033', 'Castleton On Hudson', '2018-05-13 21:49:59', NULL),
(734, '12035', 'Central Bridge', '2018-05-13 21:49:59', NULL),
(735, '12036', 'Charlotteville', '2018-05-13 21:49:59', NULL),
(736, '12037', 'Chatham', '2018-05-13 21:49:59', NULL),
(737, '12040', 'Cherry Plain', '2018-05-13 21:49:59', NULL),
(738, '12041', 'Clarksville', '2018-05-13 21:49:59', NULL),
(739, '12042', 'Climax', '2018-05-13 21:49:59', NULL),
(740, '12043', 'Cobleskill', '2018-05-13 21:49:59', NULL),
(741, '12045', 'Coeymans', '2018-05-13 21:49:59', NULL),
(742, '12046', 'Coeymans Hollow', '2018-05-13 21:49:59', NULL),
(743, '12047', 'Cohoes', '2018-05-13 21:49:59', NULL),
(744, '12050', 'Columbiaville', '2018-05-13 21:49:59', NULL),
(745, '12051', 'Coxsackie', '2018-05-13 21:49:59', NULL),
(746, '12052', 'Cropseyville', '2018-05-13 21:49:59', NULL),
(747, '12053', 'Delanson', '2018-05-13 21:49:59', NULL),
(748, '12054', 'Delmar', '2018-05-13 21:49:59', NULL),
(749, '12055', 'Dormansville', '2018-05-13 21:49:59', NULL),
(750, '12056', 'Duanesburg', '2018-05-13 21:49:59', NULL),
(751, '12057', 'Eagle Bridge', '2018-05-13 21:49:59', NULL),
(752, '12058', 'Earlton', '2018-05-13 21:49:59', NULL),
(753, '12059', 'East Berne', '2018-05-13 21:49:59', NULL),
(754, '12060', 'East Chatham', '2018-05-13 21:49:59', NULL),
(755, '12061', 'East Greenbush', '2018-05-13 21:49:59', NULL),
(756, '12062', 'East Nassau', '2018-05-13 21:49:59', NULL),
(757, '12063', 'East Schodack', '2018-05-13 21:49:59', NULL),
(758, '12064', 'East Worcester', '2018-05-13 21:49:59', NULL),
(759, '12065', 'Clifton Park', '2018-05-13 21:49:59', NULL),
(760, '12066', 'Esperance', '2018-05-13 21:49:59', NULL),
(761, '12067', 'Feura Bush', '2018-05-13 21:49:59', NULL),
(762, '12068', 'Fonda', '2018-05-13 21:49:59', NULL),
(763, '12069', 'Fort Hunter', '2018-05-13 21:49:59', NULL),
(764, '12070', 'Fort Johnson', '2018-05-13 21:49:59', NULL),
(765, '12071', 'Fultonham', '2018-05-13 21:49:59', NULL),
(766, '12072', 'Fultonville', '2018-05-13 21:49:59', NULL),
(767, '12073', 'Gallupville', '2018-05-13 21:49:59', NULL),
(768, '12074', 'Galway', '2018-05-13 21:49:59', NULL),
(769, '12075', 'Ghent', '2018-05-13 21:49:59', NULL),
(770, '12076', 'Gilboa', '2018-05-13 21:49:59', NULL),
(771, '12077', 'Glenmont', '2018-05-13 21:49:59', NULL),
(772, '12078', 'Gloversville', '2018-05-13 21:49:59', NULL),
(773, '12082', 'Grafton', '2018-05-13 21:49:59', NULL),
(774, '12083', 'Greenville', '2018-05-13 21:49:59', NULL),
(775, '12084', 'Guilderland', '2018-05-13 21:49:59', NULL),
(776, '12085', 'Guilderland Center', '2018-05-13 21:49:59', NULL),
(777, '12086', 'Hagaman', '2018-05-13 21:49:59', NULL),
(778, '12087', 'Hannacroix', '2018-05-13 21:49:59', NULL),
(779, '12089', 'Hoosick', '2018-05-13 21:49:59', NULL),
(780, '12090', 'Hoosick Falls', '2018-05-13 21:49:59', NULL),
(781, '12092', 'Howes Cave', '2018-05-13 21:49:59', NULL),
(782, '12093', 'Jefferson', '2018-05-13 21:49:59', NULL),
(783, '12094', 'Johnsonville', '2018-05-13 21:49:59', NULL),
(784, '12095', 'Johnstown', '2018-05-13 21:49:59', NULL),
(785, '12106', 'Kinderhook', '2018-05-13 21:49:59', NULL),
(786, '12107', 'Knox', '2018-05-13 21:49:59', NULL),
(787, '12108', 'Lake Pleasant', '2018-05-13 21:49:59', NULL),
(788, '12110', 'Latham', '2018-05-13 21:49:59', NULL),
(789, '12115', 'Malden Bridge', '2018-05-13 21:49:59', NULL),
(790, '12116', 'Maryland', '2018-05-13 21:49:59', NULL),
(791, '12117', 'Mayfield', '2018-05-13 21:49:59', NULL),
(792, '12118', 'Mechanicville', '2018-05-13 21:49:59', NULL),
(793, '12120', 'Medusa', '2018-05-13 21:49:59', NULL),
(794, '12121', 'Melrose', '2018-05-13 21:49:59', NULL),
(795, '12122', 'Middleburgh', '2018-05-13 21:49:59', NULL),
(796, '12123', 'Nassau', '2018-05-13 21:49:59', NULL),
(797, '12124', 'New Baltimore', '2018-05-13 21:49:59', NULL),
(798, '12125', 'New Lebanon', '2018-05-13 21:49:59', NULL),
(799, '12128', 'Newtonville', '2018-05-13 21:49:59', NULL),
(800, '12130', 'Niverville', '2018-05-13 21:49:59', NULL),
(801, '12131', 'North Blenheim', '2018-05-13 21:49:59', NULL),
(802, '12132', 'North Chatham', '2018-05-13 21:49:59', NULL),
(803, '12133', 'North Hoosick', '2018-05-13 21:49:59', NULL),
(804, '12134', 'Northville', '2018-05-13 21:49:59', NULL),
(805, '12136', 'Old Chatham', '2018-05-13 21:49:59', NULL),
(806, '12137', 'Pattersonville', '2018-05-13 21:49:59', NULL),
(807, '12138', 'Petersburg', '2018-05-13 21:49:59', NULL),
(808, '12139', 'Piseco', '2018-05-13 21:49:59', NULL),
(809, '12140', 'Poestenkill', '2018-05-13 21:49:59', NULL),
(810, '12141', 'Quaker Street', '2018-05-13 21:49:59', NULL),
(811, '12143', 'Ravena', '2018-05-13 21:49:59', NULL),
(812, '12144', 'Rensselaer', '2018-05-13 21:49:59', NULL),
(813, '12147', 'Rensselaerville', '2018-05-13 21:49:59', NULL),
(814, '12148', 'Rexford', '2018-05-13 21:49:59', NULL),
(815, '12149', 'Richmondville', '2018-05-13 21:49:59', NULL),
(816, '12150', 'Rotterdam Junction', '2018-05-13 21:49:59', NULL),
(817, '12151', 'Round Lake', '2018-05-13 21:49:59', NULL),
(818, '12153', 'Sand Lake', '2018-05-13 21:49:59', NULL),
(819, '12154', 'Schaghticoke', '2018-05-13 21:49:59', NULL),
(820, '12155', 'Schenevus', '2018-05-13 21:49:59', NULL),
(821, '12156', 'Schodack Landing', '2018-05-13 21:49:59', NULL),
(822, '12157', 'Schoharie', '2018-05-13 21:49:59', NULL),
(823, '12158', 'Selkirk', '2018-05-13 21:49:59', NULL),
(824, '12159', 'Slingerlands', '2018-05-13 21:49:59', NULL),
(825, '12160', 'Sloansville', '2018-05-13 21:49:59', NULL),
(826, '12161', 'South Bethlehem', '2018-05-13 21:49:59', NULL),
(827, '12164', 'Speculator', '2018-05-13 21:49:59', NULL),
(828, '12165', 'Spencertown', '2018-05-13 21:49:59', NULL),
(829, '12166', 'Sprakers', '2018-05-13 21:49:59', NULL),
(830, '12167', 'Stamford', '2018-05-13 21:49:59', NULL),
(831, '12168', 'Stephentown', '2018-05-13 21:49:59', NULL),
(832, '12169', 'Stephentown', '2018-05-13 21:49:59', NULL),
(833, '12170', 'Stillwater', '2018-05-13 21:49:59', NULL),
(834, '12172', 'Stottville', '2018-05-13 21:49:59', NULL),
(835, '12173', 'Stuyvesant', '2018-05-13 21:49:59', NULL),
(836, '12174', 'Stuyvesant Falls', '2018-05-13 21:49:59', NULL),
(837, '12175', 'Summit', '2018-05-13 21:49:59', NULL),
(838, '12176', 'Surprise', '2018-05-13 21:49:59', NULL),
(839, '12177', 'Tribes Hill', '2018-05-13 21:49:59', NULL),
(840, '12180', 'Troy', '2018-05-13 21:49:59', NULL),
(841, '12181', 'Troy', '2018-05-13 21:49:59', NULL),
(842, '12182', 'Troy', '2018-05-13 21:49:59', NULL),
(843, '12183', 'Troy', '2018-05-13 21:49:59', NULL),
(844, '12184', 'Valatie', '2018-05-13 21:49:59', NULL),
(845, '12185', 'Valley Falls', '2018-05-13 21:49:59', NULL),
(846, '12186', 'Voorheesville', '2018-05-13 21:49:59', NULL),
(847, '12187', 'Warnerville', '2018-05-13 21:49:59', NULL),
(848, '12188', 'Waterford', '2018-05-13 21:49:59', NULL),
(849, '12189', 'Watervliet', '2018-05-13 21:49:59', NULL),
(850, '12190', 'Wells', '2018-05-13 21:49:59', NULL),
(851, '12192', 'West Coxsackie', '2018-05-13 21:49:59', NULL),
(852, '12193', 'Westerlo', '2018-05-13 21:49:59', NULL),
(853, '12194', 'West Fulton', '2018-05-13 21:49:59', NULL),
(854, '12195', 'West Lebanon', '2018-05-13 21:49:59', NULL),
(855, '12196', 'West Sand Lake', '2018-05-13 21:49:59', NULL),
(856, '12197', 'Worcester', '2018-05-13 21:49:59', NULL),
(857, '12198', 'Wynantskill', '2018-05-13 21:49:59', NULL),
(858, '12201', 'Albany', '2018-05-13 21:49:59', NULL),
(859, '12202', 'Albany', '2018-05-13 21:49:59', NULL),
(860, '12203', 'Albany', '2018-05-13 21:49:59', NULL),
(861, '12204', 'Albany', '2018-05-13 21:49:59', NULL),
(862, '12205', 'Albany', '2018-05-13 21:49:59', NULL),
(863, '12206', 'Albany', '2018-05-13 21:49:59', NULL),
(864, '12207', 'Albany', '2018-05-13 21:49:59', NULL),
(865, '12208', 'Albany', '2018-05-13 21:49:59', NULL),
(866, '12209', 'Albany', '2018-05-13 21:49:59', NULL),
(867, '12210', 'Albany', '2018-05-13 21:49:59', NULL),
(868, '12211', 'Albany', '2018-05-13 21:49:59', NULL),
(869, '12212', 'Albany', '2018-05-13 21:49:59', NULL),
(870, '12214', 'Albany', '2018-05-13 21:49:59', NULL),
(871, '12220', 'Albany', '2018-05-13 21:49:59', NULL),
(872, '12222', 'Albany', '2018-05-13 21:49:59', NULL),
(873, '12223', 'Albany', '2018-05-13 21:49:59', NULL),
(874, '12224', 'Albany', '2018-05-13 21:49:59', NULL),
(875, '12225', 'Albany', '2018-05-13 21:49:59', NULL),
(876, '12226', 'Albany', '2018-05-13 21:49:59', NULL),
(877, '12227', 'Albany', '2018-05-13 21:49:59', NULL),
(878, '12228', 'Albany', '2018-05-13 21:49:59', NULL),
(879, '12229', 'Albany', '2018-05-13 21:49:59', NULL),
(880, '12230', 'Albany', '2018-05-13 21:49:59', NULL),
(881, '12231', 'Albany', '2018-05-13 21:49:59', NULL),
(882, '12232', 'Albany', '2018-05-13 21:49:59', NULL),
(883, '12233', 'Albany', '2018-05-13 21:49:59', NULL),
(884, '12234', 'Albany', '2018-05-13 21:49:59', NULL),
(885, '12235', 'Albany', '2018-05-13 21:49:59', NULL),
(886, '12236', 'Albany', '2018-05-13 21:49:59', NULL),
(887, '12237', 'Albany', '2018-05-13 21:49:59', NULL);
INSERT INTO `pd_zipcodes-old` (`id_zipcode`, `zipcode`, `name`, `idate`, `udate`) VALUES
(888, '12238', 'Albany', '2018-05-13 21:49:59', NULL),
(889, '12239', 'Albany', '2018-05-13 21:49:59', NULL),
(890, '12240', 'Albany', '2018-05-13 21:49:59', NULL),
(891, '12241', 'Albany', '2018-05-13 21:49:59', NULL),
(892, '12242', 'Albany', '2018-05-13 21:49:59', NULL),
(893, '12243', 'Albany', '2018-05-13 21:49:59', NULL),
(894, '12244', 'Albany', '2018-05-13 21:49:59', NULL),
(895, '12245', 'Albany', '2018-05-13 21:49:59', NULL),
(896, '12246', 'Albany', '2018-05-13 21:49:59', NULL),
(897, '12247', 'Albany', '2018-05-13 21:49:59', NULL),
(898, '12248', 'Albany', '2018-05-13 21:49:59', NULL),
(899, '12249', 'Albany', '2018-05-13 21:49:59', NULL),
(900, '12250', 'Albany', '2018-05-13 21:49:59', NULL),
(901, '12252', 'Albany', '2018-05-13 21:49:59', NULL),
(902, '12255', 'Albany', '2018-05-13 21:49:59', NULL),
(903, '12256', 'Albany', '2018-05-13 21:49:59', NULL),
(904, '12257', 'Albany', '2018-05-13 21:49:59', NULL),
(905, '12260', 'Albany', '2018-05-13 21:49:59', NULL),
(906, '12261', 'Albany', '2018-05-13 21:49:59', NULL),
(907, '12288', 'Albany', '2018-05-13 21:49:59', NULL),
(908, '12301', 'Schenectady', '2018-05-13 21:49:59', NULL),
(909, '12302', 'Schenectady', '2018-05-13 21:49:59', NULL),
(910, '12303', 'Schenectady', '2018-05-13 21:49:59', NULL),
(911, '12304', 'Schenectady', '2018-05-13 21:49:59', NULL),
(912, '12305', 'Schenectady', '2018-05-13 21:49:59', NULL),
(913, '12306', 'Schenectady', '2018-05-13 21:49:59', NULL),
(914, '12307', 'Schenectady', '2018-05-13 21:49:59', NULL),
(915, '12308', 'Schenectady', '2018-05-13 21:49:59', NULL),
(916, '12309', 'Schenectady', '2018-05-13 21:49:59', NULL),
(917, '12325', 'Schenectady', '2018-05-13 21:49:59', NULL),
(918, '12345', 'Schenectady', '2018-05-13 21:49:59', NULL),
(919, '12401', 'Kingston', '2018-05-13 21:49:59', NULL),
(920, '12402', 'Kingston', '2018-05-13 21:49:59', NULL),
(921, '12404', 'Accord', '2018-05-13 21:49:59', NULL),
(922, '12405', 'Acra', '2018-05-13 21:49:59', NULL),
(923, '12406', 'Arkville', '2018-05-13 21:49:59', NULL),
(924, '12407', 'Ashland', '2018-05-13 21:49:59', NULL),
(925, '12409', 'Bearsville', '2018-05-13 21:49:59', NULL),
(926, '12410', 'Big Indian', '2018-05-13 21:49:59', NULL),
(927, '12411', 'Bloomington', '2018-05-13 21:49:59', NULL),
(928, '12412', 'Boiceville', '2018-05-13 21:49:59', NULL),
(929, '12413', 'Cairo', '2018-05-13 21:49:59', NULL),
(930, '12414', 'Catskill', '2018-05-13 21:49:59', NULL),
(931, '12416', 'Chichester', '2018-05-13 21:49:59', NULL),
(932, '12417', 'Connelly', '2018-05-13 21:49:59', NULL),
(933, '12418', 'Cornwallville', '2018-05-13 21:49:59', NULL),
(934, '12419', 'Cottekill', '2018-05-13 21:49:59', NULL),
(935, '12420', 'Cragsmoor', '2018-05-13 21:49:59', NULL),
(936, '12421', 'Denver', '2018-05-13 21:49:59', NULL),
(937, '12422', 'Durham', '2018-05-13 21:49:59', NULL),
(938, '12423', 'East Durham', '2018-05-13 21:49:59', NULL),
(939, '12424', 'East Jewett', '2018-05-13 21:49:59', NULL),
(940, '12427', 'Elka Park', '2018-05-13 21:49:59', NULL),
(941, '12428', 'Ellenville', '2018-05-13 21:49:59', NULL),
(942, '12429', 'Esopus', '2018-05-13 21:49:59', NULL),
(943, '12430', 'Fleischmanns', '2018-05-13 21:49:59', NULL),
(944, '12431', 'Freehold', '2018-05-13 21:49:59', NULL),
(945, '12432', 'Glasco', '2018-05-13 21:49:59', NULL),
(946, '12433', 'Glenford', '2018-05-13 21:49:59', NULL),
(947, '12434', 'Grand Gorge', '2018-05-13 21:49:59', NULL),
(948, '12435', 'Greenfield Park', '2018-05-13 21:49:59', NULL),
(949, '12436', 'Haines Falls', '2018-05-13 21:49:59', NULL),
(950, '12438', 'Halcottsville', '2018-05-13 21:49:59', NULL),
(951, '12439', 'Hensonville', '2018-05-13 21:49:59', NULL),
(952, '12440', 'High Falls', '2018-05-13 21:49:59', NULL),
(953, '12441', 'Highmount', '2018-05-13 21:49:59', NULL),
(954, '12442', 'Hunter', '2018-05-13 21:49:59', NULL),
(955, '12443', 'Hurley', '2018-05-13 21:49:59', NULL),
(956, '12444', 'Jewett', '2018-05-13 21:49:59', NULL),
(957, '12446', 'Kerhonkson', '2018-05-13 21:49:59', NULL),
(958, '12448', 'Lake Hill', '2018-05-13 21:49:59', NULL),
(959, '12449', 'Lake Katrine', '2018-05-13 21:49:59', NULL),
(960, '12450', 'Lanesville', '2018-05-13 21:49:59', NULL),
(961, '12451', 'Leeds', '2018-05-13 21:49:59', NULL),
(962, '12452', 'Lexington', '2018-05-13 21:49:59', NULL),
(963, '12453', 'Malden On Hudson', '2018-05-13 21:49:59', NULL),
(964, '12454', 'Maplecrest', '2018-05-13 21:49:59', NULL),
(965, '12455', 'Margaretville', '2018-05-13 21:49:59', NULL),
(966, '12456', 'Mount Marion', '2018-05-13 21:49:59', NULL),
(967, '12457', 'Mount Tremper', '2018-05-13 21:49:59', NULL),
(968, '12458', 'Napanoch', '2018-05-13 21:49:59', NULL),
(969, '12459', 'New Kingston', '2018-05-13 21:49:59', NULL),
(970, '12460', 'Oak Hill', '2018-05-13 21:49:59', NULL),
(971, '12461', 'Olivebridge', '2018-05-13 21:49:59', NULL),
(972, '12463', 'Palenville', '2018-05-13 21:49:59', NULL),
(973, '12464', 'Phoenicia', '2018-05-13 21:49:59', NULL),
(974, '12465', 'Pine Hill', '2018-05-13 21:49:59', NULL),
(975, '12466', 'Port Ewen', '2018-05-13 21:49:59', NULL),
(976, '12468', 'Prattsville', '2018-05-13 21:49:59', NULL),
(977, '12469', 'Preston Hollow', '2018-05-13 21:49:59', NULL),
(978, '12470', 'Purling', '2018-05-13 21:49:59', NULL),
(979, '12471', 'Rifton', '2018-05-13 21:49:59', NULL),
(980, '12472', 'Rosendale', '2018-05-13 21:49:59', NULL),
(981, '12473', 'Round Top', '2018-05-13 21:49:59', NULL),
(982, '12474', 'Roxbury', '2018-05-13 21:49:59', NULL),
(983, '12475', 'Ruby', '2018-05-13 21:49:59', NULL),
(984, '12477', 'Saugerties', '2018-05-13 21:49:59', NULL),
(985, '12480', 'Shandaken', '2018-05-13 21:49:59', NULL),
(986, '12481', 'Shokan', '2018-05-13 21:49:59', NULL),
(987, '12482', 'South Cairo', '2018-05-13 21:49:59', NULL),
(988, '12483', 'Spring Glen', '2018-05-13 21:49:59', NULL),
(989, '12484', 'Stone Ridge', '2018-05-13 21:49:59', NULL),
(990, '12485', 'Tannersville', '2018-05-13 21:49:59', NULL),
(991, '12486', 'Tillson', '2018-05-13 21:49:59', NULL),
(992, '12487', 'Ulster Park', '2018-05-13 21:49:59', NULL),
(993, '12489', 'Wawarsing', '2018-05-13 21:49:59', NULL),
(994, '12490', 'West Camp', '2018-05-13 21:49:59', NULL),
(995, '12491', 'West Hurley', '2018-05-13 21:49:59', NULL),
(996, '12492', 'West Kill', '2018-05-13 21:49:59', NULL),
(997, '12493', 'West Park', '2018-05-13 21:49:59', NULL),
(998, '12494', 'West Shokan', '2018-05-13 21:49:59', NULL),
(999, '12495', 'Willow', '2018-05-13 21:49:59', NULL),
(1000, '12496', 'Windham', '2018-05-13 21:49:59', NULL),
(1001, '12498', 'Woodstock', '2018-05-13 21:49:59', NULL),
(1002, '12501', 'Amenia', '2018-05-13 21:49:59', NULL),
(1003, '12502', 'Ancram', '2018-05-13 21:49:59', NULL),
(1004, '12503', 'Ancramdale', '2018-05-13 21:49:59', NULL),
(1005, '12504', 'Annandale On Hudson', '2018-05-13 21:49:59', NULL),
(1006, '12506', 'Bangall', '2018-05-13 21:49:59', NULL),
(1007, '12507', 'Barrytown', '2018-05-13 21:49:59', NULL),
(1008, '12508', 'Beacon', '2018-05-13 21:49:59', NULL),
(1009, '12510', 'Billings', '2018-05-13 21:49:59', NULL),
(1010, '12511', 'Castle Point', '2018-05-13 21:49:59', NULL),
(1011, '12512', 'Chelsea', '2018-05-13 21:49:59', NULL),
(1012, '12513', 'Claverack', '2018-05-13 21:49:59', NULL),
(1013, '12514', 'Clinton Corners', '2018-05-13 21:49:59', NULL),
(1014, '12515', 'Clintondale', '2018-05-13 21:49:59', NULL),
(1015, '12516', 'Copake', '2018-05-13 21:49:59', NULL),
(1016, '12517', 'Copake Falls', '2018-05-13 21:49:59', NULL),
(1017, '12518', 'Cornwall', '2018-05-13 21:49:59', NULL),
(1018, '12520', 'Cornwall On Hudson', '2018-05-13 21:49:59', NULL),
(1019, '12521', 'Craryville', '2018-05-13 21:49:59', NULL),
(1020, '12522', 'Dover Plains', '2018-05-13 21:49:59', NULL),
(1021, '12523', 'Elizaville', '2018-05-13 21:49:59', NULL),
(1022, '12524', 'Fishkill', '2018-05-13 21:49:59', NULL),
(1023, '12525', 'Gardiner', '2018-05-13 21:49:59', NULL),
(1024, '12526', 'Germantown', '2018-05-13 21:49:59', NULL),
(1025, '12527', 'Glenham', '2018-05-13 21:49:59', NULL),
(1026, '12528', 'Highland', '2018-05-13 21:49:59', NULL),
(1027, '12529', 'Hillsdale', '2018-05-13 21:49:59', NULL),
(1028, '12530', 'Hollowville', '2018-05-13 21:49:59', NULL),
(1029, '12531', 'Holmes', '2018-05-13 21:49:59', NULL),
(1030, '12533', 'Hopewell Junction', '2018-05-13 21:49:59', NULL),
(1031, '12534', 'Hudson', '2018-05-13 21:49:59', NULL),
(1032, '12537', 'Hughsonville', '2018-05-13 21:49:59', NULL),
(1033, '12538', 'Hyde Park', '2018-05-13 21:49:59', NULL),
(1034, '12540', 'Lagrangeville', '2018-05-13 21:49:59', NULL),
(1035, '12541', 'Livingston', '2018-05-13 21:49:59', NULL),
(1036, '12542', 'Marlboro', '2018-05-13 21:49:59', NULL),
(1037, '12543', 'Maybrook', '2018-05-13 21:49:59', NULL),
(1038, '12544', 'Mellenville', '2018-05-13 21:49:59', NULL),
(1039, '12545', 'Millbrook', '2018-05-13 21:49:59', NULL),
(1040, '12546', 'Millerton', '2018-05-13 21:49:59', NULL),
(1041, '12547', 'Milton', '2018-05-13 21:49:59', NULL),
(1042, '12548', 'Modena', '2018-05-13 21:49:59', NULL),
(1043, '12549', 'Montgomery', '2018-05-13 21:49:59', NULL),
(1044, '12550', 'Newburgh', '2018-05-13 21:49:59', NULL),
(1045, '12551', 'Newburgh', '2018-05-13 21:49:59', NULL),
(1046, '12552', 'Newburgh', '2018-05-13 21:49:59', NULL),
(1047, '12553', 'New Windsor', '2018-05-13 21:49:59', NULL),
(1048, '12555', 'Newburgh', '2018-05-13 21:49:59', NULL),
(1049, '12561', 'New Paltz', '2018-05-13 21:49:59', NULL),
(1050, '12563', 'Patterson', '2018-05-13 21:49:59', NULL),
(1051, '12564', 'Pawling', '2018-05-13 21:49:59', NULL),
(1052, '12565', 'Philmont', '2018-05-13 21:49:59', NULL),
(1053, '12566', 'Pine Bush', '2018-05-13 21:49:59', NULL),
(1054, '12567', 'Pine Plains', '2018-05-13 21:49:59', NULL),
(1055, '12568', 'Plattekill', '2018-05-13 21:49:59', NULL),
(1056, '12569', 'Pleasant Valley', '2018-05-13 21:49:59', NULL),
(1057, '12570', 'Poughquag', '2018-05-13 21:49:59', NULL),
(1058, '12571', 'Red Hook', '2018-05-13 21:49:59', NULL),
(1059, '12572', 'Rhinebeck', '2018-05-13 21:49:59', NULL),
(1060, '12574', 'Rhinecliff', '2018-05-13 21:49:59', NULL),
(1061, '12575', 'Rock Tavern', '2018-05-13 21:49:59', NULL),
(1062, '12577', 'Salisbury Mills', '2018-05-13 21:49:59', NULL),
(1063, '12578', 'Salt Point', '2018-05-13 21:49:59', NULL),
(1064, '12580', 'Staatsburg', '2018-05-13 21:49:59', NULL),
(1065, '12581', 'Stanfordville', '2018-05-13 21:49:59', NULL),
(1066, '12582', 'Stormville', '2018-05-13 21:49:59', NULL),
(1067, '12583', 'Tivoli', '2018-05-13 21:49:59', NULL),
(1068, '12584', 'Vails Gate', '2018-05-13 21:49:59', NULL),
(1069, '12585', 'Verbank', '2018-05-13 21:49:59', NULL),
(1070, '12586', 'Walden', '2018-05-13 21:49:59', NULL),
(1071, '12588', 'Walker Valley', '2018-05-13 21:49:59', NULL),
(1072, '12589', 'Wallkill', '2018-05-13 21:49:59', NULL),
(1073, '12590', 'Wappingers Falls', '2018-05-13 21:49:59', NULL),
(1074, '12592', 'Wassaic', '2018-05-13 21:49:59', NULL),
(1075, '12593', 'West Copake', '2018-05-13 21:49:59', NULL),
(1076, '12594', 'Wingdale', '2018-05-13 21:49:59', NULL),
(1077, '12601', 'Poughkeepsie', '2018-05-13 21:49:59', NULL),
(1078, '12602', 'Poughkeepsie', '2018-05-13 21:49:59', NULL),
(1079, '12603', 'Poughkeepsie', '2018-05-13 21:49:59', NULL),
(1080, '12604', 'Poughkeepsie', '2018-05-13 21:49:59', NULL),
(1081, '12701', 'Monticello', '2018-05-13 21:49:59', NULL),
(1082, '12719', 'Barryville', '2018-05-13 21:49:59', NULL),
(1083, '12720', 'Bethel', '2018-05-13 21:49:59', NULL),
(1084, '12721', 'Bloomingburg', '2018-05-13 21:49:59', NULL),
(1085, '12722', 'Burlingham', '2018-05-13 21:49:59', NULL),
(1086, '12723', 'Callicoon', '2018-05-13 21:49:59', NULL),
(1087, '12724', 'Callicoon Center', '2018-05-13 21:49:59', NULL),
(1088, '12725', 'Claryville', '2018-05-13 21:49:59', NULL),
(1089, '12726', 'Cochecton', '2018-05-13 21:49:59', NULL),
(1090, '12727', 'Cochecton Center', '2018-05-13 21:49:59', NULL),
(1091, '12729', 'Cuddebackville', '2018-05-13 21:49:59', NULL),
(1092, '12732', 'Eldred', '2018-05-13 21:49:59', NULL),
(1093, '12733', 'Fallsburg', '2018-05-13 21:49:59', NULL),
(1094, '12734', 'Ferndale', '2018-05-13 21:49:59', NULL),
(1095, '12736', 'Fremont Center', '2018-05-13 21:49:59', NULL),
(1096, '12737', 'Glen Spey', '2018-05-13 21:49:59', NULL),
(1097, '12738', 'Glen Wild', '2018-05-13 21:49:59', NULL),
(1098, '12740', 'Grahamsville', '2018-05-13 21:49:59', NULL),
(1099, '12741', 'Hankins', '2018-05-13 21:49:59', NULL),
(1100, '12742', 'Harris', '2018-05-13 21:49:59', NULL),
(1101, '12743', 'Highland Lake', '2018-05-13 21:49:59', NULL),
(1102, '12745', 'Hortonville', '2018-05-13 21:49:59', NULL),
(1103, '12746', 'Huguenot', '2018-05-13 21:49:59', NULL),
(1104, '12747', 'Hurleyville', '2018-05-13 21:49:59', NULL),
(1105, '12748', 'Jeffersonville', '2018-05-13 21:49:59', NULL),
(1106, '12749', 'Kauneonga Lake', '2018-05-13 21:49:59', NULL),
(1107, '12750', 'Kenoza Lake', '2018-05-13 21:49:59', NULL),
(1108, '12751', 'Kiamesha Lake', '2018-05-13 21:49:59', NULL),
(1109, '12752', 'Lake Huntington', '2018-05-13 21:49:59', NULL),
(1110, '12754', 'Liberty', '2018-05-13 21:49:59', NULL),
(1111, '12758', 'Livingston Manor', '2018-05-13 21:49:59', NULL),
(1112, '12759', 'Loch Sheldrake', '2018-05-13 21:49:59', NULL),
(1113, '12760', 'Long Eddy', '2018-05-13 21:49:59', NULL),
(1114, '12762', 'Mongaup Valley', '2018-05-13 21:49:59', NULL),
(1115, '12763', 'Mountain Dale', '2018-05-13 21:49:59', NULL),
(1116, '12764', 'Narrowsburg', '2018-05-13 21:49:59', NULL),
(1117, '12765', 'Neversink', '2018-05-13 21:49:59', NULL),
(1118, '12766', 'North Branch', '2018-05-13 21:49:59', NULL),
(1119, '12767', 'Obernburg', '2018-05-13 21:49:59', NULL),
(1120, '12768', 'Parksville', '2018-05-13 21:49:59', NULL),
(1121, '12769', 'Phillipsport', '2018-05-13 21:49:59', NULL),
(1122, '12770', 'Pond Eddy', '2018-05-13 21:49:59', NULL),
(1123, '12771', 'Port Jervis', '2018-05-13 21:49:59', NULL),
(1124, '12775', 'Rock Hill', '2018-05-13 21:49:59', NULL),
(1125, '12776', 'Roscoe', '2018-05-13 21:49:59', NULL),
(1126, '12777', 'Forestburgh', '2018-05-13 21:49:59', NULL),
(1127, '12778', 'Smallwood', '2018-05-13 21:49:59', NULL),
(1128, '12779', 'South Fallsburg', '2018-05-13 21:49:59', NULL),
(1129, '12780', 'Sparrow Bush', '2018-05-13 21:49:59', NULL),
(1130, '12781', 'Summitville', '2018-05-13 21:49:59', NULL),
(1131, '12783', 'Swan Lake', '2018-05-13 21:49:59', NULL),
(1132, '12784', 'Thompsonville', '2018-05-13 21:49:59', NULL),
(1133, '12785', 'Westbrookville', '2018-05-13 21:49:59', NULL),
(1134, '12786', 'White Lake', '2018-05-13 21:49:59', NULL),
(1135, '12787', 'White Sulphur Springs', '2018-05-13 21:49:59', NULL),
(1136, '12788', 'Woodbourne', '2018-05-13 21:49:59', NULL),
(1137, '12789', 'Woodridge', '2018-05-13 21:49:59', NULL),
(1138, '12790', 'Wurtsboro', '2018-05-13 21:49:59', NULL),
(1139, '12791', 'Youngsville', '2018-05-13 21:49:59', NULL),
(1140, '12792', 'Yulan', '2018-05-13 21:49:59', NULL),
(1141, '12801', 'Glens Falls', '2018-05-13 21:49:59', NULL),
(1142, '12803', 'South Glens Falls', '2018-05-13 21:49:59', NULL),
(1143, '12804', 'Queensbury', '2018-05-13 21:49:59', NULL),
(1144, '12808', 'Adirondack', '2018-05-13 21:49:59', NULL),
(1145, '12809', 'Argyle', '2018-05-13 21:49:59', NULL),
(1146, '12810', 'Athol', '2018-05-13 21:49:59', NULL),
(1147, '12811', 'Bakers Mills', '2018-05-13 21:49:59', NULL),
(1148, '12812', 'Blue Mountain Lake', '2018-05-13 21:49:59', NULL),
(1149, '12814', 'Bolton Landing', '2018-05-13 21:49:59', NULL),
(1150, '12815', 'Brant Lake', '2018-05-13 21:49:59', NULL),
(1151, '12816', 'Cambridge', '2018-05-13 21:49:59', NULL),
(1152, '12817', 'Chestertown', '2018-05-13 21:49:59', NULL),
(1153, '12819', 'Clemons', '2018-05-13 21:49:59', NULL),
(1154, '12820', 'Cleverdale', '2018-05-13 21:49:59', NULL),
(1155, '12821', 'Comstock', '2018-05-13 21:49:59', NULL),
(1156, '12822', 'Corinth', '2018-05-13 21:49:59', NULL),
(1157, '12823', 'Cossayuna', '2018-05-13 21:49:59', NULL),
(1158, '12824', 'Diamond Point', '2018-05-13 21:49:59', NULL),
(1159, '12827', 'Fort Ann', '2018-05-13 21:49:59', NULL),
(1160, '12828', 'Fort Edward', '2018-05-13 21:49:59', NULL),
(1161, '12831', 'Gansevoort', '2018-05-13 21:49:59', NULL),
(1162, '12832', 'Granville', '2018-05-13 21:49:59', NULL),
(1163, '12833', 'Greenfield Center', '2018-05-13 21:49:59', NULL),
(1164, '12834', 'Greenwich', '2018-05-13 21:49:59', NULL),
(1165, '12835', 'Hadley', '2018-05-13 21:49:59', NULL),
(1166, '12836', 'Hague', '2018-05-13 21:49:59', NULL),
(1167, '12837', 'Hampton', '2018-05-13 21:49:59', NULL),
(1168, '12838', 'Hartford', '2018-05-13 21:49:59', NULL),
(1169, '12839', 'Hudson Falls', '2018-05-13 21:49:59', NULL),
(1170, '12841', 'Huletts Landing', '2018-05-13 21:49:59', NULL),
(1171, '12842', 'Indian Lake', '2018-05-13 21:49:59', NULL),
(1172, '12843', 'Johnsburg', '2018-05-13 21:49:59', NULL),
(1173, '12844', 'Kattskill Bay', '2018-05-13 21:49:59', NULL),
(1174, '12845', 'Lake George', '2018-05-13 21:49:59', NULL),
(1175, '12846', 'Lake Luzerne', '2018-05-13 21:49:59', NULL),
(1176, '12847', 'Long Lake', '2018-05-13 21:49:59', NULL),
(1177, '12848', 'Middle Falls', '2018-05-13 21:49:59', NULL),
(1178, '12849', 'Middle Granville', '2018-05-13 21:49:59', NULL),
(1179, '12850', 'Middle Grove', '2018-05-13 21:49:59', NULL),
(1180, '12851', 'Minerva', '2018-05-13 21:49:59', NULL),
(1181, '12852', 'Newcomb', '2018-05-13 21:49:59', NULL),
(1182, '12853', 'North Creek', '2018-05-13 21:49:59', NULL),
(1183, '12854', 'North Granville', '2018-05-13 21:49:59', NULL),
(1184, '12855', 'North Hudson', '2018-05-13 21:49:59', NULL),
(1185, '12856', 'North River', '2018-05-13 21:49:59', NULL),
(1186, '12857', 'Olmstedville', '2018-05-13 21:49:59', NULL),
(1187, '12858', 'Paradox', '2018-05-13 21:49:59', NULL),
(1188, '12859', 'Porter Corners', '2018-05-13 21:49:59', NULL),
(1189, '12860', 'Pottersville', '2018-05-13 21:49:59', NULL),
(1190, '12861', 'Putnam Station', '2018-05-13 21:49:59', NULL),
(1191, '12862', 'Riparius', '2018-05-13 21:49:59', NULL),
(1192, '12863', 'Rock City Falls', '2018-05-13 21:49:59', NULL),
(1193, '12864', 'Sabael', '2018-05-13 21:49:59', NULL),
(1194, '12865', 'Salem', '2018-05-13 21:49:59', NULL),
(1195, '12866', 'Saratoga Springs', '2018-05-13 21:49:59', NULL),
(1196, '12870', 'Schroon Lake', '2018-05-13 21:49:59', NULL),
(1197, '12871', 'Schuylerville', '2018-05-13 21:49:59', NULL),
(1198, '12872', 'Severance', '2018-05-13 21:49:59', NULL),
(1199, '12873', 'Shushan', '2018-05-13 21:49:59', NULL),
(1200, '12874', 'Silver Bay', '2018-05-13 21:49:59', NULL),
(1201, '12878', 'Stony Creek', '2018-05-13 21:49:59', NULL),
(1202, '12879', 'Newcomb', '2018-05-13 21:49:59', NULL),
(1203, '12883', 'Ticonderoga', '2018-05-13 21:49:59', NULL),
(1204, '12884', 'Victory Mills', '2018-05-13 21:49:59', NULL),
(1205, '12885', 'Warrensburg', '2018-05-13 21:49:59', NULL),
(1206, '12886', 'Wevertown', '2018-05-13 21:49:59', NULL),
(1207, '12887', 'Whitehall', '2018-05-13 21:49:59', NULL),
(1208, '12901', 'Plattsburgh', '2018-05-13 21:49:59', NULL),
(1209, '12903', 'Plattsburgh', '2018-05-13 21:49:59', NULL),
(1210, '12910', 'Altona', '2018-05-13 21:49:59', NULL),
(1211, '12911', 'Keeseville', '2018-05-13 21:49:59', NULL),
(1212, '12912', 'Au Sable Forks', '2018-05-13 21:49:59', NULL),
(1213, '12913', 'Bloomingdale', '2018-05-13 21:49:59', NULL),
(1214, '12914', 'Bombay', '2018-05-13 21:49:59', NULL),
(1215, '12915', 'Brainardsville', '2018-05-13 21:49:59', NULL),
(1216, '12916', 'Brushton', '2018-05-13 21:49:59', NULL),
(1217, '12917', 'Burke', '2018-05-13 21:49:59', NULL),
(1218, '12918', 'Cadyville', '2018-05-13 21:49:59', NULL),
(1219, '12919', 'Champlain', '2018-05-13 21:49:59', NULL),
(1220, '12920', 'Chateaugay', '2018-05-13 21:49:59', NULL),
(1221, '12921', 'Chazy', '2018-05-13 21:49:59', NULL),
(1222, '12922', 'Childwold', '2018-05-13 21:49:59', NULL),
(1223, '12923', 'Churubusco', '2018-05-13 21:49:59', NULL),
(1224, '12924', 'Keeseville', '2018-05-13 21:49:59', NULL),
(1225, '12926', 'Constable', '2018-05-13 21:49:59', NULL),
(1226, '12927', 'Cranberry Lake', '2018-05-13 21:49:59', NULL),
(1227, '12928', 'Crown Point', '2018-05-13 21:49:59', NULL),
(1228, '12929', 'Dannemora', '2018-05-13 21:49:59', NULL),
(1229, '12930', 'Dickinson Center', '2018-05-13 21:49:59', NULL),
(1230, '12932', 'Elizabethtown', '2018-05-13 21:49:59', NULL),
(1231, '12933', 'Ellenburg', '2018-05-13 21:49:59', NULL),
(1232, '12934', 'Ellenburg Center', '2018-05-13 21:49:59', NULL),
(1233, '12935', 'Ellenburg Depot', '2018-05-13 21:49:59', NULL),
(1234, '12936', 'Essex', '2018-05-13 21:49:59', NULL),
(1235, '12937', 'Fort Covington', '2018-05-13 21:49:59', NULL),
(1236, '12939', 'Gabriels', '2018-05-13 21:49:59', NULL),
(1237, '12941', 'Jay', '2018-05-13 21:49:59', NULL),
(1238, '12942', 'Keene', '2018-05-13 21:49:59', NULL),
(1239, '12943', 'Keene Valley', '2018-05-13 21:49:59', NULL),
(1240, '12944', 'Keeseville', '2018-05-13 21:49:59', NULL),
(1241, '12945', 'Lake Clear', '2018-05-13 21:49:59', NULL),
(1242, '12946', 'Lake Placid', '2018-05-13 21:49:59', NULL),
(1243, '12949', 'Lawrenceville', '2018-05-13 21:49:59', NULL),
(1244, '12950', 'Lewis', '2018-05-13 21:49:59', NULL),
(1245, '12952', 'Lyon Mountain', '2018-05-13 21:49:59', NULL),
(1246, '12953', 'Malone', '2018-05-13 21:49:59', NULL),
(1247, '12955', 'Lyon Mountain', '2018-05-13 21:49:59', NULL),
(1248, '12956', 'Mineville', '2018-05-13 21:49:59', NULL),
(1249, '12957', 'Moira', '2018-05-13 21:49:59', NULL),
(1250, '12958', 'Mooers', '2018-05-13 21:49:59', NULL),
(1251, '12959', 'Mooers Forks', '2018-05-13 21:49:59', NULL),
(1252, '12960', 'Moriah', '2018-05-13 21:49:59', NULL),
(1253, '12961', 'Moriah Center', '2018-05-13 21:49:59', NULL),
(1254, '12962', 'Morrisonville', '2018-05-13 21:49:59', NULL),
(1255, '12964', 'New Russia', '2018-05-13 21:49:59', NULL),
(1256, '12965', 'Nicholville', '2018-05-13 21:49:59', NULL),
(1257, '12966', 'North Bangor', '2018-05-13 21:49:59', NULL),
(1258, '12967', 'North Lawrence', '2018-05-13 21:49:59', NULL),
(1259, '12969', 'Owls Head', '2018-05-13 21:49:59', NULL),
(1260, '12970', 'Paul Smiths', '2018-05-13 21:49:59', NULL),
(1261, '12972', 'Peru', '2018-05-13 21:49:59', NULL),
(1262, '12973', 'Piercefield', '2018-05-13 21:49:59', NULL),
(1263, '12974', 'Port Henry', '2018-05-13 21:49:59', NULL),
(1264, '12975', 'Port Kent', '2018-05-13 21:49:59', NULL),
(1265, '12976', 'Rainbow Lake', '2018-05-13 21:49:59', NULL),
(1266, '12977', 'Ray Brook', '2018-05-13 21:49:59', NULL),
(1267, '12978', 'Redford', '2018-05-13 21:49:59', NULL),
(1268, '12979', 'Rouses Point', '2018-05-13 21:49:59', NULL),
(1269, '12980', 'Saint Regis Falls', '2018-05-13 21:49:59', NULL),
(1270, '12981', 'Saranac', '2018-05-13 21:49:59', NULL),
(1271, '12983', 'Saranac Lake', '2018-05-13 21:49:59', NULL),
(1272, '12985', 'Schuyler Falls', '2018-05-13 21:49:59', NULL),
(1273, '12986', 'Tupper Lake', '2018-05-13 21:49:59', NULL),
(1274, '12987', 'Upper Jay', '2018-05-13 21:49:59', NULL),
(1275, '12989', 'Vermontville', '2018-05-13 21:49:59', NULL),
(1276, '12992', 'West Chazy', '2018-05-13 21:49:59', NULL),
(1277, '12993', 'Westport', '2018-05-13 21:49:59', NULL),
(1278, '12995', 'Whippleville', '2018-05-13 21:49:59', NULL),
(1279, '12996', 'Willsboro', '2018-05-13 21:49:59', NULL),
(1280, '12997', 'Wilmington', '2018-05-13 21:49:59', NULL),
(1281, '12998', 'Witherbee', '2018-05-13 21:49:59', NULL),
(1282, '13020', 'Apulia Station', '2018-05-13 21:49:59', NULL),
(1283, '13021', 'Auburn', '2018-05-13 21:49:59', NULL),
(1284, '13022', 'Auburn', '2018-05-13 21:49:59', NULL),
(1285, '13024', 'Auburn', '2018-05-13 21:49:59', NULL),
(1286, '13026', 'Aurora', '2018-05-13 21:49:59', NULL),
(1287, '13027', 'Baldwinsville', '2018-05-13 21:49:59', NULL),
(1288, '13028', 'Bernhards Bay', '2018-05-13 21:49:59', NULL),
(1289, '13029', 'Brewerton', '2018-05-13 21:49:59', NULL),
(1290, '13030', 'Bridgeport', '2018-05-13 21:49:59', NULL),
(1291, '13031', 'Camillus', '2018-05-13 21:49:59', NULL),
(1292, '13032', 'Canastota', '2018-05-13 21:49:59', NULL),
(1293, '13033', 'Cato', '2018-05-13 21:49:59', NULL),
(1294, '13034', 'Cayuga', '2018-05-13 21:49:59', NULL),
(1295, '13035', 'Cazenovia', '2018-05-13 21:49:59', NULL),
(1296, '13036', 'Central Square', '2018-05-13 21:49:59', NULL),
(1297, '13037', 'Chittenango', '2018-05-13 21:49:59', NULL),
(1298, '13039', 'Cicero', '2018-05-13 21:49:59', NULL),
(1299, '13040', 'Cincinnatus', '2018-05-13 21:49:59', NULL),
(1300, '13041', 'Clay', '2018-05-13 21:49:59', NULL),
(1301, '13042', 'Cleveland', '2018-05-13 21:49:59', NULL),
(1302, '13043', 'Clockville', '2018-05-13 21:49:59', NULL),
(1303, '13044', 'Constantia', '2018-05-13 21:49:59', NULL),
(1304, '13045', 'Cortland', '2018-05-13 21:49:59', NULL),
(1305, '13051', 'Delphi Falls', '2018-05-13 21:49:59', NULL),
(1306, '13052', 'De Ruyter', '2018-05-13 21:49:59', NULL),
(1307, '13053', 'Dryden', '2018-05-13 21:49:59', NULL),
(1308, '13054', 'Durhamville', '2018-05-13 21:49:59', NULL),
(1309, '13056', 'East Homer', '2018-05-13 21:49:59', NULL),
(1310, '13057', 'East Syracuse', '2018-05-13 21:49:59', NULL),
(1311, '13060', 'Elbridge', '2018-05-13 21:49:59', NULL),
(1312, '13061', 'Erieville', '2018-05-13 21:49:59', NULL),
(1313, '13062', 'Etna', '2018-05-13 21:49:59', NULL),
(1314, '13063', 'Fabius', '2018-05-13 21:49:59', NULL),
(1315, '13064', 'Fair Haven', '2018-05-13 21:49:59', NULL),
(1316, '13065', 'Fayette', '2018-05-13 21:49:59', NULL),
(1317, '13066', 'Fayetteville', '2018-05-13 21:49:59', NULL),
(1318, '13068', 'Freeville', '2018-05-13 21:49:59', NULL),
(1319, '13069', 'Fulton', '2018-05-13 21:49:59', NULL),
(1320, '13071', 'Genoa', '2018-05-13 21:49:59', NULL),
(1321, '13072', 'Georgetown', '2018-05-13 21:49:59', NULL),
(1322, '13073', 'Groton', '2018-05-13 21:49:59', NULL),
(1323, '13074', 'Hannibal', '2018-05-13 21:49:59', NULL),
(1324, '13076', 'Hastings', '2018-05-13 21:49:59', NULL),
(1325, '13077', 'Homer', '2018-05-13 21:49:59', NULL),
(1326, '13078', 'Jamesville', '2018-05-13 21:49:59', NULL),
(1327, '13080', 'Jordan', '2018-05-13 21:49:59', NULL),
(1328, '13081', 'King Ferry', '2018-05-13 21:49:59', NULL),
(1329, '13082', 'Kirkville', '2018-05-13 21:49:59', NULL),
(1330, '13083', 'Lacona', '2018-05-13 21:49:59', NULL),
(1331, '13084', 'La Fayette', '2018-05-13 21:49:59', NULL),
(1332, '13087', 'Little York', '2018-05-13 21:49:59', NULL),
(1333, '13088', 'Liverpool', '2018-05-13 21:49:59', NULL),
(1334, '13089', 'Liverpool', '2018-05-13 21:49:59', NULL),
(1335, '13090', 'Liverpool', '2018-05-13 21:49:59', NULL),
(1336, '13092', 'Locke', '2018-05-13 21:49:59', NULL),
(1337, '13093', 'Lycoming', '2018-05-13 21:49:59', NULL),
(1338, '13101', 'Mc Graw', '2018-05-13 21:49:59', NULL),
(1339, '13102', 'Mc Lean', '2018-05-13 21:49:59', NULL),
(1340, '13103', 'Mallory', '2018-05-13 21:49:59', NULL),
(1341, '13104', 'Manlius', '2018-05-13 21:49:59', NULL),
(1342, '13107', 'Maple View', '2018-05-13 21:49:59', NULL),
(1343, '13108', 'Marcellus', '2018-05-13 21:49:59', NULL),
(1344, '13110', 'Marietta', '2018-05-13 21:49:59', NULL),
(1345, '13111', 'Martville', '2018-05-13 21:49:59', NULL),
(1346, '13112', 'Memphis', '2018-05-13 21:49:59', NULL),
(1347, '13113', 'Meridian', '2018-05-13 21:49:59', NULL),
(1348, '13114', 'Mexico', '2018-05-13 21:49:59', NULL),
(1349, '13115', 'Minetto', '2018-05-13 21:49:59', NULL),
(1350, '13116', 'Minoa', '2018-05-13 21:49:59', NULL),
(1351, '13117', 'Montezuma', '2018-05-13 21:49:59', NULL),
(1352, '13118', 'Moravia', '2018-05-13 21:49:59', NULL),
(1353, '13119', 'Mottville', '2018-05-13 21:49:59', NULL),
(1354, '13120', 'Nedrow', '2018-05-13 21:49:59', NULL),
(1355, '13121', 'New Haven', '2018-05-13 21:49:59', NULL),
(1356, '13122', 'New Woodstock', '2018-05-13 21:49:59', NULL),
(1357, '13123', 'North Bay', '2018-05-13 21:49:59', NULL),
(1358, '13124', 'North Pitcher', '2018-05-13 21:49:59', NULL),
(1359, '13126', 'Oswego', '2018-05-13 21:49:59', NULL),
(1360, '13131', 'Parish', '2018-05-13 21:49:59', NULL),
(1361, '13132', 'Pennellville', '2018-05-13 21:49:59', NULL),
(1362, '13134', 'Peterboro', '2018-05-13 21:49:59', NULL),
(1363, '13135', 'Phoenix', '2018-05-13 21:49:59', NULL),
(1364, '13136', 'Pitcher', '2018-05-13 21:49:59', NULL),
(1365, '13137', 'Plainville', '2018-05-13 21:49:59', NULL),
(1366, '13138', 'Pompey', '2018-05-13 21:49:59', NULL),
(1367, '13139', 'Poplar Ridge', '2018-05-13 21:49:59', NULL),
(1368, '13140', 'Port Byron', '2018-05-13 21:49:59', NULL),
(1369, '13141', 'Preble', '2018-05-13 21:49:59', NULL),
(1370, '13142', 'Pulaski', '2018-05-13 21:49:59', NULL),
(1371, '13143', 'Red Creek', '2018-05-13 21:49:59', NULL),
(1372, '13144', 'Richland', '2018-05-13 21:49:59', NULL),
(1373, '13145', 'Sandy Creek', '2018-05-13 21:49:59', NULL),
(1374, '13146', 'Savannah', '2018-05-13 21:49:59', NULL),
(1375, '13147', 'Scipio Center', '2018-05-13 21:49:59', NULL),
(1376, '13148', 'Seneca Falls', '2018-05-13 21:49:59', NULL),
(1377, '13152', 'Skaneateles', '2018-05-13 21:49:59', NULL),
(1378, '13153', 'Skaneateles Falls', '2018-05-13 21:49:59', NULL),
(1379, '13154', 'South Butler', '2018-05-13 21:49:59', NULL),
(1380, '13155', 'South Otselic', '2018-05-13 21:49:59', NULL),
(1381, '13156', 'Sterling', '2018-05-13 21:49:59', NULL),
(1382, '13157', 'Sylvan Beach', '2018-05-13 21:49:59', NULL),
(1383, '13158', 'Truxton', '2018-05-13 21:49:59', NULL),
(1384, '13159', 'Tully', '2018-05-13 21:49:59', NULL),
(1385, '13160', 'Union Springs', '2018-05-13 21:49:59', NULL),
(1386, '13162', 'Verona Beach', '2018-05-13 21:49:59', NULL),
(1387, '13163', 'Wampsville', '2018-05-13 21:49:59', NULL),
(1388, '13164', 'Warners', '2018-05-13 21:49:59', NULL),
(1389, '13165', 'Waterloo', '2018-05-13 21:49:59', NULL),
(1390, '13166', 'Weedsport', '2018-05-13 21:49:59', NULL),
(1391, '13167', 'West Monroe', '2018-05-13 21:49:59', NULL),
(1392, '13201', 'Syracuse', '2018-05-13 21:49:59', NULL),
(1393, '13202', 'Syracuse', '2018-05-13 21:49:59', NULL),
(1394, '13203', 'Syracuse', '2018-05-13 21:49:59', NULL),
(1395, '13204', 'Syracuse', '2018-05-13 21:49:59', NULL),
(1396, '13205', 'Syracuse', '2018-05-13 21:49:59', NULL),
(1397, '13206', 'Syracuse', '2018-05-13 21:49:59', NULL),
(1398, '13207', 'Syracuse', '2018-05-13 21:49:59', NULL),
(1399, '13208', 'Syracuse', '2018-05-13 21:49:59', NULL),
(1400, '13209', 'Syracuse', '2018-05-13 21:49:59', NULL),
(1401, '13210', 'Syracuse', '2018-05-13 21:49:59', NULL),
(1402, '13211', 'Syracuse', '2018-05-13 21:49:59', NULL),
(1403, '13212', 'Syracuse', '2018-05-13 21:49:59', NULL),
(1404, '13214', 'Syracuse', '2018-05-13 21:49:59', NULL),
(1405, '13215', 'Syracuse', '2018-05-13 21:49:59', NULL),
(1406, '13217', 'Syracuse', '2018-05-13 21:49:59', NULL),
(1407, '13218', 'Syracuse', '2018-05-13 21:49:59', NULL),
(1408, '13219', 'Syracuse', '2018-05-13 21:49:59', NULL),
(1409, '13220', 'Syracuse', '2018-05-13 21:49:59', NULL),
(1410, '13221', 'Syracuse', '2018-05-13 21:49:59', NULL),
(1411, '13224', 'Syracuse', '2018-05-13 21:49:59', NULL),
(1412, '13225', 'Syracuse', '2018-05-13 21:49:59', NULL),
(1413, '13235', 'Syracuse', '2018-05-13 21:49:59', NULL),
(1414, '13244', 'Syracuse', '2018-05-13 21:49:59', NULL),
(1415, '13250', 'Syracuse', '2018-05-13 21:49:59', NULL),
(1416, '13251', 'Syracuse', '2018-05-13 21:49:59', NULL),
(1417, '13252', 'Syracuse', '2018-05-13 21:49:59', NULL),
(1418, '13261', 'Syracuse', '2018-05-13 21:49:59', NULL),
(1419, '13290', 'Syracuse', '2018-05-13 21:49:59', NULL),
(1420, '13301', 'Alder Creek', '2018-05-13 21:49:59', NULL),
(1421, '13302', 'Altmar', '2018-05-13 21:49:59', NULL),
(1422, '13303', 'Ava', '2018-05-13 21:49:59', NULL),
(1423, '13304', 'Barneveld', '2018-05-13 21:49:59', NULL),
(1424, '13305', 'Beaver Falls', '2018-05-13 21:49:59', NULL),
(1425, '13308', 'Blossvale', '2018-05-13 21:49:59', NULL),
(1426, '13309', 'Boonville', '2018-05-13 21:49:59', NULL),
(1427, '13310', 'Bouckville', '2018-05-13 21:49:59', NULL),
(1428, '13312', 'Brantingham', '2018-05-13 21:49:59', NULL),
(1429, '13313', 'Bridgewater', '2018-05-13 21:49:59', NULL),
(1430, '13314', 'Brookfield', '2018-05-13 21:49:59', NULL),
(1431, '13315', 'Burlington Flats', '2018-05-13 21:49:59', NULL),
(1432, '13316', 'Camden', '2018-05-13 21:49:59', NULL),
(1433, '13317', 'Canajoharie', '2018-05-13 21:49:59', NULL),
(1434, '13318', 'Cassville', '2018-05-13 21:49:59', NULL),
(1435, '13319', 'Chadwicks', '2018-05-13 21:49:59', NULL),
(1436, '13320', 'Cherry Valley', '2018-05-13 21:49:59', NULL),
(1437, '13321', 'Clark Mills', '2018-05-13 21:49:59', NULL),
(1438, '13322', 'Clayville', '2018-05-13 21:49:59', NULL),
(1439, '13323', 'Clinton', '2018-05-13 21:49:59', NULL),
(1440, '13324', 'Cold Brook', '2018-05-13 21:49:59', NULL),
(1441, '13325', 'Constableville', '2018-05-13 21:49:59', NULL),
(1442, '13326', 'Cooperstown', '2018-05-13 21:49:59', NULL),
(1443, '13327', 'Croghan', '2018-05-13 21:49:59', NULL),
(1444, '13328', 'Deansboro', '2018-05-13 21:49:59', NULL),
(1445, '13329', 'Dolgeville', '2018-05-13 21:49:59', NULL),
(1446, '13331', 'Eagle Bay', '2018-05-13 21:49:59', NULL),
(1447, '13332', 'Earlville', '2018-05-13 21:49:59', NULL),
(1448, '13333', 'East Springfield', '2018-05-13 21:49:59', NULL),
(1449, '13334', 'Eaton', '2018-05-13 21:49:59', NULL),
(1450, '13335', 'Edmeston', '2018-05-13 21:49:59', NULL),
(1451, '13337', 'Fly Creek', '2018-05-13 21:49:59', NULL),
(1452, '13338', 'Forestport', '2018-05-13 21:49:59', NULL),
(1453, '13339', 'Fort Plain', '2018-05-13 21:49:59', NULL),
(1454, '13340', 'Frankfort', '2018-05-13 21:49:59', NULL),
(1455, '13341', 'Franklin Springs', '2018-05-13 21:49:59', NULL),
(1456, '13342', 'Garrattsville', '2018-05-13 21:49:59', NULL),
(1457, '13343', 'Glenfield', '2018-05-13 21:49:59', NULL),
(1458, '13345', 'Greig', '2018-05-13 21:49:59', NULL),
(1459, '13346', 'Hamilton', '2018-05-13 21:49:59', NULL),
(1460, '13348', 'Hartwick', '2018-05-13 21:49:59', NULL),
(1461, '13350', 'Herkimer', '2018-05-13 21:49:59', NULL),
(1462, '13352', 'Hinckley', '2018-05-13 21:49:59', NULL),
(1463, '13353', 'Hoffmeister', '2018-05-13 21:49:59', NULL),
(1464, '13354', 'Holland Patent', '2018-05-13 21:49:59', NULL),
(1465, '13355', 'Hubbardsville', '2018-05-13 21:49:59', NULL),
(1466, '13357', 'Ilion', '2018-05-13 21:49:59', NULL),
(1467, '13360', 'Inlet', '2018-05-13 21:49:59', NULL),
(1468, '13361', 'Jordanville', '2018-05-13 21:49:59', NULL),
(1469, '13362', 'Knoxboro', '2018-05-13 21:49:59', NULL),
(1470, '13363', 'Lee Center', '2018-05-13 21:49:59', NULL),
(1471, '13364', 'Leonardsville', '2018-05-13 21:49:59', NULL),
(1472, '13365', 'Little Falls', '2018-05-13 21:49:59', NULL),
(1473, '13367', 'Lowville', '2018-05-13 21:49:59', NULL),
(1474, '13368', 'Lyons Falls', '2018-05-13 21:49:59', NULL),
(1475, '13401', 'Mc Connellsville', '2018-05-13 21:49:59', NULL),
(1476, '13402', 'Madison', '2018-05-13 21:49:59', NULL),
(1477, '13403', 'Marcy', '2018-05-13 21:49:59', NULL),
(1478, '13404', 'Martinsburg', '2018-05-13 21:49:59', NULL),
(1479, '13406', 'Middleville', '2018-05-13 21:49:59', NULL),
(1480, '13407', 'Mohawk', '2018-05-13 21:49:59', NULL),
(1481, '13408', 'Morrisville', '2018-05-13 21:49:59', NULL),
(1482, '13409', 'Munnsville', '2018-05-13 21:49:59', NULL),
(1483, '13410', 'Nelliston', '2018-05-13 21:49:59', NULL),
(1484, '13411', 'New Berlin', '2018-05-13 21:49:59', NULL),
(1485, '13413', 'New Hartford', '2018-05-13 21:49:59', NULL),
(1486, '13415', 'New Lisbon', '2018-05-13 21:49:59', NULL),
(1487, '13416', 'Newport', '2018-05-13 21:49:59', NULL),
(1488, '13417', 'New York Mills', '2018-05-13 21:49:59', NULL),
(1489, '13418', 'North Brookfield', '2018-05-13 21:49:59', NULL),
(1490, '13420', 'Old Forge', '2018-05-13 21:49:59', NULL),
(1491, '13421', 'Oneida', '2018-05-13 21:49:59', NULL),
(1492, '13424', 'Oriskany', '2018-05-13 21:49:59', NULL),
(1493, '13425', 'Oriskany Falls', '2018-05-13 21:49:59', NULL),
(1494, '13426', 'Orwell', '2018-05-13 21:49:59', NULL),
(1495, '13428', 'Palatine Bridge', '2018-05-13 21:49:59', NULL),
(1496, '13431', 'Poland', '2018-05-13 21:49:59', NULL),
(1497, '13433', 'Port Leyden', '2018-05-13 21:49:59', NULL),
(1498, '13435', 'Prospect', '2018-05-13 21:49:59', NULL),
(1499, '13436', 'Raquette Lake', '2018-05-13 21:49:59', NULL),
(1500, '13437', 'Redfield', '2018-05-13 21:49:59', NULL),
(1501, '13438', 'Remsen', '2018-05-13 21:49:59', NULL),
(1502, '13439', 'Richfield Springs', '2018-05-13 21:49:59', NULL),
(1503, '13440', 'Rome', '2018-05-13 21:49:59', NULL),
(1504, '13441', 'Rome', '2018-05-13 21:49:59', NULL),
(1505, '13442', 'Rome', '2018-05-13 21:49:59', NULL),
(1506, '13449', 'Rome', '2018-05-13 21:49:59', NULL),
(1507, '13450', 'Roseboom', '2018-05-13 21:49:59', NULL),
(1508, '13452', 'Saint Johnsville', '2018-05-13 21:49:59', NULL),
(1509, '13454', 'Salisbury Center', '2018-05-13 21:49:59', NULL),
(1510, '13455', 'Sangerfield', '2018-05-13 21:49:59', NULL),
(1511, '13456', 'Sauquoit', '2018-05-13 21:49:59', NULL),
(1512, '13457', 'Schuyler Lake', '2018-05-13 21:49:59', NULL),
(1513, '13459', 'Sharon Springs', '2018-05-13 21:49:59', NULL),
(1514, '13460', 'Sherburne', '2018-05-13 21:49:59', NULL),
(1515, '13461', 'Sherrill', '2018-05-13 21:49:59', NULL),
(1516, '13464', 'Smyrna', '2018-05-13 21:49:59', NULL),
(1517, '13465', 'Solsville', '2018-05-13 21:49:59', NULL),
(1518, '13468', 'Springfield Center', '2018-05-13 21:49:59', NULL),
(1519, '13469', 'Stittville', '2018-05-13 21:49:59', NULL),
(1520, '13470', 'Stratford', '2018-05-13 21:49:59', NULL),
(1521, '13471', 'Taberg', '2018-05-13 21:49:59', NULL),
(1522, '13472', 'Thendara', '2018-05-13 21:49:59', NULL),
(1523, '13473', 'Turin', '2018-05-13 21:49:59', NULL),
(1524, '13475', 'Van Hornesville', '2018-05-13 21:49:59', NULL),
(1525, '13476', 'Vernon', '2018-05-13 21:49:59', NULL),
(1526, '13477', 'Vernon Center', '2018-05-13 21:49:59', NULL),
(1527, '13478', 'Verona', '2018-05-13 21:49:59', NULL),
(1528, '13479', 'Washington Mills', '2018-05-13 21:49:59', NULL),
(1529, '13480', 'Waterville', '2018-05-13 21:49:59', NULL),
(1530, '13482', 'West Burlington', '2018-05-13 21:49:59', NULL),
(1531, '13483', 'Westdale', '2018-05-13 21:49:59', NULL),
(1532, '13484', 'West Eaton', '2018-05-13 21:49:59', NULL),
(1533, '13485', 'West Edmeston', '2018-05-13 21:49:59', NULL),
(1534, '13486', 'Westernville', '2018-05-13 21:49:59', NULL),
(1535, '13488', 'Westford', '2018-05-13 21:49:59', NULL),
(1536, '13489', 'West Leyden', '2018-05-13 21:49:59', NULL),
(1537, '13490', 'Westmoreland', '2018-05-13 21:49:59', NULL),
(1538, '13491', 'West Winfield', '2018-05-13 21:49:59', NULL),
(1539, '13492', 'Whitesboro', '2018-05-13 21:49:59', NULL),
(1540, '13493', 'Williamstown', '2018-05-13 21:49:59', NULL),
(1541, '13494', 'Woodgate', '2018-05-13 21:49:59', NULL),
(1542, '13495', 'Yorkville', '2018-05-13 21:49:59', NULL),
(1543, '13501', 'Utica', '2018-05-13 21:49:59', NULL),
(1544, '13502', 'Utica', '2018-05-13 21:49:59', NULL),
(1545, '13503', 'Utica', '2018-05-13 21:49:59', NULL),
(1546, '13504', 'Utica', '2018-05-13 21:49:59', NULL),
(1547, '13505', 'Utica', '2018-05-13 21:49:59', NULL),
(1548, '13599', 'Utica', '2018-05-13 21:49:59', NULL),
(1549, '13601', 'Watertown', '2018-05-13 21:49:59', NULL),
(1550, '13602', 'Fort Drum', '2018-05-13 21:49:59', NULL),
(1551, '13603', 'Watertown', '2018-05-13 21:49:59', NULL),
(1552, '13605', 'Adams', '2018-05-13 21:49:59', NULL),
(1553, '13606', 'Adams Center', '2018-05-13 21:49:59', NULL),
(1554, '13607', 'Alexandria Bay', '2018-05-13 21:49:59', NULL),
(1555, '13608', 'Antwerp', '2018-05-13 21:49:59', NULL),
(1556, '13611', 'Belleville', '2018-05-13 21:49:59', NULL),
(1557, '13612', 'Black River', '2018-05-13 21:49:59', NULL),
(1558, '13613', 'Brasher Falls', '2018-05-13 21:49:59', NULL),
(1559, '13614', 'Brier Hill', '2018-05-13 21:49:59', NULL),
(1560, '13615', 'Brownville', '2018-05-13 21:49:59', NULL),
(1561, '13616', 'Calcium', '2018-05-13 21:49:59', NULL),
(1562, '13617', 'Canton', '2018-05-13 21:49:59', NULL),
(1563, '13618', 'Cape Vincent', '2018-05-13 21:49:59', NULL),
(1564, '13619', 'Carthage', '2018-05-13 21:49:59', NULL),
(1565, '13620', 'Castorland', '2018-05-13 21:49:59', NULL),
(1566, '13621', 'Chase Mills', '2018-05-13 21:49:59', NULL),
(1567, '13622', 'Chaumont', '2018-05-13 21:49:59', NULL),
(1568, '13623', 'Chippewa Bay', '2018-05-13 21:49:59', NULL),
(1569, '13624', 'Clayton', '2018-05-13 21:49:59', NULL),
(1570, '13625', 'Colton', '2018-05-13 21:49:59', NULL),
(1571, '13626', 'Copenhagen', '2018-05-13 21:49:59', NULL),
(1572, '13627', 'Deer River', '2018-05-13 21:49:59', NULL),
(1573, '13628', 'Deferiet', '2018-05-13 21:49:59', NULL),
(1574, '13630', 'De Kalb Junction', '2018-05-13 21:49:59', NULL),
(1575, '13631', 'Denmark', '2018-05-13 21:49:59', NULL),
(1576, '13632', 'Depauville', '2018-05-13 21:49:59', NULL),
(1577, '13633', 'De Peyster', '2018-05-13 21:49:59', NULL),
(1578, '13634', 'Dexter', '2018-05-13 21:49:59', NULL),
(1579, '13635', 'Edwards', '2018-05-13 21:49:59', NULL),
(1580, '13636', 'Ellisburg', '2018-05-13 21:49:59', NULL),
(1581, '13637', 'Evans Mills', '2018-05-13 21:49:59', NULL),
(1582, '13638', 'Felts Mills', '2018-05-13 21:49:59', NULL),
(1583, '13639', 'Fine', '2018-05-13 21:49:59', NULL),
(1584, '13640', 'Wellesley Island', '2018-05-13 21:49:59', NULL),
(1585, '13641', 'Fishers Landing', '2018-05-13 21:49:59', NULL),
(1586, '13642', 'Gouverneur', '2018-05-13 21:49:59', NULL),
(1587, '13643', 'Great Bend', '2018-05-13 21:49:59', NULL),
(1588, '13645', 'Hailesboro', '2018-05-13 21:49:59', NULL),
(1589, '13646', 'Hammond', '2018-05-13 21:49:59', NULL),
(1590, '13647', 'Hannawa Falls', '2018-05-13 21:49:59', NULL),
(1591, '13648', 'Harrisville', '2018-05-13 21:49:59', NULL),
(1592, '13649', 'Helena', '2018-05-13 21:49:59', NULL),
(1593, '13650', 'Henderson', '2018-05-13 21:49:59', NULL),
(1594, '13651', 'Henderson Harbor', '2018-05-13 21:49:59', NULL),
(1595, '13652', 'Hermon', '2018-05-13 21:49:59', NULL),
(1596, '13654', 'Heuvelton', '2018-05-13 21:49:59', NULL),
(1597, '13655', 'Hogansburg', '2018-05-13 21:49:59', NULL),
(1598, '13656', 'La Fargeville', '2018-05-13 21:49:59', NULL),
(1599, '13657', 'Limerick', '2018-05-13 21:49:59', NULL),
(1600, '13658', 'Lisbon', '2018-05-13 21:49:59', NULL),
(1601, '13659', 'Lorraine', '2018-05-13 21:49:59', NULL),
(1602, '13660', 'Madrid', '2018-05-13 21:49:59', NULL),
(1603, '13661', 'Mannsville', '2018-05-13 21:49:59', NULL),
(1604, '13662', 'Massena', '2018-05-13 21:49:59', NULL),
(1605, '13664', 'Morristown', '2018-05-13 21:49:59', NULL),
(1606, '13665', 'Natural Bridge', '2018-05-13 21:49:59', NULL),
(1607, '13666', 'Newton Falls', '2018-05-13 21:49:59', NULL),
(1608, '13667', 'Norfolk', '2018-05-13 21:49:59', NULL),
(1609, '13668', 'Norwood', '2018-05-13 21:49:59', NULL),
(1610, '13669', 'Ogdensburg', '2018-05-13 21:49:59', NULL),
(1611, '13670', 'Oswegatchie', '2018-05-13 21:49:59', NULL),
(1612, '13671', 'Oxbow', '2018-05-13 21:49:59', NULL),
(1613, '13672', 'Parishville', '2018-05-13 21:49:59', NULL),
(1614, '13673', 'Philadelphia', '2018-05-13 21:49:59', NULL),
(1615, '13674', 'Pierrepont Manor', '2018-05-13 21:49:59', NULL),
(1616, '13675', 'Plessis', '2018-05-13 21:49:59', NULL),
(1617, '13676', 'Potsdam', '2018-05-13 21:49:59', NULL),
(1618, '13677', 'Pyrites', '2018-05-13 21:49:59', NULL),
(1619, '13678', 'Raymondville', '2018-05-13 21:49:59', NULL),
(1620, '13679', 'Redwood', '2018-05-13 21:49:59', NULL),
(1621, '13680', 'Rensselaer Falls', '2018-05-13 21:49:59', NULL),
(1622, '13681', 'Richville', '2018-05-13 21:49:59', NULL),
(1623, '13682', 'Rodman', '2018-05-13 21:49:59', NULL),
(1624, '13683', 'Rooseveltown', '2018-05-13 21:49:59', NULL),
(1625, '13684', 'Russell', '2018-05-13 21:49:59', NULL),
(1626, '13685', 'Sackets Harbor', '2018-05-13 21:49:59', NULL),
(1627, '13687', 'South Colton', '2018-05-13 21:49:59', NULL),
(1628, '13690', 'Star Lake', '2018-05-13 21:49:59', NULL),
(1629, '13691', 'Theresa', '2018-05-13 21:49:59', NULL),
(1630, '13692', 'Thousand Island Park', '2018-05-13 21:49:59', NULL),
(1631, '13693', 'Three Mile Bay', '2018-05-13 21:49:59', NULL),
(1632, '13694', 'Waddington', '2018-05-13 21:49:59', NULL),
(1633, '13695', 'Wanakena', '2018-05-13 21:49:59', NULL),
(1634, '13696', 'West Stockholm', '2018-05-13 21:49:59', NULL),
(1635, '13697', 'Winthrop', '2018-05-13 21:49:59', NULL),
(1636, '13699', 'Potsdam', '2018-05-13 21:49:59', NULL),
(1637, '13730', 'Afton', '2018-05-13 21:49:59', NULL),
(1638, '13731', 'Andes', '2018-05-13 21:49:59', NULL),
(1639, '13732', 'Apalachin', '2018-05-13 21:49:59', NULL),
(1640, '13733', 'Bainbridge', '2018-05-13 21:49:59', NULL),
(1641, '13734', 'Barton', '2018-05-13 21:49:59', NULL),
(1642, '13736', 'Berkshire', '2018-05-13 21:49:59', NULL),
(1643, '13737', 'Bible School Park', '2018-05-13 21:49:59', NULL),
(1644, '13738', 'Blodgett Mills', '2018-05-13 21:49:59', NULL),
(1645, '13739', 'Bloomville', '2018-05-13 21:49:59', NULL),
(1646, '13740', 'Bovina Center', '2018-05-13 21:49:59', NULL),
(1647, '13743', 'Candor', '2018-05-13 21:49:59', NULL),
(1648, '13744', 'Castle Creek', '2018-05-13 21:49:59', NULL),
(1649, '13745', 'Chenango Bridge', '2018-05-13 21:49:59', NULL),
(1650, '13746', 'Chenango Forks', '2018-05-13 21:49:59', NULL),
(1651, '13747', 'Colliersville', '2018-05-13 21:49:59', NULL),
(1652, '13748', 'Conklin', '2018-05-13 21:49:59', NULL),
(1653, '13749', 'Corbettsville', '2018-05-13 21:49:59', NULL),
(1654, '13750', 'Davenport', '2018-05-13 21:49:59', NULL),
(1655, '13751', 'Davenport Center', '2018-05-13 21:49:59', NULL),
(1656, '13752', 'Delancey', '2018-05-13 21:49:59', NULL),
(1657, '13753', 'Delhi', '2018-05-13 21:49:59', NULL),
(1658, '13754', 'Deposit', '2018-05-13 21:49:59', NULL),
(1659, '13755', 'Downsville', '2018-05-13 21:49:59', NULL),
(1660, '13756', 'East Branch', '2018-05-13 21:49:59', NULL),
(1661, '13757', 'East Meredith', '2018-05-13 21:49:59', NULL),
(1662, '13758', 'East Pharsalia', '2018-05-13 21:49:59', NULL),
(1663, '13760', 'Endicott', '2018-05-13 21:49:59', NULL),
(1664, '13761', 'Endicott', '2018-05-13 21:49:59', NULL),
(1665, '13762', 'Endwell', '2018-05-13 21:49:59', NULL),
(1666, '13763', 'Endicott', '2018-05-13 21:49:59', NULL),
(1667, '13774', 'Fishs Eddy', '2018-05-13 21:49:59', NULL),
(1668, '13775', 'Franklin', '2018-05-13 21:49:59', NULL),
(1669, '13776', 'Gilbertsville', '2018-05-13 21:49:59', NULL),
(1670, '13777', 'Glen Aubrey', '2018-05-13 21:49:59', NULL),
(1671, '13778', 'Greene', '2018-05-13 21:49:59', NULL),
(1672, '13780', 'Guilford', '2018-05-13 21:49:59', NULL),
(1673, '13782', 'Hamden', '2018-05-13 21:49:59', NULL),
(1674, '13783', 'Hancock', '2018-05-13 21:49:59', NULL),
(1675, '13784', 'Harford', '2018-05-13 21:49:59', NULL),
(1676, '13786', 'Harpersfield', '2018-05-13 21:49:59', NULL),
(1677, '13787', 'Harpursville', '2018-05-13 21:49:59', NULL),
(1678, '13788', 'Hobart', '2018-05-13 21:49:59', NULL),
(1679, '13790', 'Johnson City', '2018-05-13 21:49:59', NULL),
(1680, '13794', 'Killawog', '2018-05-13 21:49:59', NULL),
(1681, '13795', 'Kirkwood', '2018-05-13 21:49:59', NULL),
(1682, '13796', 'Laurens', '2018-05-13 21:49:59', NULL),
(1683, '13797', 'Lisle', '2018-05-13 21:49:59', NULL),
(1684, '13801', 'Mc Donough', '2018-05-13 21:49:59', NULL),
(1685, '13802', 'Maine', '2018-05-13 21:49:59', NULL),
(1686, '13803', 'Marathon', '2018-05-13 21:49:59', NULL),
(1687, '13804', 'Masonville', '2018-05-13 21:49:59', NULL),
(1688, '13806', 'Meridale', '2018-05-13 21:49:59', NULL),
(1689, '13807', 'Milford', '2018-05-13 21:49:59', NULL),
(1690, '13808', 'Morris', '2018-05-13 21:49:59', NULL),
(1691, '13809', 'Mount Upton', '2018-05-13 21:49:59', NULL),
(1692, '13810', 'Mount Vision', '2018-05-13 21:49:59', NULL),
(1693, '13811', 'Newark Valley', '2018-05-13 21:49:59', NULL),
(1694, '13812', 'Nichols', '2018-05-13 21:49:59', NULL),
(1695, '13813', 'Nineveh', '2018-05-13 21:49:59', NULL),
(1696, '13814', 'North Norwich', '2018-05-13 21:49:59', NULL),
(1697, '13815', 'Norwich', '2018-05-13 21:49:59', NULL),
(1698, '13820', 'Oneonta', '2018-05-13 21:49:59', NULL),
(1699, '13825', 'Otego', '2018-05-13 21:49:59', NULL),
(1700, '13826', 'Ouaquaga', '2018-05-13 21:49:59', NULL),
(1701, '13827', 'Owego', '2018-05-13 21:49:59', NULL),
(1702, '13830', 'Oxford', '2018-05-13 21:49:59', NULL),
(1703, '13832', 'Plymouth', '2018-05-13 21:49:59', NULL),
(1704, '13833', 'Port Crane', '2018-05-13 21:49:59', NULL),
(1705, '13834', 'Portlandville', '2018-05-13 21:49:59', NULL),
(1706, '13835', 'Richford', '2018-05-13 21:49:59', NULL),
(1707, '13837', 'Shinhopple', '2018-05-13 21:49:59', NULL),
(1708, '13838', 'Sidney', '2018-05-13 21:49:59', NULL),
(1709, '13839', 'Sidney Center', '2018-05-13 21:49:59', NULL),
(1710, '13840', 'Smithboro', '2018-05-13 21:49:59', NULL),
(1711, '13841', 'Smithville Flats', '2018-05-13 21:49:59', NULL),
(1712, '13842', 'South Kortright', '2018-05-13 21:49:59', NULL),
(1713, '13843', 'South New Berlin', '2018-05-13 21:49:59', NULL),
(1714, '13844', 'South Plymouth', '2018-05-13 21:49:59', NULL),
(1715, '13845', 'Tioga Center', '2018-05-13 21:49:59', NULL),
(1716, '13846', 'Treadwell', '2018-05-13 21:49:59', NULL),
(1717, '13847', 'Trout Creek', '2018-05-13 21:49:59', NULL),
(1718, '13848', 'Tunnel', '2018-05-13 21:49:59', NULL),
(1719, '13849', 'Unadilla', '2018-05-13 21:49:59', NULL),
(1720, '13850', 'Vestal', '2018-05-13 21:49:59', NULL),
(1721, '13851', 'Vestal', '2018-05-13 21:49:59', NULL),
(1722, '13856', 'Walton', '2018-05-13 21:49:59', NULL),
(1723, '13859', 'Wells Bridge', '2018-05-13 21:49:59', NULL),
(1724, '13860', 'West Davenport', '2018-05-13 21:49:59', NULL),
(1725, '13861', 'West Oneonta', '2018-05-13 21:49:59', NULL),
(1726, '13862', 'Whitney Point', '2018-05-13 21:49:59', NULL),
(1727, '13863', 'Willet', '2018-05-13 21:49:59', NULL),
(1728, '13864', 'Willseyville', '2018-05-13 21:49:59', NULL),
(1729, '13865', 'Windsor', '2018-05-13 21:49:59', NULL),
(1730, '13901', 'Binghamton', '2018-05-13 21:49:59', NULL),
(1731, '13902', 'Binghamton', '2018-05-13 21:49:59', NULL),
(1732, '13903', 'Binghamton', '2018-05-13 21:49:59', NULL),
(1733, '13904', 'Binghamton', '2018-05-13 21:49:59', NULL),
(1734, '13905', 'Binghamton', '2018-05-13 21:49:59', NULL),
(1735, '14001', 'Akron', '2018-05-13 21:49:59', NULL),
(1736, '14004', 'Alden', '2018-05-13 21:49:59', NULL),
(1737, '14005', 'Alexander', '2018-05-13 21:49:59', NULL),
(1738, '14006', 'Angola', '2018-05-13 21:49:59', NULL),
(1739, '14008', 'Appleton', '2018-05-13 21:49:59', NULL),
(1740, '14009', 'Arcade', '2018-05-13 21:49:59', NULL),
(1741, '14010', 'Athol Springs', '2018-05-13 21:49:59', NULL),
(1742, '14011', 'Attica', '2018-05-13 21:49:59', NULL),
(1743, '14012', 'Barker', '2018-05-13 21:49:59', NULL),
(1744, '14013', 'Basom', '2018-05-13 21:49:59', NULL),
(1745, '14020', 'Batavia', '2018-05-13 21:49:59', NULL),
(1746, '14021', 'Batavia', '2018-05-13 21:49:59', NULL),
(1747, '14024', 'Bliss', '2018-05-13 21:49:59', NULL),
(1748, '14025', 'Boston', '2018-05-13 21:49:59', NULL),
(1749, '14026', 'Bowmansville', '2018-05-13 21:49:59', NULL),
(1750, '14027', 'Brant', '2018-05-13 21:49:59', NULL),
(1751, '14028', 'Burt', '2018-05-13 21:49:59', NULL),
(1752, '14029', 'Centerville', '2018-05-13 21:49:59', NULL),
(1753, '14030', 'Chaffee', '2018-05-13 21:49:59', NULL),
(1754, '14031', 'Clarence', '2018-05-13 21:49:59', NULL),
(1755, '14032', 'Clarence Center', '2018-05-13 21:49:59', NULL),
(1756, '14033', 'Colden', '2018-05-13 21:49:59', NULL);
INSERT INTO `pd_zipcodes-old` (`id_zipcode`, `zipcode`, `name`, `idate`, `udate`) VALUES
(1757, '14034', 'Collins', '2018-05-13 21:49:59', NULL),
(1758, '14035', 'Collins Center', '2018-05-13 21:49:59', NULL),
(1759, '14036', 'Corfu', '2018-05-13 21:49:59', NULL),
(1760, '14037', 'Cowlesville', '2018-05-13 21:49:59', NULL),
(1761, '14038', 'Crittenden', '2018-05-13 21:49:59', NULL),
(1762, '14039', 'Dale', '2018-05-13 21:49:59', NULL),
(1763, '14040', 'Darien Center', '2018-05-13 21:49:59', NULL),
(1764, '14041', 'Dayton', '2018-05-13 21:49:59', NULL),
(1765, '14042', 'Delevan', '2018-05-13 21:49:59', NULL),
(1766, '14043', 'Depew', '2018-05-13 21:49:59', NULL),
(1767, '14047', 'Derby', '2018-05-13 21:49:59', NULL),
(1768, '14048', 'Dunkirk', '2018-05-13 21:49:59', NULL),
(1769, '14051', 'East Amherst', '2018-05-13 21:49:59', NULL),
(1770, '14052', 'East Aurora', '2018-05-13 21:49:59', NULL),
(1771, '14054', 'East Bethany', '2018-05-13 21:49:59', NULL),
(1772, '14055', 'East Concord', '2018-05-13 21:49:59', NULL),
(1773, '14056', 'East Pembroke', '2018-05-13 21:49:59', NULL),
(1774, '14057', 'Eden', '2018-05-13 21:49:59', NULL),
(1775, '14058', 'Elba', '2018-05-13 21:49:59', NULL),
(1776, '14059', 'Elma', '2018-05-13 21:49:59', NULL),
(1777, '14060', 'Farmersville Station', '2018-05-13 21:49:59', NULL),
(1778, '14061', 'Farnham', '2018-05-13 21:49:59', NULL),
(1779, '14062', 'Forestville', '2018-05-13 21:49:59', NULL),
(1780, '14063', 'Fredonia', '2018-05-13 21:49:59', NULL),
(1781, '14065', 'Freedom', '2018-05-13 21:49:59', NULL),
(1782, '14066', 'Gainesville', '2018-05-13 21:49:59', NULL),
(1783, '14067', 'Gasport', '2018-05-13 21:49:59', NULL),
(1784, '14068', 'Getzville', '2018-05-13 21:49:59', NULL),
(1785, '14069', 'Glenwood', '2018-05-13 21:49:59', NULL),
(1786, '14070', 'Gowanda', '2018-05-13 21:49:59', NULL),
(1787, '14072', 'Grand Island', '2018-05-13 21:49:59', NULL),
(1788, '14075', 'Hamburg', '2018-05-13 21:49:59', NULL),
(1789, '14080', 'Holland', '2018-05-13 21:49:59', NULL),
(1790, '14081', 'Irving', '2018-05-13 21:49:59', NULL),
(1791, '14082', 'Java Center', '2018-05-13 21:49:59', NULL),
(1792, '14083', 'Java Village', '2018-05-13 21:49:59', NULL),
(1793, '14085', 'Lake View', '2018-05-13 21:49:59', NULL),
(1794, '14086', 'Lancaster', '2018-05-13 21:49:59', NULL),
(1795, '14091', 'Lawtons', '2018-05-13 21:49:59', NULL),
(1796, '14092', 'Lewiston', '2018-05-13 21:49:59', NULL),
(1797, '14094', 'Lockport', '2018-05-13 21:49:59', NULL),
(1798, '14095', 'Lockport', '2018-05-13 21:49:59', NULL),
(1799, '14098', 'Lyndonville', '2018-05-13 21:49:59', NULL),
(1800, '14101', 'Machias', '2018-05-13 21:49:59', NULL),
(1801, '14102', 'Marilla', '2018-05-13 21:49:59', NULL),
(1802, '14103', 'Medina', '2018-05-13 21:49:59', NULL),
(1803, '14105', 'Middleport', '2018-05-13 21:49:59', NULL),
(1804, '14107', 'Model City', '2018-05-13 21:49:59', NULL),
(1805, '14108', 'Newfane', '2018-05-13 21:49:59', NULL),
(1806, '14109', 'Niagara University', '2018-05-13 21:49:59', NULL),
(1807, '14110', 'North Boston', '2018-05-13 21:49:59', NULL),
(1808, '14111', 'North Collins', '2018-05-13 21:49:59', NULL),
(1809, '14112', 'North Evans', '2018-05-13 21:49:59', NULL),
(1810, '14113', 'North Java', '2018-05-13 21:49:59', NULL),
(1811, '14120', 'North Tonawanda', '2018-05-13 21:49:59', NULL),
(1812, '14125', 'Oakfield', '2018-05-13 21:49:59', NULL),
(1813, '14126', 'Olcott', '2018-05-13 21:49:59', NULL),
(1814, '14127', 'Orchard Park', '2018-05-13 21:49:59', NULL),
(1815, '14129', 'Perrysburg', '2018-05-13 21:49:59', NULL),
(1816, '14130', 'Pike', '2018-05-13 21:49:59', NULL),
(1817, '14131', 'Ransomville', '2018-05-13 21:49:59', NULL),
(1818, '14132', 'Sanborn', '2018-05-13 21:49:59', NULL),
(1819, '14133', 'Sandusky', '2018-05-13 21:49:59', NULL),
(1820, '14134', 'Sardinia', '2018-05-13 21:49:59', NULL),
(1821, '14135', 'Sheridan', '2018-05-13 21:49:59', NULL),
(1822, '14136', 'Silver Creek', '2018-05-13 21:49:59', NULL),
(1823, '14138', 'South Dayton', '2018-05-13 21:49:59', NULL),
(1824, '14139', 'South Wales', '2018-05-13 21:49:59', NULL),
(1825, '14140', 'Spring Brook', '2018-05-13 21:49:59', NULL),
(1826, '14141', 'Springville', '2018-05-13 21:49:59', NULL),
(1827, '14143', 'Stafford', '2018-05-13 21:49:59', NULL),
(1828, '14144', 'Stella Niagara', '2018-05-13 21:49:59', NULL),
(1829, '14145', 'Strykersville', '2018-05-13 21:49:59', NULL),
(1830, '14150', 'Tonawanda', '2018-05-13 21:49:59', NULL),
(1831, '14151', 'Tonawanda', '2018-05-13 21:49:59', NULL),
(1832, '14166', 'Van Buren Point', '2018-05-13 21:49:59', NULL),
(1833, '14167', 'Varysburg', '2018-05-13 21:49:59', NULL),
(1834, '14168', 'Versailles', '2018-05-13 21:49:59', NULL),
(1835, '14169', 'Wales Center', '2018-05-13 21:49:59', NULL),
(1836, '14170', 'West Falls', '2018-05-13 21:49:59', NULL),
(1837, '14171', 'West Valley', '2018-05-13 21:49:59', NULL),
(1838, '14172', 'Wilson', '2018-05-13 21:49:59', NULL),
(1839, '14173', 'Yorkshire', '2018-05-13 21:49:59', NULL),
(1840, '14174', 'Youngstown', '2018-05-13 21:49:59', NULL),
(1841, '14201', 'Buffalo', '2018-05-13 21:49:59', NULL),
(1842, '14202', 'Buffalo', '2018-05-13 21:49:59', NULL),
(1843, '14203', 'Buffalo', '2018-05-13 21:49:59', NULL),
(1844, '14204', 'Buffalo', '2018-05-13 21:49:59', NULL),
(1845, '14205', 'Buffalo', '2018-05-13 21:49:59', NULL),
(1846, '14206', 'Buffalo', '2018-05-13 21:49:59', NULL),
(1847, '14207', 'Buffalo', '2018-05-13 21:49:59', NULL),
(1848, '14208', 'Buffalo', '2018-05-13 21:49:59', NULL),
(1849, '14209', 'Buffalo', '2018-05-13 21:49:59', NULL),
(1850, '14210', 'Buffalo', '2018-05-13 21:49:59', NULL),
(1851, '14211', 'Buffalo', '2018-05-13 21:49:59', NULL),
(1852, '14212', 'Buffalo', '2018-05-13 21:49:59', NULL),
(1853, '14213', 'Buffalo', '2018-05-13 21:49:59', NULL),
(1854, '14214', 'Buffalo', '2018-05-13 21:49:59', NULL),
(1855, '14215', 'Buffalo', '2018-05-13 21:49:59', NULL),
(1856, '14216', 'Buffalo', '2018-05-13 21:49:59', NULL),
(1857, '14217', 'Buffalo', '2018-05-13 21:49:59', NULL),
(1858, '14218', 'Buffalo', '2018-05-13 21:49:59', NULL),
(1859, '14219', 'Buffalo', '2018-05-13 21:49:59', NULL),
(1860, '14220', 'Buffalo', '2018-05-13 21:49:59', NULL),
(1861, '14221', 'Buffalo', '2018-05-13 21:49:59', NULL),
(1862, '14222', 'Buffalo', '2018-05-13 21:49:59', NULL),
(1863, '14223', 'Buffalo', '2018-05-13 21:49:59', NULL),
(1864, '14224', 'Buffalo', '2018-05-13 21:49:59', NULL),
(1865, '14225', 'Buffalo', '2018-05-13 21:49:59', NULL),
(1866, '14226', 'Buffalo', '2018-05-13 21:49:59', NULL),
(1867, '14227', 'Buffalo', '2018-05-13 21:49:59', NULL),
(1868, '14228', 'Buffalo', '2018-05-13 21:49:59', NULL),
(1869, '14231', 'Buffalo', '2018-05-13 21:49:59', NULL),
(1870, '14233', 'Buffalo', '2018-05-13 21:49:59', NULL),
(1871, '14240', 'Buffalo', '2018-05-13 21:49:59', NULL),
(1872, '14241', 'Buffalo', '2018-05-13 21:49:59', NULL),
(1873, '14260', 'Buffalo', '2018-05-13 21:49:59', NULL),
(1874, '14261', 'Buffalo', '2018-05-13 21:49:59', NULL),
(1875, '14263', 'Buffalo', '2018-05-13 21:49:59', NULL),
(1876, '14264', 'Buffalo', '2018-05-13 21:49:59', NULL),
(1877, '14265', 'Buffalo', '2018-05-13 21:49:59', NULL),
(1878, '14267', 'Buffalo', '2018-05-13 21:49:59', NULL),
(1879, '14269', 'Buffalo', '2018-05-13 21:49:59', NULL),
(1880, '14270', 'Buffalo', '2018-05-13 21:49:59', NULL),
(1881, '14272', 'Buffalo', '2018-05-13 21:49:59', NULL),
(1882, '14273', 'Buffalo', '2018-05-13 21:49:59', NULL),
(1883, '14276', 'Buffalo', '2018-05-13 21:49:59', NULL),
(1884, '14280', 'Buffalo', '2018-05-13 21:49:59', NULL),
(1885, '14301', 'Niagara Falls', '2018-05-13 21:49:59', NULL),
(1886, '14302', 'Niagara Falls', '2018-05-13 21:49:59', NULL),
(1887, '14303', 'Niagara Falls', '2018-05-13 21:49:59', NULL),
(1888, '14304', 'Niagara Falls', '2018-05-13 21:49:59', NULL),
(1889, '14305', 'Niagara Falls', '2018-05-13 21:49:59', NULL),
(1890, '14410', 'Adams Basin', '2018-05-13 21:49:59', NULL),
(1891, '14411', 'Albion', '2018-05-13 21:49:59', NULL),
(1892, '14413', 'Alton', '2018-05-13 21:49:59', NULL),
(1893, '14414', 'Avon', '2018-05-13 21:49:59', NULL),
(1894, '14415', 'Bellona', '2018-05-13 21:49:59', NULL),
(1895, '14416', 'Bergen', '2018-05-13 21:49:59', NULL),
(1896, '14418', 'Branchport', '2018-05-13 21:49:59', NULL),
(1897, '14420', 'Brockport', '2018-05-13 21:49:59', NULL),
(1898, '14422', 'Byron', '2018-05-13 21:49:59', NULL),
(1899, '14423', 'Caledonia', '2018-05-13 21:49:59', NULL),
(1900, '14424', 'Canandaigua', '2018-05-13 21:49:59', NULL),
(1901, '14425', 'Farmington', '2018-05-13 21:49:59', NULL),
(1902, '14427', 'Castile', '2018-05-13 21:49:59', NULL),
(1903, '14428', 'Churchville', '2018-05-13 21:49:59', NULL),
(1904, '14429', 'Clarendon', '2018-05-13 21:49:59', NULL),
(1905, '14430', 'Clarkson', '2018-05-13 21:49:59', NULL),
(1906, '14432', 'Clifton Springs', '2018-05-13 21:49:59', NULL),
(1907, '14433', 'Clyde', '2018-05-13 21:49:59', NULL),
(1908, '14435', 'Conesus', '2018-05-13 21:49:59', NULL),
(1909, '14437', 'Dansville', '2018-05-13 21:49:59', NULL),
(1910, '14441', 'Dresden', '2018-05-13 21:49:59', NULL),
(1911, '14443', 'East Bloomfield', '2018-05-13 21:49:59', NULL),
(1912, '14445', 'East Rochester', '2018-05-13 21:49:59', NULL),
(1913, '14449', 'East Williamson', '2018-05-13 21:49:59', NULL),
(1914, '14450', 'Fairport', '2018-05-13 21:49:59', NULL),
(1915, '14452', 'Fancher', '2018-05-13 21:49:59', NULL),
(1916, '14453', 'Fishers', '2018-05-13 21:49:59', NULL),
(1917, '14454', 'Geneseo', '2018-05-13 21:49:59', NULL),
(1918, '14456', 'Geneva', '2018-05-13 21:49:59', NULL),
(1919, '14461', 'Gorham', '2018-05-13 21:49:59', NULL),
(1920, '14462', 'Groveland', '2018-05-13 21:49:59', NULL),
(1921, '14463', 'Hall', '2018-05-13 21:49:59', NULL),
(1922, '14464', 'Hamlin', '2018-05-13 21:49:59', NULL),
(1923, '14466', 'Hemlock', '2018-05-13 21:49:59', NULL),
(1924, '14467', 'Henrietta', '2018-05-13 21:49:59', NULL),
(1925, '14468', 'Hilton', '2018-05-13 21:49:59', NULL),
(1926, '14469', 'Bloomfield', '2018-05-13 21:49:59', NULL),
(1927, '14470', 'Holley', '2018-05-13 21:49:59', NULL),
(1928, '14471', 'Honeoye', '2018-05-13 21:49:59', NULL),
(1929, '14472', 'Honeoye Falls', '2018-05-13 21:49:59', NULL),
(1930, '14475', 'Ionia', '2018-05-13 21:49:59', NULL),
(1931, '14476', 'Kendall', '2018-05-13 21:49:59', NULL),
(1932, '14477', 'Kent', '2018-05-13 21:49:59', NULL),
(1933, '14478', 'Keuka Park', '2018-05-13 21:49:59', NULL),
(1934, '14479', 'Knowlesville', '2018-05-13 21:49:59', NULL),
(1935, '14480', 'Lakeville', '2018-05-13 21:49:59', NULL),
(1936, '14481', 'Leicester', '2018-05-13 21:49:59', NULL),
(1937, '14482', 'Le Roy', '2018-05-13 21:49:59', NULL),
(1938, '14485', 'Lima', '2018-05-13 21:49:59', NULL),
(1939, '14486', 'Linwood', '2018-05-13 21:49:59', NULL),
(1940, '14487', 'Livonia', '2018-05-13 21:49:59', NULL),
(1941, '14488', 'Livonia Center', '2018-05-13 21:49:59', NULL),
(1942, '14489', 'Lyons', '2018-05-13 21:49:59', NULL),
(1943, '14502', 'Macedon', '2018-05-13 21:49:59', NULL),
(1944, '14504', 'Manchester', '2018-05-13 21:49:59', NULL),
(1945, '14505', 'Marion', '2018-05-13 21:49:59', NULL),
(1946, '14506', 'Mendon', '2018-05-13 21:49:59', NULL),
(1947, '14507', 'Middlesex', '2018-05-13 21:49:59', NULL),
(1948, '14508', 'Morton', '2018-05-13 21:49:59', NULL),
(1949, '14510', 'Mount Morris', '2018-05-13 21:49:59', NULL),
(1950, '14511', 'Mumford', '2018-05-13 21:49:59', NULL),
(1951, '14512', 'Naples', '2018-05-13 21:49:59', NULL),
(1952, '14513', 'Newark', '2018-05-13 21:49:59', NULL),
(1953, '14514', 'North Chili', '2018-05-13 21:49:59', NULL),
(1954, '14515', 'North Greece', '2018-05-13 21:49:59', NULL),
(1955, '14516', 'North Rose', '2018-05-13 21:49:59', NULL),
(1956, '14517', 'Nunda', '2018-05-13 21:49:59', NULL),
(1957, '14518', 'Oaks Corners', '2018-05-13 21:49:59', NULL),
(1958, '14519', 'Ontario', '2018-05-13 21:49:59', NULL),
(1959, '14520', 'Ontario Center', '2018-05-13 21:49:59', NULL),
(1960, '14521', 'Ovid', '2018-05-13 21:49:59', NULL),
(1961, '14522', 'Palmyra', '2018-05-13 21:49:59', NULL),
(1962, '14525', 'Pavilion', '2018-05-13 21:49:59', NULL),
(1963, '14526', 'Penfield', '2018-05-13 21:49:59', NULL),
(1964, '14527', 'Penn Yan', '2018-05-13 21:49:59', NULL),
(1965, '14529', 'Perkinsville', '2018-05-13 21:49:59', NULL),
(1966, '14530', 'Perry', '2018-05-13 21:49:59', NULL),
(1967, '14532', 'Phelps', '2018-05-13 21:49:59', NULL),
(1968, '14533', 'Piffard', '2018-05-13 21:49:59', NULL),
(1969, '14534', 'Pittsford', '2018-05-13 21:49:59', NULL),
(1970, '14536', 'Portageville', '2018-05-13 21:49:59', NULL),
(1971, '14537', 'Port Gibson', '2018-05-13 21:49:59', NULL),
(1972, '14538', 'Pultneyville', '2018-05-13 21:49:59', NULL),
(1973, '14539', 'Retsof', '2018-05-13 21:49:59', NULL),
(1974, '14541', 'Romulus', '2018-05-13 21:49:59', NULL),
(1975, '14542', 'Rose', '2018-05-13 21:49:59', NULL),
(1976, '14543', 'Rush', '2018-05-13 21:49:59', NULL),
(1977, '14544', 'Rushville', '2018-05-13 21:49:59', NULL),
(1978, '14545', 'Scottsburg', '2018-05-13 21:49:59', NULL),
(1979, '14546', 'Scottsville', '2018-05-13 21:49:59', NULL),
(1980, '14547', 'Seneca Castle', '2018-05-13 21:49:59', NULL),
(1981, '14548', 'Shortsville', '2018-05-13 21:49:59', NULL),
(1982, '14549', 'Silver Lake', '2018-05-13 21:49:59', NULL),
(1983, '14550', 'Silver Springs', '2018-05-13 21:49:59', NULL),
(1984, '14551', 'Sodus', '2018-05-13 21:49:59', NULL),
(1985, '14555', 'Sodus Point', '2018-05-13 21:49:59', NULL),
(1986, '14556', 'Sonyea', '2018-05-13 21:49:59', NULL),
(1987, '14557', 'South Byron', '2018-05-13 21:49:59', NULL),
(1988, '14558', 'South Lima', '2018-05-13 21:49:59', NULL),
(1989, '14559', 'Spencerport', '2018-05-13 21:49:59', NULL),
(1990, '14560', 'Springwater', '2018-05-13 21:49:59', NULL),
(1991, '14561', 'Stanley', '2018-05-13 21:49:59', NULL),
(1992, '14563', 'Union Hill', '2018-05-13 21:49:59', NULL),
(1993, '14564', 'Victor', '2018-05-13 21:49:59', NULL),
(1994, '14568', 'Walworth', '2018-05-13 21:49:59', NULL),
(1995, '14569', 'Warsaw', '2018-05-13 21:49:59', NULL),
(1996, '14571', 'Waterport', '2018-05-13 21:49:59', NULL),
(1997, '14572', 'Wayland', '2018-05-13 21:49:59', NULL),
(1998, '14580', 'Webster', '2018-05-13 21:49:59', NULL),
(1999, '14585', 'West Bloomfield', '2018-05-13 21:49:59', NULL),
(2000, '14586', 'West Henrietta', '2018-05-13 21:49:59', NULL),
(2001, '14588', 'Willard', '2018-05-13 21:49:59', NULL),
(2002, '14589', 'Williamson', '2018-05-13 21:49:59', NULL),
(2003, '14590', 'Wolcott', '2018-05-13 21:49:59', NULL),
(2004, '14591', 'Wyoming', '2018-05-13 21:49:59', NULL),
(2005, '14592', 'York', '2018-05-13 21:49:59', NULL),
(2006, '14602', 'Rochester', '2018-05-13 21:49:59', NULL),
(2007, '14603', 'Rochester', '2018-05-13 21:49:59', NULL),
(2008, '14604', 'Rochester', '2018-05-13 21:49:59', NULL),
(2009, '14605', 'Rochester', '2018-05-13 21:49:59', NULL),
(2010, '14606', 'Rochester', '2018-05-13 21:49:59', NULL),
(2011, '14607', 'Rochester', '2018-05-13 21:49:59', NULL),
(2012, '14608', 'Rochester', '2018-05-13 21:49:59', NULL),
(2013, '14609', 'Rochester', '2018-05-13 21:49:59', NULL),
(2014, '14610', 'Rochester', '2018-05-13 21:49:59', NULL),
(2015, '14611', 'Rochester', '2018-05-13 21:49:59', NULL),
(2016, '14612', 'Rochester', '2018-05-13 21:49:59', NULL),
(2017, '14613', 'Rochester', '2018-05-13 21:49:59', NULL),
(2018, '14614', 'Rochester', '2018-05-13 21:49:59', NULL),
(2019, '14615', 'Rochester', '2018-05-13 21:49:59', NULL),
(2020, '14616', 'Rochester', '2018-05-13 21:49:59', NULL),
(2021, '14617', 'Rochester', '2018-05-13 21:49:59', NULL),
(2022, '14618', 'Rochester', '2018-05-13 21:49:59', NULL),
(2023, '14619', 'Rochester', '2018-05-13 21:49:59', NULL),
(2024, '14620', 'Rochester', '2018-05-13 21:49:59', NULL),
(2025, '14621', 'Rochester', '2018-05-13 21:49:59', NULL),
(2026, '14622', 'Rochester', '2018-05-13 21:49:59', NULL),
(2027, '14623', 'Rochester', '2018-05-13 21:49:59', NULL),
(2028, '14624', 'Rochester', '2018-05-13 21:49:59', NULL),
(2029, '14625', 'Rochester', '2018-05-13 21:49:59', NULL),
(2030, '14626', 'Rochester', '2018-05-13 21:49:59', NULL),
(2031, '14627', 'Rochester', '2018-05-13 21:49:59', NULL),
(2032, '14638', 'Rochester', '2018-05-13 21:49:59', NULL),
(2033, '14639', 'Rochester', '2018-05-13 21:49:59', NULL),
(2034, '14642', 'Rochester', '2018-05-13 21:49:59', NULL),
(2035, '14643', 'Rochester', '2018-05-13 21:49:59', NULL),
(2036, '14644', 'Rochester', '2018-05-13 21:49:59', NULL),
(2037, '14645', 'Rochester', '2018-05-13 21:49:59', NULL),
(2038, '14646', 'Rochester', '2018-05-13 21:49:59', NULL),
(2039, '14647', 'Rochester', '2018-05-13 21:49:59', NULL),
(2040, '14649', 'Rochester', '2018-05-13 21:49:59', NULL),
(2041, '14650', 'Rochester', '2018-05-13 21:49:59', NULL),
(2042, '14651', 'Rochester', '2018-05-13 21:49:59', NULL),
(2043, '14652', 'Rochester', '2018-05-13 21:49:59', NULL),
(2044, '14653', 'Rochester', '2018-05-13 21:49:59', NULL),
(2045, '14664', 'Rochester', '2018-05-13 21:49:59', NULL),
(2046, '14673', 'Rochester', '2018-05-13 21:49:59', NULL),
(2047, '14683', 'Rochester', '2018-05-13 21:49:59', NULL),
(2048, '14692', 'Rochester', '2018-05-13 21:49:59', NULL),
(2049, '14694', 'Rochester', '2018-05-13 21:49:59', NULL),
(2050, '14701', 'Jamestown', '2018-05-13 21:49:59', NULL),
(2051, '14702', 'Jamestown', '2018-05-13 21:49:59', NULL),
(2052, '14706', 'Allegany', '2018-05-13 21:49:59', NULL),
(2053, '14707', 'Allentown', '2018-05-13 21:49:59', NULL),
(2054, '14708', 'Alma', '2018-05-13 21:49:59', NULL),
(2055, '14709', 'Angelica', '2018-05-13 21:49:59', NULL),
(2056, '14710', 'Ashville', '2018-05-13 21:49:59', NULL),
(2057, '14711', 'Belfast', '2018-05-13 21:49:59', NULL),
(2058, '14712', 'Bemus Point', '2018-05-13 21:49:59', NULL),
(2059, '14714', 'Black Creek', '2018-05-13 21:49:59', NULL),
(2060, '14715', 'Bolivar', '2018-05-13 21:49:59', NULL),
(2061, '14716', 'Brocton', '2018-05-13 21:49:59', NULL),
(2062, '14717', 'Caneadea', '2018-05-13 21:49:59', NULL),
(2063, '14718', 'Cassadaga', '2018-05-13 21:49:59', NULL),
(2064, '14719', 'Cattaraugus', '2018-05-13 21:49:59', NULL),
(2065, '14720', 'Celoron', '2018-05-13 21:49:59', NULL),
(2066, '14721', 'Ceres', '2018-05-13 21:49:59', NULL),
(2067, '14722', 'Chautauqua', '2018-05-13 21:49:59', NULL),
(2068, '14723', 'Cherry Creek', '2018-05-13 21:49:59', NULL),
(2069, '14724', 'Clymer', '2018-05-13 21:49:59', NULL),
(2070, '14726', 'Conewango Valley', '2018-05-13 21:49:59', NULL),
(2071, '14727', 'Cuba', '2018-05-13 21:49:59', NULL),
(2072, '14728', 'Dewittville', '2018-05-13 21:49:59', NULL),
(2073, '14729', 'East Otto', '2018-05-13 21:49:59', NULL),
(2074, '14730', 'East Randolph', '2018-05-13 21:49:59', NULL),
(2075, '14731', 'Ellicottville', '2018-05-13 21:49:59', NULL),
(2076, '14732', 'Ellington', '2018-05-13 21:49:59', NULL),
(2077, '14733', 'Falconer', '2018-05-13 21:49:59', NULL),
(2078, '14735', 'Fillmore', '2018-05-13 21:49:59', NULL),
(2079, '14736', 'Findley Lake', '2018-05-13 21:49:59', NULL),
(2080, '14737', 'Franklinville', '2018-05-13 21:49:59', NULL),
(2081, '14738', 'Frewsburg', '2018-05-13 21:49:59', NULL),
(2082, '14739', 'Friendship', '2018-05-13 21:49:59', NULL),
(2083, '14740', 'Gerry', '2018-05-13 21:49:59', NULL),
(2084, '14741', 'Great Valley', '2018-05-13 21:49:59', NULL),
(2085, '14742', 'Greenhurst', '2018-05-13 21:49:59', NULL),
(2086, '14743', 'Hinsdale', '2018-05-13 21:49:59', NULL),
(2087, '14744', 'Houghton', '2018-05-13 21:49:59', NULL),
(2088, '14745', 'Hume', '2018-05-13 21:49:59', NULL),
(2089, '14747', 'Kennedy', '2018-05-13 21:49:59', NULL),
(2090, '14748', 'Kill Buck', '2018-05-13 21:49:59', NULL),
(2091, '14750', 'Lakewood', '2018-05-13 21:49:59', NULL),
(2092, '14751', 'Leon', '2018-05-13 21:49:59', NULL),
(2093, '14752', 'Lily Dale', '2018-05-13 21:49:59', NULL),
(2094, '14753', 'Limestone', '2018-05-13 21:49:59', NULL),
(2095, '14754', 'Little Genesee', '2018-05-13 21:49:59', NULL),
(2096, '14755', 'Little Valley', '2018-05-13 21:49:59', NULL),
(2097, '14756', 'Maple Springs', '2018-05-13 21:49:59', NULL),
(2098, '14757', 'Mayville', '2018-05-13 21:49:59', NULL),
(2099, '14758', 'Niobe', '2018-05-13 21:49:59', NULL),
(2100, '14760', 'Olean', '2018-05-13 21:49:59', NULL),
(2101, '14766', 'Otto', '2018-05-13 21:49:59', NULL),
(2102, '14767', 'Panama', '2018-05-13 21:49:59', NULL),
(2103, '14769', 'Portland', '2018-05-13 21:49:59', NULL),
(2104, '14770', 'Portville', '2018-05-13 21:49:59', NULL),
(2105, '14772', 'Randolph', '2018-05-13 21:49:59', NULL),
(2106, '14774', 'Richburg', '2018-05-13 21:49:59', NULL),
(2107, '14775', 'Ripley', '2018-05-13 21:49:59', NULL),
(2108, '14777', 'Rushford', '2018-05-13 21:49:59', NULL),
(2109, '14778', 'Saint Bonaventure', '2018-05-13 21:49:59', NULL),
(2110, '14779', 'Salamanca', '2018-05-13 21:49:59', NULL),
(2111, '14781', 'Sherman', '2018-05-13 21:49:59', NULL),
(2112, '14782', 'Sinclairville', '2018-05-13 21:49:59', NULL),
(2113, '14783', 'Steamburg', '2018-05-13 21:49:59', NULL),
(2114, '14784', 'Stockton', '2018-05-13 21:49:59', NULL),
(2115, '14785', 'Stow', '2018-05-13 21:49:59', NULL),
(2116, '14786', 'West Clarksville', '2018-05-13 21:49:59', NULL),
(2117, '14787', 'Westfield', '2018-05-13 21:49:59', NULL),
(2118, '14788', 'Westons Mills', '2018-05-13 21:49:59', NULL),
(2119, '14801', 'Addison', '2018-05-13 21:49:59', NULL),
(2120, '14802', 'Alfred', '2018-05-13 21:49:59', NULL),
(2121, '14803', 'Alfred Station', '2018-05-13 21:49:59', NULL),
(2122, '14804', 'Almond', '2018-05-13 21:49:59', NULL),
(2123, '14805', 'Alpine', '2018-05-13 21:49:59', NULL),
(2124, '14806', 'Andover', '2018-05-13 21:49:59', NULL),
(2125, '14807', 'Arkport', '2018-05-13 21:49:59', NULL),
(2126, '14808', 'Atlanta', '2018-05-13 21:49:59', NULL),
(2127, '14809', 'Avoca', '2018-05-13 21:49:59', NULL),
(2128, '14810', 'Bath', '2018-05-13 21:49:59', NULL),
(2129, '14812', 'Beaver Dams', '2018-05-13 21:49:59', NULL),
(2130, '14813', 'Belmont', '2018-05-13 21:49:59', NULL),
(2131, '14814', 'Big Flats', '2018-05-13 21:49:59', NULL),
(2132, '14815', 'Bradford', '2018-05-13 21:49:59', NULL),
(2133, '14816', 'Breesport', '2018-05-13 21:49:59', NULL),
(2134, '14817', 'Brooktondale', '2018-05-13 21:49:59', NULL),
(2135, '14818', 'Burdett', '2018-05-13 21:49:59', NULL),
(2136, '14819', 'Cameron', '2018-05-13 21:49:59', NULL),
(2137, '14820', 'Cameron Mills', '2018-05-13 21:49:59', NULL),
(2138, '14821', 'Campbell', '2018-05-13 21:49:59', NULL),
(2139, '14822', 'Canaseraga', '2018-05-13 21:49:59', NULL),
(2140, '14823', 'Canisteo', '2018-05-13 21:49:59', NULL),
(2141, '14824', 'Cayuta', '2018-05-13 21:49:59', NULL),
(2142, '14825', 'Chemung', '2018-05-13 21:49:59', NULL),
(2143, '14826', 'Cohocton', '2018-05-13 21:49:59', NULL),
(2144, '14827', 'Coopers Plains', '2018-05-13 21:49:59', NULL),
(2145, '14830', 'Corning', '2018-05-13 21:49:59', NULL),
(2146, '14831', 'Corning', '2018-05-13 21:49:59', NULL),
(2147, '14836', 'Dalton', '2018-05-13 21:49:59', NULL),
(2148, '14837', 'Dundee', '2018-05-13 21:49:59', NULL),
(2149, '14838', 'Erin', '2018-05-13 21:49:59', NULL),
(2150, '14839', 'Greenwood', '2018-05-13 21:49:59', NULL),
(2151, '14840', 'Hammondsport', '2018-05-13 21:49:59', NULL),
(2152, '14841', 'Hector', '2018-05-13 21:49:59', NULL),
(2153, '14842', 'Himrod', '2018-05-13 21:49:59', NULL),
(2154, '14843', 'Hornell', '2018-05-13 21:49:59', NULL),
(2155, '14845', 'Horseheads', '2018-05-13 21:49:59', NULL),
(2156, '14846', 'Hunt', '2018-05-13 21:49:59', NULL),
(2157, '14847', 'Interlaken', '2018-05-13 21:49:59', NULL),
(2158, '14850', 'Ithaca', '2018-05-13 21:49:59', NULL),
(2159, '14851', 'Ithaca', '2018-05-13 21:49:59', NULL),
(2160, '14852', 'Ithaca', '2018-05-13 21:49:59', NULL),
(2161, '14853', 'Ithaca', '2018-05-13 21:49:59', NULL),
(2162, '14854', 'Jacksonville', '2018-05-13 21:49:59', NULL),
(2163, '14855', 'Jasper', '2018-05-13 21:49:59', NULL),
(2164, '14856', 'Kanona', '2018-05-13 21:49:59', NULL),
(2165, '14857', 'Lakemont', '2018-05-13 21:49:59', NULL),
(2166, '14858', 'Lindley', '2018-05-13 21:49:59', NULL),
(2167, '14859', 'Lockwood', '2018-05-13 21:49:59', NULL),
(2168, '14860', 'Lodi', '2018-05-13 21:49:59', NULL),
(2169, '14861', 'Lowman', '2018-05-13 21:49:59', NULL),
(2170, '14863', 'Mecklenburg', '2018-05-13 21:49:59', NULL),
(2171, '14864', 'Millport', '2018-05-13 21:49:59', NULL),
(2172, '14865', 'Montour Falls', '2018-05-13 21:49:59', NULL),
(2173, '14867', 'Newfield', '2018-05-13 21:49:59', NULL),
(2174, '14869', 'Odessa', '2018-05-13 21:49:59', NULL),
(2175, '14870', 'Painted Post', '2018-05-13 21:49:59', NULL),
(2176, '14871', 'Pine City', '2018-05-13 21:49:59', NULL),
(2177, '14872', 'Pine Valley', '2018-05-13 21:49:59', NULL),
(2178, '14873', 'Prattsburgh', '2018-05-13 21:49:59', NULL),
(2179, '14874', 'Pulteney', '2018-05-13 21:49:59', NULL),
(2180, '14876', 'Reading Center', '2018-05-13 21:49:59', NULL),
(2181, '14877', 'Rexville', '2018-05-13 21:49:59', NULL),
(2182, '14878', 'Rock Stream', '2018-05-13 21:49:59', NULL),
(2183, '14879', 'Savona', '2018-05-13 21:49:59', NULL),
(2184, '14880', 'Scio', '2018-05-13 21:49:59', NULL),
(2185, '14881', 'Slaterville Springs', '2018-05-13 21:49:59', NULL),
(2186, '14882', 'Lansing', '2018-05-13 21:49:59', NULL),
(2187, '14883', 'Spencer', '2018-05-13 21:49:59', NULL),
(2188, '14884', 'Swain', '2018-05-13 21:49:59', NULL),
(2189, '14885', 'Troupsburg', '2018-05-13 21:49:59', NULL),
(2190, '14886', 'Trumansburg', '2018-05-13 21:49:59', NULL),
(2191, '14887', 'Tyrone', '2018-05-13 21:49:59', NULL),
(2192, '14889', 'Van Etten', '2018-05-13 21:49:59', NULL),
(2193, '14891', 'Watkins Glen', '2018-05-13 21:49:59', NULL),
(2194, '14892', 'Waverly', '2018-05-13 21:49:59', NULL),
(2195, '14893', 'Wayne', '2018-05-13 21:49:59', NULL),
(2196, '14894', 'Wellsburg', '2018-05-13 21:49:59', NULL),
(2197, '14895', 'Wellsville', '2018-05-13 21:49:59', NULL),
(2198, '14897', 'Whitesville', '2018-05-13 21:49:59', NULL),
(2199, '14898', 'Woodhull', '2018-05-13 21:49:59', NULL),
(2200, '14901', 'Elmira', '2018-05-13 21:49:59', NULL),
(2201, '14902', 'Elmira', '2018-05-13 21:49:59', NULL),
(2202, '14903', 'Elmira', '2018-05-13 21:49:59', NULL),
(2203, '14904', 'Elmira', '2018-05-13 21:49:59', NULL),
(2204, '14905', 'Elmira', '2018-05-13 21:49:59', NULL),
(2205, '14925', 'Elmira', '2018-05-13 21:49:59', NULL);

--
-- Índices para tablas volcadas
--

--
-- Indices de la tabla `pd_activities`
--
ALTER TABLE `pd_activities`
  ADD PRIMARY KEY (`id_activity`),
  ADD KEY `IDX_ACT_ORDER` (`order`);

--
-- Indices de la tabla `pd_addons`
--
ALTER TABLE `pd_addons`
  ADD PRIMARY KEY (`id_addon`),
  ADD KEY `IDX_ADDON_ORDER` (`order`);

--
-- Indices de la tabla `pd_administrators`
--
ALTER TABLE `pd_administrators`
  ADD PRIMARY KEY (`id_administrator`),
  ADD KEY `IDX_ADM_USERPASS` (`username`,`password`),
  ADD KEY `IDX_ADM_EMAILPASS` (`email`,`password`),
  ADD KEY `IDX_ADM_UNIQ_EMAIL` (`email`);

--
-- Indices de la tabla `pd_banners`
--
ALTER TABLE `pd_banners`
  ADD PRIMARY KEY (`id_banner`);

--
-- Indices de la tabla `pd_children`
--
ALTER TABLE `pd_children`
  ADD PRIMARY KEY (`id_children`),
  ADD KEY `IDX_FK_CHILD_PARENT` (`id_parent`);

--
-- Indices de la tabla `pd_children_interests`
--
ALTER TABLE `pd_children_interests`
  ADD PRIMARY KEY (`id_children`,`id_interest`),
  ADD KEY `IDX_FK_CHILDINTERESTCH` (`id_children`),
  ADD KEY `IDX_FK_CHILDINTERESTINT` (`id_interest`);

--
-- Indices de la tabla `pd_cities`
--
ALTER TABLE `pd_cities`
  ADD PRIMARY KEY (`id_city`);

--
-- Indices de la tabla `pd_contacts`
--
ALTER TABLE `pd_contacts`
  ADD PRIMARY KEY (`id_contact`),
  ADD KEY `IDX_CONTACT_TYPE` (`type`);

--
-- Indices de la tabla `pd_emergency`
--
ALTER TABLE `pd_emergency`
  ADD PRIMARY KEY (`id_emergency`),
  ADD KEY `IDX_FK_EMER_PARENT` (`id_parent`);

--
-- Indices de la tabla `pd_emergency_contacts`
--
ALTER TABLE `pd_emergency_contacts`
  ADD PRIMARY KEY (`id_contact`),
  ADD KEY `IDX_FK_CONTACT_PARENT` (`id_parent`);

--
-- Indices de la tabla `pd_expenses`
--
ALTER TABLE `pd_expenses`
  ADD PRIMARY KEY (`id_expense`),
  ADD KEY `IDX_FK_EXP_PARENT` (`id_parent`),
  ADD KEY `IDX_FK_PLAYDATE` (`id_playdate`);

--
-- Indices de la tabla `pd_groups`
--
ALTER TABLE `pd_groups`
  ADD PRIMARY KEY (`id_group`),
  ADD KEY `IDX_GRP_STATUS` (`privacity`) USING BTREE;

--
-- Indices de la tabla `pd_groups_zipcodes`
--
ALTER TABLE `pd_groups_zipcodes`
  ADD PRIMARY KEY (`id_group`,`id_zipcode`),
  ADD KEY `IDX_FK_ZIP_GROUPS` (`id_group`),
  ADD KEY `IDX_FK_ZIP_ZIP` (`id_zipcode`);

--
-- Indices de la tabla `pd_group_interests`
--
ALTER TABLE `pd_group_interests`
  ADD PRIMARY KEY (`id_group`,`id_interest`),
  ADD KEY `IDX_FK_GRPINTERESTGRP` (`id_group`),
  ADD KEY `IDX_FK_GRPINTERESTINT` (`id_interest`);

--
-- Indices de la tabla `pd_group_media`
--
ALTER TABLE `pd_group_media`
  ADD PRIMARY KEY (`id_media`),
  ADD KEY `IDX_FK_MED_GRP` (`id_group`),
  ADD KEY `IDX_FK_MED_PAR` (`id_parent`),
  ADD KEY `IDX_FK_MED_SPEC` (`id_specialist`);

--
-- Indices de la tabla `pd_group_neighborhoods`
--
ALTER TABLE `pd_group_neighborhoods`
  ADD PRIMARY KEY (`id_group`,`id_neighborhood`),
  ADD KEY `IDX_FK_GRP_NEI_GRP` (`id_group`),
  ADD KEY `IDX_FK_GRP_NEI_NEI` (`id_neighborhood`);

--
-- Indices de la tabla `pd_group_parents`
--
ALTER TABLE `pd_group_parents`
  ADD PRIMARY KEY (`id_group`,`id_parent`),
  ADD KEY `IDX_FK_GRP_PAR_GRP` (`id_group`),
  ADD KEY `IDX_FK_GRP_PAR_PAR` (`id_parent`);

--
-- Indices de la tabla `pd_group_parents_invitations`
--
ALTER TABLE `pd_group_parents_invitations`
  ADD PRIMARY KEY (`id_invitation`),
  ADD UNIQUE KEY `IDX_UNQ_GRP_PARN_INV` (`id_group`,`id_parent`),
  ADD KEY `IDX_GRP_PAR_INV_GRP` (`id_group`),
  ADD KEY `IDX_GRP_PAR_INV_PAR` (`id_parent`);

--
-- Indices de la tabla `pd_group_parent_requests`
--
ALTER TABLE `pd_group_parent_requests`
  ADD PRIMARY KEY (`id_request`),
  ADD UNIQUE KEY `IDX_UNIQ_GROUP_PARENT_REQ` (`id_group`,`id_parent`),
  ADD KEY `IDX_GRP_PAR_REQ_GRP` (`id_group`),
  ADD KEY `IDX_GRP_PAR_REQ_PAR` (`id_parent`);

--
-- Indices de la tabla `pd_group_playdates`
--
ALTER TABLE `pd_group_playdates`
  ADD PRIMARY KEY (`id_group`,`id_playdate`),
  ADD KEY `IDX_FK_GRPPL_GRP` (`id_group`),
  ADD KEY `IDX_FK_GRPPL_PL` (`id_playdate`);

--
-- Indices de la tabla `pd_group_specialists`
--
ALTER TABLE `pd_group_specialists`
  ADD PRIMARY KEY (`id_group`,`id_specialist`),
  ADD KEY `IDX_FK_GRP_SPE_GRP` (`id_group`),
  ADD KEY `IDX_FK_GRP_SPE_PAR` (`id_specialist`);

--
-- Indices de la tabla `pd_group_specialist_invitations`
--
ALTER TABLE `pd_group_specialist_invitations`
  ADD PRIMARY KEY (`id_invitation`),
  ADD UNIQUE KEY `IDX_UNQ_GRP_SPE_INVT` (`id_group`,`id_specialist`),
  ADD KEY `IDX_GRP_SPE_INV_GRP` (`id_group`),
  ADD KEY `IDX_GRP_SPE_INV_SPE` (`id_specialist`);

--
-- Indices de la tabla `pd_group_specialist_requests`
--
ALTER TABLE `pd_group_specialist_requests`
  ADD PRIMARY KEY (`id_request`),
  ADD UNIQUE KEY `IDX_UNIQ_SPEC_GRP_REQ` (`id_group`,`id_specialist`) USING BTREE,
  ADD KEY `IDX_GRP_SPE_REQ_GRP` (`id_group`),
  ADD KEY `IDX_GRP_SPE_REQ_SPE` (`id_specialist`);

--
-- Indices de la tabla `pd_image_catalog`
--
ALTER TABLE `pd_image_catalog`
  ADD PRIMARY KEY (`id_image`),
  ADD KEY `IDX_FK_IMG_INTEREST` (`id_interest`),
  ADD KEY `IDX_FK_IMG_TYPE` (`id_typecare`);

--
-- Indices de la tabla `pd_interests`
--
ALTER TABLE `pd_interests`
  ADD PRIMARY KEY (`id_interest`),
  ADD KEY `IDX_INT_TYPE` (`type`);

--
-- Indices de la tabla `pd_invitations`
--
ALTER TABLE `pd_invitations`
  ADD PRIMARY KEY (`id_invitation`),
  ADD KEY `IDX_INV_CODE` (`code`),
  ADD KEY `IDX_INV_CODE_EMAIL` (`code`,`email`);

--
-- Indices de la tabla `pd_itinerary`
--
ALTER TABLE `pd_itinerary`
  ADD PRIMARY KEY (`id_itinerary`),
  ADD KEY `IDX_FK_ITI_PLAYDATE` (`id_playdate`);

--
-- Indices de la tabla `pd_neighborhoods`
--
ALTER TABLE `pd_neighborhoods`
  ADD PRIMARY KEY (`id_neighborhood`),
  ADD KEY `IDX_NEIG_FK_CITY` (`id_city`);

--
-- Indices de la tabla `pd_parents`
--
ALTER TABLE `pd_parents`
  ADD PRIMARY KEY (`id_parent`),
  ADD KEY `IDX_PARENT_EMAIL` (`email`),
  ADD KEY `IDX_PARENT_USERNAME` (`username`),
  ADD KEY `IDX_PARENT_USERPASS` (`username`,`password`) USING BTREE;

--
-- Indices de la tabla `pd_parents_zipcodes`
--
ALTER TABLE `pd_parents_zipcodes`
  ADD PRIMARY KEY (`id_parent`,`id_zipcode`),
  ADD KEY `IDX_FK_ZIP_PARENTS` (`id_parent`),
  ADD KEY `IDX_FK_ZIP_ZIP` (`id_zipcode`);

--
-- Indices de la tabla `pd_parent_neighborhoods`
--
ALTER TABLE `pd_parent_neighborhoods`
  ADD PRIMARY KEY (`id_parent`,`id_neighborhood`),
  ADD KEY `IDX_FK_PAR_NEI_PAR` (`id_parent`),
  ADD KEY `IDX_FK_PAR_NEI_NEI` (`id_neighborhood`);

--
-- Indices de la tabla `pd_payments`
--
ALTER TABLE `pd_payments`
  ADD PRIMARY KEY (`id_payment`),
  ADD KEY `IDX_FK_PAY_PLAY` (`id_playdate`),
  ADD KEY `IDX_FK_PAY_PAR` (`id_parent`),
  ADD KEY `IDX_FK_PAY_SPE` (`id_specialist`);

--
-- Indices de la tabla `pd_playdates`
--
ALTER TABLE `pd_playdates`
  ADD PRIMARY KEY (`id_playdate`),
  ADD KEY `IDX_PD_ZIPCODE` (`loc_id_zipcode`),
  ADD KEY `IDX_PD_DATE` (`date`),
  ADD KEY `IDX_FK_PD_GROUP` (`privacy_group_id`),
  ADD KEY `IDX_FK_PD_SPECIALIST` (`id_specialist`),
  ADD KEY `IDX_PLAYDATES_PARENT` (`id_parent`),
  ADD KEY `IDX_PD_REQ` (`id_request`),
  ADD KEY `IDX_FK_PLAY_NEIGH` (`id_neighborhood`);

--
-- Indices de la tabla `pd_playdate_comments`
--
ALTER TABLE `pd_playdate_comments`
  ADD PRIMARY KEY (`id_comment`),
  ADD KEY `IDX_FK_PARENT` (`id_parent`),
  ADD KEY `IDX_FK_SPECIALIST` (`id_specialist`),
  ADD KEY `IDX_FK_PLAY_COMM` (`id_playdate`);

--
-- Indices de la tabla `pd_playdate_interests`
--
ALTER TABLE `pd_playdate_interests`
  ADD PRIMARY KEY (`id_playdate`,`id_interest`),
  ADD KEY `IDX_FK_PLAYDATEINTERESTPD` (`id_playdate`),
  ADD KEY `IDX_FK_PLAYDATEINTERESTINT` (`id_interest`);

--
-- Indices de la tabla `pd_playdate_neighborhoods`
--
ALTER TABLE `pd_playdate_neighborhoods`
  ADD PRIMARY KEY (`id_playdate`,`id_neighborhood`),
  ADD KEY `IDX_FK_PLAY_NEI_PLAY` (`id_playdate`),
  ADD KEY `IDX_FK_PLAY_NEI_NEI` (`id_neighborhood`);

--
-- Indices de la tabla `pd_playdate_parent_reservation`
--
ALTER TABLE `pd_playdate_parent_reservation`
  ADD PRIMARY KEY (`id_reservation`),
  ADD UNIQUE KEY `IDX_UNQ_PLAYDATE_PARENT` (`id_playdate`,`id_parent`),
  ADD KEY `IDX_FK_RSV_PLAYDATE` (`id_playdate`),
  ADD KEY `IDX_FK_RSV_PARENT` (`id_parent`);

--
-- Indices de la tabla `pd_playdate_requests`
--
ALTER TABLE `pd_playdate_requests`
  ADD PRIMARY KEY (`id_request`),
  ADD KEY `IDX_REQ_PARENT` (`id_parent`);

--
-- Indices de la tabla `pd_playdate_supporters`
--
ALTER TABLE `pd_playdate_supporters`
  ADD PRIMARY KEY (`id_playdate`,`id_specialist`),
  ADD KEY `IDX_FK_PLAYSUP_PLAY` (`id_playdate`),
  ADD KEY `IDX_FK_PLAYSUP_SPEC` (`id_specialist`);

--
-- Indices de la tabla `pd_playdate_typecares`
--
ALTER TABLE `pd_playdate_typecares`
  ADD PRIMARY KEY (`id_playdate`,`id_typecare`),
  ADD KEY `IDX_FK_PLAYDATETYPECARE` (`id_playdate`),
  ADD KEY `IDX_FK_PLAYDATETYPECARE_TYPE` (`id_typecare`);

--
-- Indices de la tabla `pd_playdate_updates`
--
ALTER TABLE `pd_playdate_updates`
  ADD PRIMARY KEY (`id_update`),
  ADD KEY `IDX_UPD_DATE` (`idate`),
  ADD KEY `IDX_FK_UPD_PLAY` (`id_playdate`);

--
-- Indices de la tabla `pd_playpacks`
--
ALTER TABLE `pd_playpacks`
  ADD PRIMARY KEY (`id_playpack`),
  ADD KEY `IDX_PACK_TYPE` (`type`),
  ADD KEY `IDX_PACK_AMOUNT` (`amount`),
  ADD KEY `IDX_PACK_TYPEAMOUNT` (`type`,`amount`);

--
-- Indices de la tabla `pd_purchases`
--
ALTER TABLE `pd_purchases`
  ADD PRIMARY KEY (`id_purchase`),
  ADD KEY `IDX_FK_PUR_PARENT` (`id_parent`);

--
-- Indices de la tabla `pd_ratings`
--
ALTER TABLE `pd_ratings`
  ADD PRIMARY KEY (`id_rating`),
  ADD KEY `IDX_FK_RAT_PAR` (`id_parent`),
  ADD KEY `IDX_FK_RAT_PD` (`id_playdate`),
  ADD KEY `IDX_FK_RAT_SPEC` (`id_specialist`);

--
-- Indices de la tabla `pd_request_children`
--
ALTER TABLE `pd_request_children`
  ADD PRIMARY KEY (`id_request_children`),
  ADD KEY `IDX_FK_REQ_CH_REQ` (`id_request`),
  ADD KEY `IDX_REQ_CH_CH` (`id_children`);

--
-- Indices de la tabla `pd_request_children_old`
--
ALTER TABLE `pd_request_children_old`
  ADD PRIMARY KEY (`id_request`,`id_children`),
  ADD KEY `FK_REQ_CHILDREN` (`id_children`);

--
-- Indices de la tabla `pd_request_interests`
--
ALTER TABLE `pd_request_interests`
  ADD PRIMARY KEY (`id_request`,`id_interest`),
  ADD KEY `IDX_FK_REQREQPD` (`id_request`),
  ADD KEY `IDX_FK_REQINTERESTINT` (`id_interest`);

--
-- Indices de la tabla `pd_request_invitation`
--
ALTER TABLE `pd_request_invitation`
  ADD PRIMARY KEY (`id_request_invitation`);

--
-- Indices de la tabla `pd_request_neighborhoods`
--
ALTER TABLE `pd_request_neighborhoods`
  ADD PRIMARY KEY (`id_request`,`id_neighborhood`),
  ADD KEY `IDX_FK_REQ_NEI_REQ` (`id_request`),
  ADD KEY `IDX_FK_REQ_NEI_NEI` (`id_neighborhood`);

--
-- Indices de la tabla `pd_request_specialist`
--
ALTER TABLE `pd_request_specialist`
  ADD PRIMARY KEY (`id_request`,`id_specialist`),
  ADD KEY `IDX_FK_REQ_SPEC` (`id_specialist`);

--
-- Indices de la tabla `pd_request_specialists`
--
ALTER TABLE `pd_request_specialists`
  ADD PRIMARY KEY (`id_request`,`id_specialist`),
  ADD KEY `FK_REQSPEC_SPEC` (`id_specialist`);

--
-- Indices de la tabla `pd_reservation_children`
--
ALTER TABLE `pd_reservation_children`
  ADD PRIMARY KEY (`id_reservation_children`),
  ADD KEY `IDX_FK_RES_CH_RES` (`id_reservation`),
  ADD KEY `IDX_FK_RES_CH_CH` (`id_children`);

--
-- Indices de la tabla `pd_specialists`
--
ALTER TABLE `pd_specialists`
  ADD PRIMARY KEY (`id_specialist`),
  ADD KEY `IDX_USERNAME` (`username`),
  ADD KEY `IDX_EMAIL` (`email`),
  ADD KEY `IDX_USERPASS` (`username`,`password`);

--
-- Indices de la tabla `pd_specialists_zipcodes`
--
ALTER TABLE `pd_specialists_zipcodes`
  ADD PRIMARY KEY (`id_specialist`,`id_zipcode`),
  ADD KEY `IDX_FK_ZIP_SPECS` (`id_specialist`),
  ADD KEY `IDX_FK_ZIP_ZIP` (`id_zipcode`);

--
-- Indices de la tabla `pd_specialist_neighborhoods`
--
ALTER TABLE `pd_specialist_neighborhoods`
  ADD PRIMARY KEY (`id_specialist`,`id_neighborhood`),
  ADD KEY `IDX_FK_SPE_NEI_SPE` (`id_specialist`),
  ADD KEY `IDX_FK_SPE_NEI_NEI` (`id_neighborhood`);

--
-- Indices de la tabla `pd_typecares`
--
ALTER TABLE `pd_typecares`
  ADD PRIMARY KEY (`id_typecare`),
  ADD KEY `IDX_TYPEORDER` (`order`);

--
-- Indices de la tabla `pd_zipcodes`
--
ALTER TABLE `pd_zipcodes`
  ADD PRIMARY KEY (`id_zipcode`),
  ADD KEY `IDX_FK_ZIP_NEIG` (`id_neighborhood`);

--
-- Indices de la tabla `pd_zipcodes-old`
--
ALTER TABLE `pd_zipcodes-old`
  ADD PRIMARY KEY (`id_zipcode`),
  ADD KEY `IDX_ZIPCODE_ZIP` (`zipcode`),
  ADD KEY `IDX_ZIPCODE_NAME` (`name`);

--
-- AUTO_INCREMENT de las tablas volcadas
--

--
-- AUTO_INCREMENT de la tabla `pd_activities`
--
ALTER TABLE `pd_activities`
  MODIFY `id_activity` int(10) UNSIGNED NOT NULL AUTO_INCREMENT, AUTO_INCREMENT=12;

--
-- AUTO_INCREMENT de la tabla `pd_addons`
--
ALTER TABLE `pd_addons`
  MODIFY `id_addon` int(10) UNSIGNED NOT NULL AUTO_INCREMENT, AUTO_INCREMENT=9;

--
-- AUTO_INCREMENT de la tabla `pd_administrators`
--
ALTER TABLE `pd_administrators`
  MODIFY `id_administrator` int(10) UNSIGNED NOT NULL AUTO_INCREMENT, AUTO_INCREMENT=12;

--
-- AUTO_INCREMENT de la tabla `pd_banners`
--
ALTER TABLE `pd_banners`
  MODIFY `id_banner` int(10) UNSIGNED NOT NULL AUTO_INCREMENT, AUTO_INCREMENT=13;

--
-- AUTO_INCREMENT de la tabla `pd_children`
--
ALTER TABLE `pd_children`
  MODIFY `id_children` int(10) UNSIGNED NOT NULL AUTO_INCREMENT, AUTO_INCREMENT=306;

--
-- AUTO_INCREMENT de la tabla `pd_cities`
--
ALTER TABLE `pd_cities`
  MODIFY `id_city` int(10) UNSIGNED NOT NULL AUTO_INCREMENT, AUTO_INCREMENT=10;

--
-- AUTO_INCREMENT de la tabla `pd_contacts`
--
ALTER TABLE `pd_contacts`
  MODIFY `id_contact` int(10) UNSIGNED NOT NULL AUTO_INCREMENT, AUTO_INCREMENT=91;

--
-- AUTO_INCREMENT de la tabla `pd_emergency`
--
ALTER TABLE `pd_emergency`
  MODIFY `id_emergency` int(10) UNSIGNED NOT NULL AUTO_INCREMENT, AUTO_INCREMENT=163;

--
-- AUTO_INCREMENT de la tabla `pd_emergency_contacts`
--
ALTER TABLE `pd_emergency_contacts`
  MODIFY `id_contact` int(10) UNSIGNED NOT NULL AUTO_INCREMENT;

--
-- AUTO_INCREMENT de la tabla `pd_expenses`
--
ALTER TABLE `pd_expenses`
  MODIFY `id_expense` int(10) UNSIGNED NOT NULL AUTO_INCREMENT;

--
-- AUTO_INCREMENT de la tabla `pd_groups`
--
ALTER TABLE `pd_groups`
  MODIFY `id_group` int(10) UNSIGNED NOT NULL AUTO_INCREMENT, AUTO_INCREMENT=61;

--
-- AUTO_INCREMENT de la tabla `pd_groups_zipcodes`
--
ALTER TABLE `pd_groups_zipcodes`
  MODIFY `id_group` int(10) UNSIGNED NOT NULL AUTO_INCREMENT;

--
-- AUTO_INCREMENT de la tabla `pd_group_media`
--
ALTER TABLE `pd_group_media`
  MODIFY `id_media` int(10) UNSIGNED NOT NULL AUTO_INCREMENT, AUTO_INCREMENT=54;

--
-- AUTO_INCREMENT de la tabla `pd_group_neighborhoods`
--
ALTER TABLE `pd_group_neighborhoods`
  MODIFY `id_group` int(10) UNSIGNED NOT NULL AUTO_INCREMENT, AUTO_INCREMENT=59;

--
-- AUTO_INCREMENT de la tabla `pd_group_parents`
--
ALTER TABLE `pd_group_parents`
  MODIFY `id_group` int(10) UNSIGNED NOT NULL AUTO_INCREMENT, AUTO_INCREMENT=60;

--
-- AUTO_INCREMENT de la tabla `pd_group_parents_invitations`
--
ALTER TABLE `pd_group_parents_invitations`
  MODIFY `id_invitation` int(10) UNSIGNED NOT NULL AUTO_INCREMENT, AUTO_INCREMENT=47;

--
-- AUTO_INCREMENT de la tabla `pd_group_parent_requests`
--
ALTER TABLE `pd_group_parent_requests`
  MODIFY `id_request` int(10) UNSIGNED NOT NULL AUTO_INCREMENT, AUTO_INCREMENT=51;

--
-- AUTO_INCREMENT de la tabla `pd_group_playdates`
--
ALTER TABLE `pd_group_playdates`
  MODIFY `id_group` int(10) UNSIGNED NOT NULL AUTO_INCREMENT, AUTO_INCREMENT=52;

--
-- AUTO_INCREMENT de la tabla `pd_group_specialists`
--
ALTER TABLE `pd_group_specialists`
  MODIFY `id_group` int(10) UNSIGNED NOT NULL AUTO_INCREMENT, AUTO_INCREMENT=61;

--
-- AUTO_INCREMENT de la tabla `pd_group_specialist_invitations`
--
ALTER TABLE `pd_group_specialist_invitations`
  MODIFY `id_invitation` int(10) UNSIGNED NOT NULL AUTO_INCREMENT, AUTO_INCREMENT=16;

--
-- AUTO_INCREMENT de la tabla `pd_group_specialist_requests`
--
ALTER TABLE `pd_group_specialist_requests`
  MODIFY `id_request` int(10) UNSIGNED NOT NULL AUTO_INCREMENT, AUTO_INCREMENT=21;

--
-- AUTO_INCREMENT de la tabla `pd_image_catalog`
--
ALTER TABLE `pd_image_catalog`
  MODIFY `id_image` int(10) UNSIGNED NOT NULL AUTO_INCREMENT, AUTO_INCREMENT=55;

--
-- AUTO_INCREMENT de la tabla `pd_interests`
--
ALTER TABLE `pd_interests`
  MODIFY `id_interest` int(10) UNSIGNED NOT NULL AUTO_INCREMENT, AUTO_INCREMENT=13;

--
-- AUTO_INCREMENT de la tabla `pd_invitations`
--
ALTER TABLE `pd_invitations`
  MODIFY `id_invitation` int(10) UNSIGNED NOT NULL AUTO_INCREMENT, AUTO_INCREMENT=559;

--
-- AUTO_INCREMENT de la tabla `pd_itinerary`
--
ALTER TABLE `pd_itinerary`
  MODIFY `id_itinerary` int(10) UNSIGNED NOT NULL AUTO_INCREMENT;

--
-- AUTO_INCREMENT de la tabla `pd_neighborhoods`
--
ALTER TABLE `pd_neighborhoods`
  MODIFY `id_neighborhood` int(10) UNSIGNED NOT NULL AUTO_INCREMENT, AUTO_INCREMENT=219;

--
-- AUTO_INCREMENT de la tabla `pd_parents`
--
ALTER TABLE `pd_parents`
  MODIFY `id_parent` int(10) UNSIGNED NOT NULL AUTO_INCREMENT, AUTO_INCREMENT=224;

--
-- AUTO_INCREMENT de la tabla `pd_parents_zipcodes`
--
ALTER TABLE `pd_parents_zipcodes`
  MODIFY `id_parent` int(10) UNSIGNED NOT NULL AUTO_INCREMENT;

--
-- AUTO_INCREMENT de la tabla `pd_parent_neighborhoods`
--
ALTER TABLE `pd_parent_neighborhoods`
  MODIFY `id_parent` int(10) UNSIGNED NOT NULL AUTO_INCREMENT, AUTO_INCREMENT=224;

--
-- AUTO_INCREMENT de la tabla `pd_payments`
--
ALTER TABLE `pd_payments`
  MODIFY `id_payment` int(10) UNSIGNED NOT NULL AUTO_INCREMENT, AUTO_INCREMENT=360;

--
-- AUTO_INCREMENT de la tabla `pd_playdates`
--
ALTER TABLE `pd_playdates`
  MODIFY `id_playdate` int(10) UNSIGNED NOT NULL AUTO_INCREMENT, AUTO_INCREMENT=237;

--
-- AUTO_INCREMENT de la tabla `pd_playdate_comments`
--
ALTER TABLE `pd_playdate_comments`
  MODIFY `id_comment` int(10) UNSIGNED NOT NULL AUTO_INCREMENT, AUTO_INCREMENT=48;

--
-- AUTO_INCREMENT de la tabla `pd_playdate_neighborhoods`
--
ALTER TABLE `pd_playdate_neighborhoods`
  MODIFY `id_playdate` int(10) UNSIGNED NOT NULL AUTO_INCREMENT, AUTO_INCREMENT=237;

--
-- AUTO_INCREMENT de la tabla `pd_playdate_parent_reservation`
--
ALTER TABLE `pd_playdate_parent_reservation`
  MODIFY `id_reservation` int(10) UNSIGNED NOT NULL AUTO_INCREMENT, AUTO_INCREMENT=191;

--
-- AUTO_INCREMENT de la tabla `pd_playdate_requests`
--
ALTER TABLE `pd_playdate_requests`
  MODIFY `id_request` int(10) UNSIGNED NOT NULL AUTO_INCREMENT, AUTO_INCREMENT=123;

--
-- AUTO_INCREMENT de la tabla `pd_playdate_supporters`
--
ALTER TABLE `pd_playdate_supporters`
  MODIFY `id_playdate` int(10) UNSIGNED NOT NULL AUTO_INCREMENT, AUTO_INCREMENT=236;

--
-- AUTO_INCREMENT de la tabla `pd_playdate_updates`
--
ALTER TABLE `pd_playdate_updates`
  MODIFY `id_update` int(10) UNSIGNED NOT NULL AUTO_INCREMENT;

--
-- AUTO_INCREMENT de la tabla `pd_playpacks`
--
ALTER TABLE `pd_playpacks`
  MODIFY `id_playpack` int(10) UNSIGNED NOT NULL AUTO_INCREMENT, AUTO_INCREMENT=8;

--
-- AUTO_INCREMENT de la tabla `pd_purchases`
--
ALTER TABLE `pd_purchases`
  MODIFY `id_purchase` int(10) UNSIGNED NOT NULL AUTO_INCREMENT, AUTO_INCREMENT=158;

--
-- AUTO_INCREMENT de la tabla `pd_ratings`
--
ALTER TABLE `pd_ratings`
  MODIFY `id_rating` int(10) UNSIGNED NOT NULL AUTO_INCREMENT, AUTO_INCREMENT=47;

--
-- AUTO_INCREMENT de la tabla `pd_request_children`
--
ALTER TABLE `pd_request_children`
  MODIFY `id_request_children` int(10) UNSIGNED NOT NULL AUTO_INCREMENT, AUTO_INCREMENT=230;

--
-- AUTO_INCREMENT de la tabla `pd_request_children_old`
--
ALTER TABLE `pd_request_children_old`
  MODIFY `id_request` int(10) UNSIGNED NOT NULL AUTO_INCREMENT;

--
-- AUTO_INCREMENT de la tabla `pd_request_invitation`
--
ALTER TABLE `pd_request_invitation`
  MODIFY `id_request_invitation` int(10) UNSIGNED NOT NULL AUTO_INCREMENT, AUTO_INCREMENT=38;

--
-- AUTO_INCREMENT de la tabla `pd_request_neighborhoods`
--
ALTER TABLE `pd_request_neighborhoods`
  MODIFY `id_request` int(10) UNSIGNED NOT NULL AUTO_INCREMENT, AUTO_INCREMENT=122;

--
-- AUTO_INCREMENT de la tabla `pd_request_specialist`
--
ALTER TABLE `pd_request_specialist`
  MODIFY `id_request` int(10) UNSIGNED NOT NULL AUTO_INCREMENT, AUTO_INCREMENT=123;

--
-- AUTO_INCREMENT de la tabla `pd_request_specialists`
--
ALTER TABLE `pd_request_specialists`
  MODIFY `id_request` int(10) UNSIGNED NOT NULL AUTO_INCREMENT;

--
-- AUTO_INCREMENT de la tabla `pd_reservation_children`
--
ALTER TABLE `pd_reservation_children`
  MODIFY `id_reservation_children` int(10) UNSIGNED NOT NULL AUTO_INCREMENT, AUTO_INCREMENT=332;

--
-- AUTO_INCREMENT de la tabla `pd_specialists`
--
ALTER TABLE `pd_specialists`
  MODIFY `id_specialist` int(10) UNSIGNED NOT NULL AUTO_INCREMENT, AUTO_INCREMENT=78;

--
-- AUTO_INCREMENT de la tabla `pd_specialists_zipcodes`
--
ALTER TABLE `pd_specialists_zipcodes`
  MODIFY `id_specialist` int(10) UNSIGNED NOT NULL AUTO_INCREMENT;

--
-- AUTO_INCREMENT de la tabla `pd_specialist_neighborhoods`
--
ALTER TABLE `pd_specialist_neighborhoods`
  MODIFY `id_specialist` int(10) UNSIGNED NOT NULL AUTO_INCREMENT, AUTO_INCREMENT=67;

--
-- AUTO_INCREMENT de la tabla `pd_typecares`
--
ALTER TABLE `pd_typecares`
  MODIFY `id_typecare` int(10) UNSIGNED NOT NULL AUTO_INCREMENT, AUTO_INCREMENT=9;

--
-- AUTO_INCREMENT de la tabla `pd_zipcodes`
--
ALTER TABLE `pd_zipcodes`
  MODIFY `id_zipcode` int(10) UNSIGNED NOT NULL AUTO_INCREMENT, AUTO_INCREMENT=182;

--
-- AUTO_INCREMENT de la tabla `pd_zipcodes-old`
--
ALTER TABLE `pd_zipcodes-old`
  MODIFY `id_zipcode` int(10) UNSIGNED NOT NULL AUTO_INCREMENT, AUTO_INCREMENT=2206;

--
-- Restricciones para tablas volcadas
--

--
-- Filtros para la tabla `pd_children`
--
ALTER TABLE `pd_children`
  ADD CONSTRAINT `FK_CHILDREN_PARENT` FOREIGN KEY (`id_parent`) REFERENCES `pd_parents` (`id_parent`) ON DELETE CASCADE ON UPDATE CASCADE;

--
-- Filtros para la tabla `pd_children_interests`
--
ALTER TABLE `pd_children_interests`
  ADD CONSTRAINT `FK_pd_child_interests_1` FOREIGN KEY (`id_children`) REFERENCES `pd_children` (`id_children`) ON DELETE CASCADE ON UPDATE CASCADE,
  ADD CONSTRAINT `FK_pd_child_interests_2` FOREIGN KEY (`id_interest`) REFERENCES `pd_interests` (`id_interest`) ON DELETE CASCADE ON UPDATE CASCADE;

--
-- Filtros para la tabla `pd_emergency`
--
ALTER TABLE `pd_emergency`
  ADD CONSTRAINT `FK_EMER_PARENT` FOREIGN KEY (`id_parent`) REFERENCES `pd_parents` (`id_parent`) ON DELETE CASCADE ON UPDATE CASCADE;

--
-- Filtros para la tabla `pd_emergency_contacts`
--
ALTER TABLE `pd_emergency_contacts`
  ADD CONSTRAINT `FK_CONTACT_PARENT` FOREIGN KEY (`id_parent`) REFERENCES `pd_parents` (`id_parent`) ON DELETE CASCADE;

--
-- Filtros para la tabla `pd_expenses`
--
ALTER TABLE `pd_expenses`
  ADD CONSTRAINT `FK_EXP_PARENT` FOREIGN KEY (`id_parent`) REFERENCES `pd_parents` (`id_parent`) ON DELETE CASCADE,
  ADD CONSTRAINT `FK_EXP_PLAYDATE` FOREIGN KEY (`id_playdate`) REFERENCES `pd_playdates` (`id_playdate`) ON DELETE CASCADE ON UPDATE CASCADE;

--
-- Filtros para la tabla `pd_groups_zipcodes`
--
ALTER TABLE `pd_groups_zipcodes`
  ADD CONSTRAINT `FK_GROUP_ZIP_GROUP` FOREIGN KEY (`id_group`) REFERENCES `pd_groups` (`id_group`) ON DELETE CASCADE ON UPDATE CASCADE,
  ADD CONSTRAINT `FK_GROUP_ZIP_ZIP` FOREIGN KEY (`id_zipcode`) REFERENCES `pd_zipcodes-old` (`id_zipcode`) ON DELETE CASCADE ON UPDATE CASCADE;

--
-- Filtros para la tabla `pd_group_interests`
--
ALTER TABLE `pd_group_interests`
  ADD CONSTRAINT `FK_pd_grp_interests_grp` FOREIGN KEY (`id_group`) REFERENCES `pd_groups` (`id_group`) ON DELETE CASCADE ON UPDATE CASCADE,
  ADD CONSTRAINT `FK_pd_grp_interests_int` FOREIGN KEY (`id_interest`) REFERENCES `pd_interests` (`id_interest`) ON DELETE CASCADE ON UPDATE CASCADE;

--
-- Filtros para la tabla `pd_group_media`
--
ALTER TABLE `pd_group_media`
  ADD CONSTRAINT `FK_MED_GRP` FOREIGN KEY (`id_group`) REFERENCES `pd_groups` (`id_group`) ON DELETE CASCADE ON UPDATE CASCADE,
  ADD CONSTRAINT `FK_MED_PAR` FOREIGN KEY (`id_parent`) REFERENCES `pd_parents` (`id_parent`) ON DELETE SET NULL ON UPDATE SET NULL,
  ADD CONSTRAINT `FK_MED_SPEC` FOREIGN KEY (`id_specialist`) REFERENCES `pd_specialists` (`id_specialist`) ON DELETE SET NULL ON UPDATE SET NULL;

--
-- Filtros para la tabla `pd_group_neighborhoods`
--
ALTER TABLE `pd_group_neighborhoods`
  ADD CONSTRAINT `FK_GRP_NEI_GRP` FOREIGN KEY (`id_group`) REFERENCES `pd_groups` (`id_group`) ON DELETE CASCADE ON UPDATE CASCADE,
  ADD CONSTRAINT `FK_GRP_NEI_NEI` FOREIGN KEY (`id_neighborhood`) REFERENCES `pd_neighborhoods` (`id_neighborhood`) ON DELETE CASCADE ON UPDATE CASCADE;

--
-- Filtros para la tabla `pd_group_parents`
--
ALTER TABLE `pd_group_parents`
  ADD CONSTRAINT `FK_GRP_PAR_GRP` FOREIGN KEY (`id_group`) REFERENCES `pd_groups` (`id_group`) ON DELETE CASCADE ON UPDATE CASCADE,
  ADD CONSTRAINT `FK_GRP_PAR_PAR` FOREIGN KEY (`id_parent`) REFERENCES `pd_parents` (`id_parent`) ON DELETE CASCADE ON UPDATE CASCADE;

--
-- Filtros para la tabla `pd_group_parents_invitations`
--
ALTER TABLE `pd_group_parents_invitations`
  ADD CONSTRAINT `FK_IDX_GRP_PAR_INV_GRP` FOREIGN KEY (`id_group`) REFERENCES `pd_groups` (`id_group`) ON DELETE CASCADE ON UPDATE CASCADE,
  ADD CONSTRAINT `FK_IDX_GRP_PAR_INV_PAR` FOREIGN KEY (`id_parent`) REFERENCES `pd_parents` (`id_parent`) ON DELETE CASCADE ON UPDATE CASCADE;

--
-- Filtros para la tabla `pd_group_parent_requests`
--
ALTER TABLE `pd_group_parent_requests`
  ADD CONSTRAINT `FK_IDX_GRP_PAR_REQ_GRP` FOREIGN KEY (`id_group`) REFERENCES `pd_groups` (`id_group`) ON DELETE CASCADE ON UPDATE CASCADE,
  ADD CONSTRAINT `FK_IDX_GRP_PAR_REQ_PAR` FOREIGN KEY (`id_parent`) REFERENCES `pd_parents` (`id_parent`) ON DELETE CASCADE ON UPDATE CASCADE;

--
-- Filtros para la tabla `pd_group_playdates`
--
ALTER TABLE `pd_group_playdates`
  ADD CONSTRAINT `FK_GRP_PL_GRP` FOREIGN KEY (`id_group`) REFERENCES `pd_groups` (`id_group`) ON DELETE CASCADE ON UPDATE CASCADE,
  ADD CONSTRAINT `FK_GRP_PL_PL` FOREIGN KEY (`id_playdate`) REFERENCES `pd_playdates` (`id_playdate`) ON DELETE CASCADE ON UPDATE CASCADE;

--
-- Filtros para la tabla `pd_group_specialists`
--
ALTER TABLE `pd_group_specialists`
  ADD CONSTRAINT `FK_GRP_SPE_GRP` FOREIGN KEY (`id_group`) REFERENCES `pd_groups` (`id_group`) ON DELETE CASCADE ON UPDATE CASCADE,
  ADD CONSTRAINT `FK_GRP_SPE_SPE` FOREIGN KEY (`id_specialist`) REFERENCES `pd_specialists` (`id_specialist`) ON DELETE CASCADE ON UPDATE CASCADE;

--
-- Filtros para la tabla `pd_group_specialist_invitations`
--
ALTER TABLE `pd_group_specialist_invitations`
  ADD CONSTRAINT `FK_IDX_GRP_SPE_INV_GRP` FOREIGN KEY (`id_group`) REFERENCES `pd_groups` (`id_group`) ON DELETE CASCADE ON UPDATE CASCADE,
  ADD CONSTRAINT `FK_IDX_GRP_SPE_INV_SPE` FOREIGN KEY (`id_specialist`) REFERENCES `pd_specialists` (`id_specialist`) ON DELETE CASCADE ON UPDATE CASCADE;

--
-- Filtros para la tabla `pd_group_specialist_requests`
--
ALTER TABLE `pd_group_specialist_requests`
  ADD CONSTRAINT `FK_IDX_GRP_SPE_REQ_GRP` FOREIGN KEY (`id_group`) REFERENCES `pd_groups` (`id_group`) ON DELETE CASCADE ON UPDATE CASCADE,
  ADD CONSTRAINT `FK_IDX_GRP_SPE_REQ_PAR` FOREIGN KEY (`id_specialist`) REFERENCES `pd_specialists` (`id_specialist`) ON DELETE CASCADE ON UPDATE CASCADE;

--
-- Filtros para la tabla `pd_image_catalog`
--
ALTER TABLE `pd_image_catalog`
  ADD CONSTRAINT `FK_IMG_INT` FOREIGN KEY (`id_interest`) REFERENCES `pd_interests` (`id_interest`) ON DELETE CASCADE ON UPDATE CASCADE,
  ADD CONSTRAINT `FK_IMG_TYPE` FOREIGN KEY (`id_typecare`) REFERENCES `pd_typecares` (`id_typecare`) ON DELETE CASCADE ON UPDATE CASCADE;

--
-- Filtros para la tabla `pd_itinerary`
--
ALTER TABLE `pd_itinerary`
  ADD CONSTRAINT `FK_ITI_PLAYDATE` FOREIGN KEY (`id_playdate`) REFERENCES `pd_playdates` (`id_playdate`) ON DELETE CASCADE ON UPDATE CASCADE;

--
-- Filtros para la tabla `pd_neighborhoods`
--
ALTER TABLE `pd_neighborhoods`
  ADD CONSTRAINT `FK_NEIGH_CITY` FOREIGN KEY (`id_city`) REFERENCES `pd_cities` (`id_city`) ON DELETE CASCADE ON UPDATE CASCADE;

--
-- Filtros para la tabla `pd_parents_zipcodes`
--
ALTER TABLE `pd_parents_zipcodes`
  ADD CONSTRAINT `FK_PARENT_ZIP_PARENT` FOREIGN KEY (`id_parent`) REFERENCES `pd_parents` (`id_parent`) ON DELETE CASCADE ON UPDATE CASCADE,
  ADD CONSTRAINT `FK_PARENT_ZIP_ZIP` FOREIGN KEY (`id_zipcode`) REFERENCES `pd_zipcodes-old` (`id_zipcode`) ON DELETE CASCADE ON UPDATE CASCADE;

--
-- Filtros para la tabla `pd_parent_neighborhoods`
--
ALTER TABLE `pd_parent_neighborhoods`
  ADD CONSTRAINT `FK_PAR_NEI_NEI` FOREIGN KEY (`id_neighborhood`) REFERENCES `pd_neighborhoods` (`id_neighborhood`) ON DELETE CASCADE ON UPDATE CASCADE,
  ADD CONSTRAINT `FK_PAR_NEI_PAR` FOREIGN KEY (`id_parent`) REFERENCES `pd_parents` (`id_parent`) ON DELETE CASCADE ON UPDATE CASCADE;

--
-- Filtros para la tabla `pd_payments`
--
ALTER TABLE `pd_payments`
  ADD CONSTRAINT `FK_PAY_PAR` FOREIGN KEY (`id_parent`) REFERENCES `pd_parents` (`id_parent`),
  ADD CONSTRAINT `FK_PAY_PLAY` FOREIGN KEY (`id_playdate`) REFERENCES `pd_playdates` (`id_playdate`),
  ADD CONSTRAINT `IDX_FK_PAY_SPEC` FOREIGN KEY (`id_specialist`) REFERENCES `pd_specialists` (`id_specialist`);

--
-- Filtros para la tabla `pd_playdates`
--
ALTER TABLE `pd_playdates`
  ADD CONSTRAINT `FK_PD_NEI` FOREIGN KEY (`id_neighborhood`) REFERENCES `pd_neighborhoods` (`id_neighborhood`) ON DELETE SET NULL ON UPDATE CASCADE,
  ADD CONSTRAINT `FK_pd_parent` FOREIGN KEY (`id_parent`) REFERENCES `pd_parents` (`id_parent`) ON DELETE SET NULL ON UPDATE CASCADE,
  ADD CONSTRAINT `FK_pd_PLAY_ZIPCODE` FOREIGN KEY (`loc_id_zipcode`) REFERENCES `pd_zipcodes-old` (`id_zipcode`) ON DELETE SET NULL ON UPDATE CASCADE;

--
-- Filtros para la tabla `pd_playdate_comments`
--
ALTER TABLE `pd_playdate_comments`
  ADD CONSTRAINT `FK_COMM_PARENT` FOREIGN KEY (`id_parent`) REFERENCES `pd_parents` (`id_parent`) ON DELETE CASCADE ON UPDATE CASCADE,
  ADD CONSTRAINT `FK_COMM_PLAY` FOREIGN KEY (`id_playdate`) REFERENCES `pd_playdates` (`id_playdate`) ON DELETE CASCADE ON UPDATE CASCADE,
  ADD CONSTRAINT `FK_COMM_SPEC` FOREIGN KEY (`id_specialist`) REFERENCES `pd_specialists` (`id_specialist`) ON DELETE CASCADE ON UPDATE CASCADE;

--
-- Filtros para la tabla `pd_playdate_interests`
--
ALTER TABLE `pd_playdate_interests`
  ADD CONSTRAINT `FK_pd_playdate_interests_1` FOREIGN KEY (`id_playdate`) REFERENCES `pd_playdates` (`id_playdate`) ON DELETE CASCADE ON UPDATE CASCADE,
  ADD CONSTRAINT `FK_pd_playdate_interests_2` FOREIGN KEY (`id_interest`) REFERENCES `pd_interests` (`id_interest`) ON DELETE CASCADE ON UPDATE CASCADE;

--
-- Filtros para la tabla `pd_playdate_neighborhoods`
--
ALTER TABLE `pd_playdate_neighborhoods`
  ADD CONSTRAINT `FK_PLAY_NEI_NEI` FOREIGN KEY (`id_neighborhood`) REFERENCES `pd_neighborhoods` (`id_neighborhood`) ON DELETE CASCADE ON UPDATE CASCADE,
  ADD CONSTRAINT `FK_PLAY_NEI_PLAY` FOREIGN KEY (`id_playdate`) REFERENCES `pd_playdates` (`id_playdate`) ON DELETE CASCADE ON UPDATE CASCADE;

--
-- Filtros para la tabla `pd_playdate_parent_reservation`
--
ALTER TABLE `pd_playdate_parent_reservation`
  ADD CONSTRAINT `FK_RSV_PARENT` FOREIGN KEY (`id_parent`) REFERENCES `pd_parents` (`id_parent`) ON DELETE CASCADE ON UPDATE CASCADE,
  ADD CONSTRAINT `FK_RSV_PLAYDATE` FOREIGN KEY (`id_playdate`) REFERENCES `pd_playdates` (`id_playdate`) ON DELETE CASCADE ON UPDATE CASCADE;

--
-- Filtros para la tabla `pd_playdate_requests`
--
ALTER TABLE `pd_playdate_requests`
  ADD CONSTRAINT `FK_REQ_PARENT` FOREIGN KEY (`id_parent`) REFERENCES `pd_parents` (`id_parent`) ON DELETE CASCADE ON UPDATE CASCADE;

--
-- Filtros para la tabla `pd_playdate_supporters`
--
ALTER TABLE `pd_playdate_supporters`
  ADD CONSTRAINT `FK_PLAYSUP_PLAY` FOREIGN KEY (`id_playdate`) REFERENCES `pd_playdates` (`id_playdate`) ON DELETE CASCADE ON UPDATE CASCADE,
  ADD CONSTRAINT `FK_PLAYSUP_SPEC` FOREIGN KEY (`id_specialist`) REFERENCES `pd_specialists` (`id_specialist`) ON DELETE CASCADE ON UPDATE CASCADE;

--
-- Filtros para la tabla `pd_playdate_typecares`
--
ALTER TABLE `pd_playdate_typecares`
  ADD CONSTRAINT `FK_pd_playdate_typecares_1` FOREIGN KEY (`id_playdate`) REFERENCES `pd_playdates` (`id_playdate`) ON DELETE CASCADE ON UPDATE CASCADE,
  ADD CONSTRAINT `FK_pd_playdate_typecares_2` FOREIGN KEY (`id_typecare`) REFERENCES `pd_typecares` (`id_typecare`) ON DELETE CASCADE ON UPDATE CASCADE;

--
-- Filtros para la tabla `pd_playdate_updates`
--
ALTER TABLE `pd_playdate_updates`
  ADD CONSTRAINT `FK_UPD_PLAY` FOREIGN KEY (`id_playdate`) REFERENCES `pd_playdates` (`id_playdate`) ON DELETE CASCADE ON UPDATE CASCADE;

--
-- Filtros para la tabla `pd_purchases`
--
ALTER TABLE `pd_purchases`
  ADD CONSTRAINT `FK_PUR_PARENT` FOREIGN KEY (`id_parent`) REFERENCES `pd_parents` (`id_parent`) ON DELETE CASCADE ON UPDATE CASCADE;

--
-- Filtros para la tabla `pd_ratings`
--
ALTER TABLE `pd_ratings`
  ADD CONSTRAINT `FK_RAT_PARENT` FOREIGN KEY (`id_parent`) REFERENCES `pd_parents` (`id_parent`) ON DELETE CASCADE ON UPDATE CASCADE,
  ADD CONSTRAINT `FK_RAT_PD` FOREIGN KEY (`id_playdate`) REFERENCES `pd_playdates` (`id_playdate`) ON DELETE CASCADE ON UPDATE CASCADE,
  ADD CONSTRAINT `FK_RAT_SPEC` FOREIGN KEY (`id_specialist`) REFERENCES `pd_specialists` (`id_specialist`) ON DELETE CASCADE ON UPDATE CASCADE;

--
-- Filtros para la tabla `pd_request_children`
--
ALTER TABLE `pd_request_children`
  ADD CONSTRAINT `FK_REQ_CH_CH` FOREIGN KEY (`id_children`) REFERENCES `pd_children` (`id_children`) ON DELETE CASCADE ON UPDATE CASCADE,
  ADD CONSTRAINT `FK_REQ_CH_REQ` FOREIGN KEY (`id_request`) REFERENCES `pd_playdate_requests` (`id_request`) ON DELETE CASCADE ON UPDATE CASCADE;

--
-- Filtros para la tabla `pd_request_children_old`
--
ALTER TABLE `pd_request_children_old`
  ADD CONSTRAINT `FK_REQ_CHILDREN` FOREIGN KEY (`id_children`) REFERENCES `pd_children` (`id_children`) ON DELETE CASCADE ON UPDATE CASCADE,
  ADD CONSTRAINT `FK_REQ_REQUEST` FOREIGN KEY (`id_request`) REFERENCES `pd_playdate_requests` (`id_request`) ON DELETE CASCADE ON UPDATE CASCADE;

--
-- Filtros para la tabla `pd_request_interests`
--
ALTER TABLE `pd_request_interests`
  ADD CONSTRAINT `FK_pd_request_interests_1` FOREIGN KEY (`id_request`) REFERENCES `pd_playdate_requests` (`id_request`) ON DELETE CASCADE ON UPDATE CASCADE,
  ADD CONSTRAINT `FK_pd_request_interests_2` FOREIGN KEY (`id_interest`) REFERENCES `pd_interests` (`id_interest`) ON DELETE CASCADE ON UPDATE CASCADE;

--
-- Filtros para la tabla `pd_request_neighborhoods`
--
ALTER TABLE `pd_request_neighborhoods`
  ADD CONSTRAINT `FK_REQ_NEI_NEI` FOREIGN KEY (`id_neighborhood`) REFERENCES `pd_neighborhoods` (`id_neighborhood`) ON DELETE CASCADE ON UPDATE CASCADE,
  ADD CONSTRAINT `FK_REQ_NEI_REQ` FOREIGN KEY (`id_request`) REFERENCES `pd_playdate_requests` (`id_request`) ON DELETE CASCADE ON UPDATE CASCADE;

--
-- Filtros para la tabla `pd_request_specialist`
--
ALTER TABLE `pd_request_specialist`
  ADD CONSTRAINT `FK_REQ_SPEC_REQUEST` FOREIGN KEY (`id_request`) REFERENCES `pd_playdate_requests` (`id_request`) ON DELETE CASCADE ON UPDATE CASCADE,
  ADD CONSTRAINT `FK_REQ_SPEC_SPEC` FOREIGN KEY (`id_specialist`) REFERENCES `pd_specialists` (`id_specialist`) ON DELETE CASCADE ON UPDATE CASCADE;

--
-- Filtros para la tabla `pd_request_specialists`
--
ALTER TABLE `pd_request_specialists`
  ADD CONSTRAINT `FK_REQSPEC_REQ` FOREIGN KEY (`id_request`) REFERENCES `pd_playdate_requests` (`id_request`) ON DELETE CASCADE ON UPDATE CASCADE,
  ADD CONSTRAINT `FK_REQSPEC_SPEC` FOREIGN KEY (`id_specialist`) REFERENCES `pd_specialists` (`id_specialist`) ON DELETE CASCADE ON UPDATE CASCADE;

--
-- Filtros para la tabla `pd_reservation_children`
--
ALTER TABLE `pd_reservation_children`
  ADD CONSTRAINT `FK_RES_CH_CH` FOREIGN KEY (`id_children`) REFERENCES `pd_children` (`id_children`),
  ADD CONSTRAINT `FK_RES_CH_RES` FOREIGN KEY (`id_reservation`) REFERENCES `pd_playdate_parent_reservation` (`id_reservation`) ON DELETE CASCADE ON UPDATE CASCADE;

--
-- Filtros para la tabla `pd_specialists_zipcodes`
--
ALTER TABLE `pd_specialists_zipcodes`
  ADD CONSTRAINT `FK_SPEC_ZIP_SPEC` FOREIGN KEY (`id_specialist`) REFERENCES `pd_specialists` (`id_specialist`) ON DELETE CASCADE ON UPDATE CASCADE,
  ADD CONSTRAINT `FK_SPEC_ZIP_ZIP` FOREIGN KEY (`id_zipcode`) REFERENCES `pd_zipcodes-old` (`id_zipcode`) ON DELETE CASCADE ON UPDATE CASCADE;

--
-- Filtros para la tabla `pd_specialist_neighborhoods`
--
ALTER TABLE `pd_specialist_neighborhoods`
  ADD CONSTRAINT `FK_SPE_NEI_NEI` FOREIGN KEY (`id_neighborhood`) REFERENCES `pd_neighborhoods` (`id_neighborhood`) ON DELETE CASCADE ON UPDATE CASCADE,
  ADD CONSTRAINT `FK_SPE_NEI_SPE` FOREIGN KEY (`id_specialist`) REFERENCES `pd_specialists` (`id_specialist`) ON DELETE CASCADE ON UPDATE CASCADE;

--
-- Filtros para la tabla `pd_zipcodes`
--
ALTER TABLE `pd_zipcodes`
  ADD CONSTRAINT `FK_ZIP_NEIGH` FOREIGN KEY (`id_neighborhood`) REFERENCES `pd_neighborhoods` (`id_neighborhood`) ON DELETE CASCADE ON UPDATE CASCADE;
SET FOREIGN_KEY_CHECKS=1;
COMMIT;

/*!40101 SET CHARACTER_SET_CLIENT=@OLD_CHARACTER_SET_CLIENT */;
/*!40101 SET CHARACTER_SET_RESULTS=@OLD_CHARACTER_SET_RESULTS */;
/*!40101 SET COLLATION_CONNECTION=@OLD_COLLATION_CONNECTION */;
